{
	"credit": "Made by Raycifer",
	"ambientocclusion": false,
	"textures": {
		"0": "./staff_of_homa"
	},
	"elements": [
		{
			"from": [4, 10.5, 8],
			"to": [11.5, 29.5, 8.001],
			"rotation": {"angle": 0, "axis": "y", "origin": [8, 17.75, 11.5]},
			"faces": {
				"north": {"uv": [0.25, 0, 4, 9.5], "texture": "#0"},
				"east": {"uv": [0, 0, 0, 0], "texture": "#0"},
				"south": {"uv": [0.25, 0, 4, 9.5], "texture": "#0"},
				"west": {"uv": [0, 0, 0, 0], "texture": "#0"},
				"up": {"uv": [0, 0, 0, 0], "texture": "#0"},
				"down": {"uv": [11.75, 5.5, 11.75, 5.5], "texture": "#0"}
			}
		},
		{
			"from": [7, 4.5, 7.5],
			"to": [8.5, 11, 8.5],
			"rotation": {"angle": 0, "axis": "y", "origin": [7, 4.5, 7.5]},
			"faces": {
				"north": {"uv": [9, 9.5, 9.75, 12.75], "texture": "#0"},
				"east": {"uv": [9.75, 9.5, 10, 12.75], "texture": "#0"},
				"south": {"uv": [9, 9.5, 9.75, 12.75], "texture": "#0"},
				"west": {"uv": [9.75, 9.5, 10, 12.75], "texture": "#0"},
				"up": {"uv": [0, 0, 1, 1], "texture": "#0"},
				"down": {"uv": [0, 0, 1, 1], "texture": "#0"}
			}
		},
		{
			"from": [7, -8, 7.5],
			"to": [8.5, 4.5, 8.5],
			"rotation": {"angle": 0, "axis": "y", "origin": [0, -6.25, 0]},
			"faces": {
				"north": {"uv": [5, 2.5, 5.75, 8.75], "texture": "#0"},
				"east": {"uv": [5.5, 2.5, 5.75, 8.75], "texture": "#0"},
				"south": {"uv": [5, 2.5, 5.75, 8.75], "texture": "#0"},
				"west": {"uv": [5.5, 2.5, 5.75, 8.75], "texture": "#0"},
				"up": {"uv": [10, 0, 11.5, 1], "texture": "#0"},
				"down": {"uv": [10, 0, 11.5, 1], "texture": "#0"}
			}
		},
		{
			"from": [7, 11, 7.25],
			"to": [8.5, 15.5, 8.75],
			"rotation": {"angle": 0, "axis": "y", "origin": [0, 0.25, 0]},
			"faces": {
				"north": {"uv": [5, 0.25, 5.75, 2.5], "texture": "#0"},
				"east": {"uv": [5, 0.25, 5.75, 2.5], "texture": "#0"},
				"south": {"uv": [5, 0.25, 5.75, 2.5], "texture": "#0"},
				"west": {"uv": [5, 0.25, 5.75, 2.5], "texture": "#0"},
				"up": {"uv": [9, 1, 9.75, 1.75], "texture": "#0"},
				"down": {"uv": [9, 1.75, 9.75, 2.5], "texture": "#0"}
			}
		},
		{
			"from": [6, 15.5, 6.25],
			"to": [9.5, 17, 9.75],
			"rotation": {"angle": 0, "axis": "y", "origin": [0, 0.25, 0]},
			"faces": {
				"north": {"uv": [8.5, 2.75, 10.1875, 3.5], "texture": "#0"},
				"east": {"uv": [8.5, 2.75, 10.1875, 3.5], "texture": "#0"},
				"south": {"uv": [8.5, 2.75, 10.1875, 3.5], "texture": "#0"},
				"west": {"uv": [8.5, 2.75, 10.1875, 3.5], "texture": "#0"},
				"up": {"uv": [8.5125, 3.75, 10.25, 5.5], "texture": "#0"},
				"down": {"uv": [8.5125, 5.5, 10.25, 7.25], "texture": "#0"}
			}
		},
		{
			"from": [7.5, 17, 7.75],
			"to": [8, 18.5, 8.25],
			"rotation": {"angle": 0, "axis": "y", "origin": [0, 0.25, 0]},
			"faces": {
				"north": {"uv": [7.5, 2.75, 7.25, 3.5], "texture": "#0"},
				"east": {"uv": [7.5, 2.75, 7.25, 3.5], "texture": "#0"},
				"south": {"uv": [7.5, 2.75, 7.25, 3.5], "texture": "#0"},
				"west": {"uv": [7.5, 2.75, 7.25, 3.5], "texture": "#0"},
				"up": {"uv": [7.5, 2.75, 7.25, 3.5], "texture": "#0"},
				"down": {"uv": [7.5, 2.75, 7.25, 3.5], "texture": "#0"}
			}
		},
		{
			"from": [7, 18.5, 7.25],
			"to": [8.5, 20, 8.75],
			"rotation": {"angle": 0, "axis": "y", "origin": [0, 0.25, 0]},
			"faces": {
				"north": {"uv": [7, 2, 7.75, 2.75], "texture": "#0"},
				"east": {"uv": [7, 2, 7.75, 2.75], "texture": "#0"},
				"south": {"uv": [7, 2, 7.75, 2.75], "texture": "#0"},
				"west": {"uv": [7, 2, 7.75, 2.75], "texture": "#0"},
				"up": {"uv": [9, 1, 9.75, 1.75], "texture": "#0"},
				"down": {"uv": [9, 0.25, 9.75, 1], "texture": "#0"}
			}
		},
		{
			"from": [6.5, 21, 7.5],
			"to": [7, 22.5, 8.5],
			"rotation": {"angle": 0, "axis": "y", "origin": [0, 0.25, 0]},
			"faces": {
				"north": {"uv": [6.75, 0.75, 7, 1.5], "texture": "#0"},
				"east": {"uv": [6.75, 0.75, 7, 1.5], "texture": "#0"},
				"south": {"uv": [6.75, 0.75, 7, 1.5], "texture": "#0"},
				"west": {"uv": [6.75, 0.75, 7, 1.5], "texture": "#0"},
				"up": {"uv": [6.75, 0.75, 7, 1], "texture": "#0"},
				"down": {"uv": [6.75, 1.25, 7, 1.5], "texture": "#0"}
			}
		},
		{
			"from": [8.5, 21, 7.5],
			"to": [9, 22.5, 8.5],
			"rotation": {"angle": 0, "axis": "y", "origin": [0, 0.25, 0]},
			"faces": {
				"north": {"uv": [6.75, 0.75, 7, 1.5], "texture": "#0"},
				"east": {"uv": [6.75, 0.75, 7, 1.5], "texture": "#0"},
				"south": {"uv": [6.75, 0.75, 7, 1.5], "texture": "#0"},
				"west": {"uv": [6.75, 0.75, 7, 1.5], "texture": "#0"},
				"up": {"uv": [6.75, 0.75, 7, 1], "texture": "#0"},
				"down": {"uv": [6.75, 1.25, 7, 1.5], "texture": "#0"}
			}
		},
		{
			"from": [7, 20.5, 7.5],
			"to": [8.5, 21, 8.5],
			"rotation": {"angle": 0, "axis": "y", "origin": [0, 0.25, 0]},
			"faces": {
				"north": {"uv": [7, 1.5, 7.75, 1.75], "texture": "#0"},
				"east": {"uv": [7, 1.5, 7.75, 1.75], "texture": "#0"},
				"south": {"uv": [7, 1.5, 7.75, 1.75], "texture": "#0"},
				"west": {"uv": [7, 1.5, 7.75, 1.75], "texture": "#0"},
				"up": {"uv": [7, 1.5, 7.75, 1.75], "texture": "#0"},
				"down": {"uv": [7, 1.5, 7.75, 1.75], "texture": "#0"}
			}
		},
		{
			"from": [7, 22.5, 7.5],
			"to": [8.5, 23, 8.5],
			"rotation": {"angle": 0, "axis": "y", "origin": [0, 0.25, 0]},
			"faces": {
				"north": {"uv": [7, 0.5, 7.75, 0.75], "texture": "#0"},
				"east": {"uv": [7, 0.5, 7.75, 0.75], "texture": "#0"},
				"south": {"uv": [7, 0.5, 7.75, 0.75], "texture": "#0"},
				"west": {"uv": [7, 0.5, 7.75, 0.75], "texture": "#0"},
				"up": {"uv": [7, 0.5, 7.75, 0.75], "texture": "#0"},
				"down": {"uv": [7, 0.5, 7.75, 0.75], "texture": "#0"}
			}
		},
		{
			"from": [7, 23, 7.75],
			"to": [8.5, 23.5, 8.25],
			"rotation": {"angle": 0, "axis": "y", "origin": [0, 0.25, 0]},
			"faces": {
				"north": {"uv": [7, 0.25, 7.75, 0.5], "texture": "#0"},
				"east": {"uv": [7, 0.25, 7.25, 0.5], "texture": "#0"},
				"south": {"uv": [7, 0.25, 7.75, 0.5], "texture": "#0"},
				"west": {"uv": [7, 0.25, 7.25, 0.5], "texture": "#0"},
				"up": {"uv": [7, 0.25, 7.75, 0.5], "texture": "#0"},
				"down": {"uv": [7, 0.25, 7.75, 0.5], "texture": "#0"}
			}
		},
		{
			"from": [7, 21, 7.75],
			"to": [8.5, 22.5, 8.25],
			"rotation": {"angle": 0, "axis": "y", "origin": [0, 0.25, 0]},
			"faces": {
				"north": {"uv": [7, 0.75, 7.75, 1.5], "texture": "#0"},
				"east": {"uv": [7.5, 0.75, 7.75, 1.5], "texture": "#0"},
				"south": {"uv": [7, 0.75, 7.75, 1.5], "texture": "#0"},
				"west": {"uv": [7.5, 0.75, 7.75, 1.5], "texture": "#0"},
				"up": {"uv": [1.5, 5.75, 1.875, 5.875], "texture": "#0"},
				"down": {"uv": [1.5, 5.75, 1.875, 5.875], "texture": "#0"}
			}
		},
		{
			"from": [7, -9, 7.25],
			"to": [8.5, -8, 8.75],
			"rotation": {"angle": 0, "axis": "y", "origin": [0, -5, 0]},
			"faces": {
				"north": {"uv": [5, 8.75, 5.75, 9.25], "texture": "#0"},
				"east": {"uv": [5, 8.75, 5.75, 9.25], "texture": "#0"},
				"south": {"uv": [5, 8.75, 5.75, 9.25], "texture": "#0"},
				"west": {"uv": [5, 8.75, 5.75, 9.25], "texture": "#0"},
				"up": {"uv": [5, 8.75, 5.75, 9], "texture": "#0"},
				"down": {"uv": [9, 8.5, 9.75, 9.25], "texture": "#0"}
			}
		},
		{
			"from": [6.5, -10.5, 6.75],
			"to": [9, -9, 9.25],
			"rotation": {"angle": 0, "axis": "y", "origin": [0, -7, 0]},
			"faces": {
				"north": {"uv": [4.75, 9.25, 6, 10], "texture": "#0"},
				"east": {"uv": [4.75, 9.25, 6, 10], "texture": "#0"},
				"south": {"uv": [4.75, 9.25, 6, 10], "texture": "#0"},
				"west": {"uv": [4.75, 9.25, 6, 10], "texture": "#0"},
				"up": {"uv": [8.75, 7.25, 10, 8.5], "texture": "#0"},
				"down": {"uv": [8.75, 7.25, 10, 8.5], "texture": "#0"}
			}
		},
		{
			"from": [7, -11.5, 7.25],
			"to": [8.5, -10.5, 8.75],
			"rotation": {"angle": 0, "axis": "y", "origin": [0, -5, 0]},
			"faces": {
				"north": {"uv": [5, 10, 5.75, 10.5], "texture": "#0"},
				"east": {"uv": [5, 10, 5.75, 10.5], "texture": "#0"},
				"south": {"uv": [5, 10, 5.75, 10.5], "texture": "#0"},
				"west": {"uv": [5, 10, 5.75, 10.5], "texture": "#0"},
				"up": {"uv": [5, 10, 5.75, 10.25], "texture": "#0"},
				"down": {"uv": [5, 10.25, 5.75, 10.5], "texture": "#0"}
			}
		},
		{
			"from": [7.5, -13, 8],
			"to": [8, -11.5, 8.001],
			"rotation": {"angle": 0, "axis": "y", "origin": [0, -5, 0]},
			"faces": {
				"north": {"uv": [5.25, 10.5, 5.5, 11.25], "texture": "#0"},
				"east": {"uv": [0, 0, 0, 0], "texture": "#0"},
				"south": {"uv": [5.25, 10.5, 5.5, 11.25], "texture": "#0"},
				"west": {"uv": [0, 0, 0, 0], "texture": "#0"},
				"up": {"uv": [0, 0, 0, 0], "texture": "#0"},
				"down": {"uv": [0, 0, 0, 0], "texture": "#0"}
			}
		}
	],
	"display": {
		"thirdperson_righthand": {
			"rotation": [67.5, 0, -22.5],
			"translation": [-4, -7.5, 15],
			"scale": [1.5, 1.5, 1.5]
		},
		"thirdperson_lefthand": {
			"rotation": [67.5, 0, 22.5],
			"translation": [-7, -7.5, 15],
			"scale": [1.5, 1.5, 1.5]
		},
		"firstperson_righthand": {
			"rotation": [10, 90, 0],
			"translation": [7, -5, -5],
			"scale": [1.4, 1.4, 1.4]
		},
		"firstperson_lefthand": {
			"rotation": [10, -90, 0],
			"translation": [7, -5, -5],
			"scale": [1.4, 1.4, 1.4]
		},
		"ground": {
			"rotation": [45, 45, 0],
			"translation": [0, 4, 0],
			"scale": [0.8, 0.8, 0.8]
		},
		"gui": {
			"rotation": [-20, 160, 30],
			"translation": [1, 1, 0],
			"scale": [0.8, 0.8, 0.8]
		},
		"head": {
			"rotation": [13, 167, 146],
			"translation": [-22, 32, 3],
			"scale": [2, 2, 2]
		},
		"fixed": {
			"translation": [0, -0.75, -1],
			"scale": [0.85, 0.85, 0.85]
		}
	}
}