{
	"credit": "Made by Raycifer",
	"texture_size": [32, 32],
	"textures": {
		"1": "./primordial_jade_winged_spear"
	},
	"elements": [
		{
			"name": "blade",
			"from": [3.25, 10.5, 8],
			"to": [12.75, 32, 8.001],
			"faces": {
				"north": {"uv": [1.25, 0, 6, 10.75], "texture": "#1"},
				"east": {"uv": [0, 0, 0, 5.75], "texture": "#1"},
				"south": {"uv": [1.25, 0, 6, 10.75], "texture": "#1"},
				"west": {"uv": [0, 0, 0, 5.75], "texture": "#1"},
				"up": {"uv": [0, 0, 1.1875, 0], "texture": "#1"},
				"down": {"uv": [0, 0, 1.1875, 0], "texture": "#1"}
			}
		},
		{
			"from": [10.75, 15.5, 7.75],
			"to": [12.25, 18.5, 8.25],
			"faces": {
				"north": {"uv": [11.25, 1, 10.5, 2.5], "texture": "#1"},
				"east": {"uv": [11, 1, 11.25, 2.5], "texture": "#1"},
				"south": {"uv": [10.5, 1, 11.25, 2.5], "texture": "#1"},
				"west": {"uv": [10.5, 1, 10.75, 2.5], "texture": "#1"},
				"up": {"uv": [10.5, 1, 11.25, 1.25], "texture": "#1"},
				"down": {"uv": [10.5, 2.25, 11.25, 2.5], "texture": "#1"}
			}
		},
		{
			"from": [11.25, 18.5, 7.75],
			"to": [12.25, 19.5, 8.25],
			"faces": {
				"north": {"uv": [11.25, 0.5, 10.75, 1], "texture": "#1"},
				"east": {"uv": [11, 0.5, 11.25, 1], "texture": "#1"},
				"south": {"uv": [10.75, 0.5, 11.25, 1], "texture": "#1"},
				"west": {"uv": [10.75, 0.5, 11, 1], "texture": "#1"},
				"up": {"uv": [10.75, 0.5, 11.25, 0.75], "texture": "#1"},
				"down": {"uv": [10.75, 0.75, 11.25, 1], "texture": "#1"}
			}
		},
		{
			"from": [12.25, 16.5, 7.75],
			"to": [12.75, 18.5, 8.25],
			"faces": {
				"north": {"uv": [11.25, 1, 11.5, 2], "texture": "#1"},
				"east": {"uv": [11.25, 1, 11.5, 2], "texture": "#1"},
				"south": {"uv": [11.25, 1, 11.5, 2], "texture": "#1"},
				"west": {"uv": [11.25, 1, 11.5, 2], "texture": "#1"},
				"up": {"uv": [11.25, 1, 11.5, 1.25], "texture": "#1"},
				"down": {"uv": [11.25, 1.75, 11.5, 2], "texture": "#1"}
			}
		},
		{
			"from": [11.25, 19.5, 7.75],
			"to": [11.75, 20, 8.25],
			"faces": {
				"north": {"uv": [10.75, 0.25, 11, 0.5], "texture": "#1"},
				"east": {"uv": [10.75, 0.25, 11, 0.5], "texture": "#1"},
				"south": {"uv": [10.75, 0.25, 11, 0.5], "texture": "#1"},
				"west": {"uv": [10.75, 0.25, 11, 0.5], "texture": "#1"},
				"up": {"uv": [10.75, 0.25, 11, 0.5], "texture": "#1"},
				"down": {"uv": [10.75, 0.25, 11, 0.5], "texture": "#1"}
			}
		},
		{
			"from": [10.75, 15, 7.75],
			"to": [11.25, 15.5, 8.25],
			"faces": {
				"north": {"uv": [10.5, 2.5, 10.75, 2.75], "texture": "#1"},
				"east": {"uv": [10.5, 2.5, 10.75, 2.75], "texture": "#1"},
				"south": {"uv": [10.5, 2.5, 10.75, 2.75], "texture": "#1"},
				"west": {"uv": [10.5, 2.5, 10.75, 2.75], "texture": "#1"},
				"up": {"uv": [10.5, 2.5, 10.75, 2.75], "texture": "#1"},
				"down": {"uv": [10.5, 2.5, 10.75, 2.75], "texture": "#1"}
			}
		},
		{
			"from": [9.75, 14, 7.75],
			"to": [10.25, 14.5, 8.25],
			"faces": {
				"north": {"uv": [10, 3, 10.25, 3.25], "texture": "#1"},
				"east": {"uv": [10, 3, 10.25, 3.25], "texture": "#1"},
				"south": {"uv": [10, 3, 10.25, 3.25], "texture": "#1"},
				"west": {"uv": [10, 3, 10.25, 3.25], "texture": "#1"},
				"up": {"uv": [10, 3, 10.25, 3.25], "texture": "#1"},
				"down": {"uv": [10, 3, 10.25, 3.25], "texture": "#1"}
			}
		},
		{
			"from": [10.25, 13.5, 7.75],
			"to": [11.25, 14.5, 8.25],
			"faces": {
				"north": {"uv": [10.75, 3, 10.25, 3.5], "texture": "#1"},
				"east": {"uv": [10.75, 3, 10.5, 3.5], "texture": "#1"},
				"south": {"uv": [10.25, 3, 10.75, 3.5], "texture": "#1"},
				"west": {"uv": [10.5, 3, 10.25, 3.5], "texture": "#1"},
				"up": {"uv": [10.25, 3, 10.75, 3.25], "texture": "#1"},
				"down": {"uv": [10.25, 3.25, 10.75, 3.5], "texture": "#1"}
			}
		},
		{
			"from": [10.25, 17, 7.75],
			"to": [10.75, 18, 8.25],
			"faces": {
				"north": {"uv": [10.5, 1.25, 10.25, 1.75], "texture": "#1"},
				"east": {"uv": [10.5, 1.25, 10.25, 1.75], "texture": "#1"},
				"south": {"uv": [10.5, 1.25, 10.25, 1.75], "texture": "#1"},
				"west": {"uv": [10.5, 1.25, 10.25, 1.75], "texture": "#1"},
				"up": {"uv": [10.5, 1.25, 10.25, 1.75], "texture": "#1"},
				"down": {"uv": [10.5, 1.25, 10.25, 1.75], "texture": "#1"}
			}
		},
		{
			"from": [9.75, 17, 7.75],
			"to": [10.25, 17.5, 8.25],
			"faces": {
				"north": {"uv": [10.25, 1.5, 10, 1.75], "texture": "#1"},
				"east": {"uv": [10.25, 1.5, 10, 1.75], "texture": "#1"},
				"south": {"uv": [10.25, 1.5, 10, 1.75], "texture": "#1"},
				"west": {"uv": [10.25, 1.5, 10, 1.75], "texture": "#1"},
				"up": {"uv": [10.25, 1.5, 10, 1.75], "texture": "#1"},
				"down": {"uv": [10.25, 1.5, 10, 1.75], "texture": "#1"}
			}
		},
		{
			"from": [8.75, 14.5, 7.75],
			"to": [10.75, 17, 8.25],
			"rotation": {"angle": 0, "axis": "y", "origin": [16, 0, 0]},
			"faces": {
				"north": {"uv": [10.5, 1.75, 9.5, 3], "texture": "#1"},
				"east": {"uv": [10.5, 1.75, 10.25, 3], "texture": "#1"},
				"south": {"uv": [9.5, 1.75, 10.5, 3], "texture": "#1"},
				"west": {"uv": [9.75, 1.75, 9.5, 3], "texture": "#1"},
				"up": {"uv": [9.5, 1.75, 10.5, 2], "texture": "#1"},
				"down": {"uv": [9.5, 2.75, 10.5, 3], "texture": "#1"}
			}
		},
		{
			"from": [3.75, 15.5, 7.75],
			"to": [5.25, 18.5, 8.25],
			"rotation": {"angle": 0, "axis": "y", "origin": [16, 0, 0]},
			"faces": {
				"north": {"uv": [10.5, 1, 11.25, 2.5], "texture": "#1"},
				"east": {"uv": [10.75, 1, 10.5, 2.5], "texture": "#1"},
				"south": {"uv": [11.25, 1, 10.5, 2.5], "texture": "#1"},
				"west": {"uv": [11.25, 1, 11, 2.5], "texture": "#1"},
				"up": {"uv": [11.25, 1, 10.5, 1.25], "texture": "#1"},
				"down": {"uv": [11.25, 2.25, 10.5, 2.5], "texture": "#1"}
			}
		},
		{
			"from": [3.75, 18.5, 7.75],
			"to": [4.75, 19.5, 8.25],
			"rotation": {"angle": 0, "axis": "y", "origin": [16, 0, 0]},
			"faces": {
				"north": {"uv": [10.75, 0.5, 11.25, 1], "texture": "#1"},
				"east": {"uv": [11, 0.5, 10.75, 1], "texture": "#1"},
				"south": {"uv": [11.25, 0.5, 10.75, 1], "texture": "#1"},
				"west": {"uv": [11.25, 0.5, 11, 1], "texture": "#1"},
				"up": {"uv": [11.25, 0.5, 10.75, 0.75], "texture": "#1"},
				"down": {"uv": [11.25, 0.75, 10.75, 1], "texture": "#1"}
			}
		},
		{
			"from": [3.25, 16.5, 7.75],
			"to": [3.75, 18.5, 8.25],
			"rotation": {"angle": 0, "axis": "y", "origin": [16, 0, 0]},
			"faces": {
				"north": {"uv": [11.5, 1, 11.25, 2], "texture": "#1"},
				"east": {"uv": [11.5, 1, 11.25, 2], "texture": "#1"},
				"south": {"uv": [11.5, 1, 11.25, 2], "texture": "#1"},
				"west": {"uv": [11.5, 1, 11.25, 2], "texture": "#1"},
				"up": {"uv": [11.5, 1, 11.25, 1.25], "texture": "#1"},
				"down": {"uv": [11.5, 1.75, 11.25, 2], "texture": "#1"}
			}
		},
		{
			"from": [4.25, 19.5, 7.75],
			"to": [4.75, 20, 8.25],
			"rotation": {"angle": 0, "axis": "y", "origin": [16, 0, 0]},
			"faces": {
				"north": {"uv": [11, 0.25, 10.75, 0.5], "texture": "#1"},
				"east": {"uv": [11, 0.25, 10.75, 0.5], "texture": "#1"},
				"south": {"uv": [11, 0.25, 10.75, 0.5], "texture": "#1"},
				"west": {"uv": [11, 0.25, 10.75, 0.5], "texture": "#1"},
				"up": {"uv": [11, 0.25, 10.75, 0.5], "texture": "#1"},
				"down": {"uv": [11, 0.25, 10.75, 0.5], "texture": "#1"}
			}
		},
		{
			"from": [4.75, 15, 7.75],
			"to": [5.25, 15.5, 8.25],
			"rotation": {"angle": 0, "axis": "y", "origin": [16, 0, 0]},
			"faces": {
				"north": {"uv": [10.75, 2.5, 10.5, 2.75], "texture": "#1"},
				"east": {"uv": [10.75, 2.5, 10.5, 2.75], "texture": "#1"},
				"south": {"uv": [10.75, 2.5, 10.5, 2.75], "texture": "#1"},
				"west": {"uv": [10.75, 2.5, 10.5, 2.75], "texture": "#1"},
				"up": {"uv": [10.75, 2.5, 10.5, 2.75], "texture": "#1"},
				"down": {"uv": [10.75, 2.5, 10.5, 2.75], "texture": "#1"}
			}
		},
		{
			"from": [5.75, 14, 7.75],
			"to": [6.25, 14.5, 8.25],
			"rotation": {"angle": 0, "axis": "y", "origin": [16, 0, 0]},
			"faces": {
				"north": {"uv": [10.25, 3, 10, 3.25], "texture": "#1"},
				"east": {"uv": [10.25, 3, 10, 3.25], "texture": "#1"},
				"south": {"uv": [10.25, 3, 10, 3.25], "texture": "#1"},
				"west": {"uv": [10.25, 3, 10, 3.25], "texture": "#1"},
				"up": {"uv": [10.25, 3, 10, 3.25], "texture": "#1"},
				"down": {"uv": [10.25, 3, 10, 3.25], "texture": "#1"}
			}
		},
		{
			"from": [4.75, 13.5, 7.75],
			"to": [5.75, 14.5, 8.25],
			"rotation": {"angle": 0, "axis": "y", "origin": [16, 0, 0]},
			"faces": {
				"north": {"uv": [10.25, 3, 10.75, 3.5], "texture": "#1"},
				"east": {"uv": [10.25, 3, 10.5, 3.5], "texture": "#1"},
				"south": {"uv": [10.75, 3, 10.25, 3.5], "texture": "#1"},
				"west": {"uv": [10.5, 3, 10.75, 3.5], "texture": "#1"},
				"up": {"uv": [10.75, 3, 10.25, 3.25], "texture": "#1"},
				"down": {"uv": [10.75, 3.25, 10.25, 3.5], "texture": "#1"}
			}
		},
		{
			"from": [5.25, 17, 7.75],
			"to": [5.75, 18, 8.25],
			"rotation": {"angle": 0, "axis": "y", "origin": [16, 0, 0]},
			"faces": {
				"north": {"uv": [10.25, 1.25, 10.5, 1.75], "texture": "#1"},
				"east": {"uv": [10.25, 1.25, 10.5, 1.75], "texture": "#1"},
				"south": {"uv": [10.25, 1.25, 10.5, 1.75], "texture": "#1"},
				"west": {"uv": [10.25, 1.25, 10.5, 1.75], "texture": "#1"},
				"up": {"uv": [10.25, 1.25, 10.5, 1.75], "texture": "#1"},
				"down": {"uv": [10.25, 1.25, 10.5, 1.75], "texture": "#1"}
			}
		},
		{
			"from": [5.75, 17, 7.75],
			"to": [6.25, 17.5, 8.25],
			"rotation": {"angle": 0, "axis": "y", "origin": [16, 0, 0]},
			"faces": {
				"north": {"uv": [10, 1.5, 10.25, 1.75], "texture": "#1"},
				"east": {"uv": [10, 1.5, 10.25, 1.75], "texture": "#1"},
				"south": {"uv": [10, 1.5, 10.25, 1.75], "texture": "#1"},
				"west": {"uv": [10, 1.5, 10.25, 1.75], "texture": "#1"},
				"up": {"uv": [10, 1.5, 10.25, 1.75], "texture": "#1"},
				"down": {"uv": [10, 1.5, 10.25, 1.75], "texture": "#1"}
			}
		},
		{
			"from": [5.25, 14.5, 7.75],
			"to": [7.25, 17, 8.25],
			"faces": {
				"north": {"uv": [9.5, 1.75, 10.5, 3], "texture": "#1"},
				"east": {"uv": [9.5, 1.75, 9.75, 3], "texture": "#1"},
				"south": {"uv": [10.5, 1.75, 9.5, 3], "texture": "#1"},
				"west": {"uv": [10.25, 1.75, 10.5, 3], "texture": "#1"},
				"up": {"uv": [10.5, 1.75, 9.5, 2], "texture": "#1"},
				"down": {"uv": [10.5, 2.75, 9.5, 3], "texture": "#1"}
			}
		},
		{
			"from": [12.5, 11.5, 8],
			"to": [13, 13, 8.001],
			"rotation": {"angle": 45, "axis": "z", "origin": [13.25, 12.75, 8]},
			"faces": {
				"north": {"uv": [8.5, 0.25, 8.75, 1], "texture": "#1"},
				"east": {"uv": [0, 0, 0, 0.75], "texture": "#1"},
				"south": {"uv": [8.5, 0.25, 8.75, 1], "texture": "#1"},
				"west": {"uv": [0, 0, 0, 0.75], "texture": "#1"},
				"up": {"uv": [0, 0, 0.75, 0], "texture": "#1"},
				"down": {"uv": [0, 0, 0.75, 0], "texture": "#1"}
			}
		},
		{
			"from": [14.75, 15.75, 8],
			"to": [16.75, 17.25, 8.001],
			"rotation": {"angle": 0, "axis": "y", "origin": [13.75, 18.75, 8]},
			"faces": {
				"north": {"uv": [8.5, 0.25, 7.5, 1], "texture": "#1"},
				"east": {"uv": [0, 0, 0, 0.75], "texture": "#1"},
				"south": {"uv": [7.5, 0.25, 8.5, 1], "texture": "#1"},
				"west": {"uv": [0, 0, 0, 0.75], "texture": "#1"},
				"up": {"uv": [0, 0, 0.75, 0], "texture": "#1"},
				"down": {"uv": [0, 0, 0.75, 0], "texture": "#1"}
			}
		},
		{
			"from": [11.25, 19.5, 8],
			"to": [12.75, 22.5, 8.001],
			"rotation": {"angle": -45, "axis": "z", "origin": [13.75, 18.75, 8]},
			"faces": {
				"north": {"uv": [7.5, 0, 6.75, 1.5], "texture": "#1"},
				"east": {"uv": [0, 0, 0, 0.75], "texture": "#1"},
				"south": {"uv": [6.75, 0, 7.5, 1.5], "texture": "#1"},
				"west": {"uv": [0, 0, 0, 0.75], "texture": "#1"},
				"up": {"uv": [0, 0, 0.75, 0], "texture": "#1"},
				"down": {"uv": [0, 0, 0.75, 0], "texture": "#1"}
			}
		},
		{
			"from": [3, 11.5, 8],
			"to": [3.5, 13, 8.001],
			"rotation": {"angle": -45, "axis": "z", "origin": [2.75, 12.75, 8]},
			"faces": {
				"north": {"uv": [8.75, 0.25, 8.5, 1], "texture": "#1"},
				"east": {"uv": [0, 0, 0, 0.75], "texture": "#1"},
				"south": {"uv": [8.75, 0.25, 8.5, 1], "texture": "#1"},
				"west": {"uv": [0, 0, 0, 0.75], "texture": "#1"},
				"up": {"uv": [0.75, 0, 0, 0], "texture": "#1"},
				"down": {"uv": [0.75, 0, 0, 0], "texture": "#1"}
			}
		},
		{
			"from": [-0.75, 15.75, 8],
			"to": [1.25, 17.25, 8.001],
			"rotation": {"angle": 0, "axis": "y", "origin": [2.25, 18.75, 8]},
			"faces": {
				"north": {"uv": [7.5, 0.25, 8.5, 1], "texture": "#1"},
				"east": {"uv": [0, 0, 0, 0.75], "texture": "#1"},
				"south": {"uv": [8.5, 0.25, 7.5, 1], "texture": "#1"},
				"west": {"uv": [0, 0, 0, 0.75], "texture": "#1"},
				"up": {"uv": [0.75, 0, 0, 0], "texture": "#1"},
				"down": {"uv": [0.75, 0, 0, 0], "texture": "#1"}
			}
		},
		{
			"from": [3.25, 19.5, 8],
			"to": [4.75, 22.5, 8.001],
			"rotation": {"angle": 45, "axis": "z", "origin": [2.25, 18.75, 8]},
			"faces": {
				"north": {"uv": [6.75, 0, 7.5, 1.5], "texture": "#1"},
				"east": {"uv": [0, 0, 0, 0.75], "texture": "#1"},
				"south": {"uv": [7.5, 0, 6.75, 1.5], "texture": "#1"},
				"west": {"uv": [0, 0, 0, 0.75], "texture": "#1"},
				"up": {"uv": [0.75, 0, 0, 0], "texture": "#1"},
				"down": {"uv": [0.75, 0, 0, 0], "texture": "#1"}
			}
		},
		{
			"from": [6.75, 20, 7.75],
			"to": [9.25, 21, 8.25],
			"faces": {
				"north": {"uv": [3, 5.5, 4.25, 6], "texture": "#1"},
				"east": {"uv": [4, 5.5, 4.25, 6], "texture": "#1"},
				"south": {"uv": [3, 5.5, 4.25, 6], "texture": "#1"},
				"west": {"uv": [4, 5.5, 4.25, 6], "texture": "#1"},
				"up": {"uv": [3, 5.5, 4.25, 5.75], "texture": "#1"},
				"down": {"uv": [3, 5.75, 4.25, 6], "texture": "#1"}
			}
		},
		{
			"from": [7.25, 21, 7.75],
			"to": [8.75, 22.5, 8.25],
			"faces": {
				"north": {"uv": [3.25, 4.75, 4, 5.5], "texture": "#1"},
				"east": {"uv": [3.75, 4.75, 4, 5.5], "texture": "#1"},
				"south": {"uv": [3.25, 4.75, 4, 5.5], "texture": "#1"},
				"west": {"uv": [3.75, 4.75, 4, 5.5], "texture": "#1"},
				"up": {"uv": [3.25, 4.75, 4, 5], "texture": "#1"},
				"down": {"uv": [3.25, 5.25, 4, 5.5], "texture": "#1"}
			}
		},
		{
			"from": [5.25, 19.5, 7.75],
			"to": [10.75, 20, 8.25],
			"faces": {
				"north": {"uv": [2.25, 6, 5, 6.25], "texture": "#1"},
				"east": {"uv": [4.75, 6, 5, 6.25], "texture": "#1"},
				"south": {"uv": [2.25, 6, 5, 6.25], "texture": "#1"},
				"west": {"uv": [4.75, 6, 5, 6.25], "texture": "#1"},
				"up": {"uv": [2.25, 6, 5, 6.25], "texture": "#1"},
				"down": {"uv": [2.25, 6, 5, 6.25], "texture": "#1"}
			}
		},
		{
			"from": [5.75, 19, 7.75],
			"to": [10.25, 19.5, 8.25],
			"faces": {
				"north": {"uv": [2.5, 6.25, 4.75, 6.5], "texture": "#1"},
				"east": {"uv": [4.5, 6.25, 4.75, 6.5], "texture": "#1"},
				"south": {"uv": [2.5, 6.25, 4.75, 6.5], "texture": "#1"},
				"west": {"uv": [4.5, 6.25, 4.75, 6.5], "texture": "#1"},
				"up": {"uv": [2.5, 6.25, 4.75, 6.5], "texture": "#1"},
				"down": {"uv": [2.5, 6.25, 4.75, 6.5], "texture": "#1"}
			}
		},
		{
			"from": [6.25, 18.5, 7.75],
			"to": [9.75, 19, 8.25],
			"faces": {
				"north": {"uv": [2.75, 6.5, 4.5, 6.75], "texture": "#1"},
				"east": {"uv": [4.25, 6.5, 4.5, 6.75], "texture": "#1"},
				"south": {"uv": [2.75, 6.5, 4.5, 6.75], "texture": "#1"},
				"west": {"uv": [4.25, 6.5, 4.5, 6.75], "texture": "#1"},
				"up": {"uv": [2.75, 6.5, 4.5, 6.75], "texture": "#1"},
				"down": {"uv": [2.75, 6.5, 4.5, 6.75], "texture": "#1"}
			}
		},
		{
			"from": [6.75, 18, 7.75],
			"to": [9.25, 18.5, 8.25],
			"faces": {
				"north": {"uv": [3, 6.75, 4.25, 7], "texture": "#1"},
				"east": {"uv": [4, 6.75, 4.25, 7], "texture": "#1"},
				"south": {"uv": [3, 6.75, 4.25, 7], "texture": "#1"},
				"west": {"uv": [4, 6.75, 4.25, 7], "texture": "#1"},
				"up": {"uv": [3, 6.75, 4.25, 7], "texture": "#1"},
				"down": {"uv": [3, 6.75, 4.25, 7], "texture": "#1"}
			}
		},
		{
			"name": "connector",
			"from": [6.75, 12, 7.75],
			"to": [9.25, 14.5, 8.25],
			"faces": {
				"north": {"uv": [7.5, 3.25, 8.75, 4.5], "texture": "#1"},
				"east": {"uv": [8.5, 3.25, 8.75, 4.5], "texture": "#1"},
				"south": {"uv": [7.5, 3.25, 8.75, 4.5], "texture": "#1"},
				"west": {"uv": [8.5, 3.25, 8.75, 4.5], "texture": "#1"},
				"up": {"uv": [7.5, 3.25, 8.75, 3.5], "texture": "#1"},
				"down": {"uv": [7.5, 4.25, 8.75, 4.5], "texture": "#1"}
			}
		},
		{
			"name": "shaft",
			"from": [7.25, -9.5, 7.5],
			"to": [8.75, 18.5, 8.5],
			"faces": {
				"north": {"uv": [6, 0, 6.75, 14], "texture": "#1"},
				"east": {"uv": [6.5, 0, 6.75, 14], "texture": "#1"},
				"south": {"uv": [6, 0, 6.75, 14], "texture": "#1"},
				"west": {"uv": [6.5, 0, 6.75, 14], "texture": "#1"},
				"up": {"uv": [6, 0, 6.75, 0.25], "texture": "#1"},
				"down": {"uv": [6, 13.75, 6.75, 14], "texture": "#1"}
			}
		},
		{
			"name": "guard",
			"from": [6.75, 10.5, 7],
			"to": [9.25, 11, 9],
			"faces": {
				"north": {"uv": [7.5, 2.5, 8.75, 2.25], "texture": "#1"},
				"east": {"uv": [8.5, 2.5, 9.5, 2.25], "texture": "#1"},
				"south": {"uv": [7.5, 2.5, 8.75, 2.25], "texture": "#1"},
				"west": {"uv": [8.5, 2.5, 9.5, 2.25], "texture": "#1"},
				"up": {"uv": [7.5, 3.25, 8.75, 2.25], "texture": "#1"},
				"down": {"uv": [7.5, 3.25, 8.75, 2.25], "texture": "#1"}
			}
		},
		{
			"name": "main",
			"from": [7.25, -12, 7.75],
			"to": [8.75, -10.5, 8.25],
			"faces": {
				"north": {"uv": [7.5, 2, 6.75, 2.75], "texture": "#1"},
				"east": {"uv": [7.25, 2, 7.5, 2.75], "texture": "#1"},
				"south": {"uv": [6.75, 2, 7.5, 2.75], "texture": "#1"},
				"west": {"uv": [6.75, 2, 7, 2.75], "texture": "#1"},
				"up": {"uv": [6.75, 2, 7.5, 2.25], "texture": "#1"},
				"down": {"uv": [6.75, 2.5, 7.5, 2.75], "texture": "#1"}
			}
		},
		{
			"name": "tips",
			"from": [7.75, -13, 8],
			"to": [8.25, -9.5, 8.001],
			"faces": {
				"north": {"uv": [7, 1.5, 7.25, 3.25], "texture": "#1"},
				"east": {"uv": [1.625, 10.625, 1.75, 11], "texture": "#1"},
				"south": {"uv": [7, 1.5, 7.25, 2], "texture": "#1"},
				"west": {"uv": [1.875, 10.625, 2, 11], "texture": "#1"},
				"up": {"uv": [1.625, 10.625, 2, 10.75], "texture": "#1"},
				"down": {"uv": [1.625, 10.875, 2, 11], "texture": "#1"}
			}
		}
	],
	"display": {
		"thirdperson_righthand": {
			"rotation": [67.5, 0, 45],
			"translation": [-9, -7.5, 15],
			"scale": [1.5, 1.5, 1.5]
		},
		"thirdperson_lefthand": {
			"rotation": [67.5, 0, -45],
			"translation": [-3, -7.5, 15],
			"scale": [1.5, 1.5, 1.5]
		},
		"firstperson_righthand": {
			"rotation": [10, -90, 0],
			"translation": [7, -5, -5],
			"scale": [1.4, 1.4, 1.4]
		},
		"firstperson_lefthand": {
			"rotation": [10, -90, 0],
			"translation": [7, -5, -5],
			"scale": [1.4, 1.4, 1.4]
		},
		"ground": {
			"rotation": [45, 45, 0],
			"translation": [0, 4, 0],
			"scale": [0.8, 0.8, 0.8]
		},
		"gui": {
			"rotation": [-20, 160, 30],
			"translation": [1, 1, 0],
			"scale": [0.8, 0.8, 0.8]
		},
		"head": {
			"rotation": [69, 67, 9],
			"translation": [0, -18, 1.5],
			"scale": [2, 2, 2]
		}
	},
	"groups": [
		0,
		{
			"name": "Wings",
			"origin": [13.75, 18.75, 8],
			"color": 0,
			"children": [
				{
					"name": "left",
					"origin": [0, 0, 0],
					"color": 0,
					"children": [1, 2, 3, 4, 5, 6, 7, 8, 9, 10]
				},
				{
					"name": "right",
					"origin": [0, 0, 0],
					"color": 0,
					"children": [11, 12, 13, 14, 15, 16, 17, 18, 19, 20]
				}
			]
		},
		{
			"name": "particles",
			"origin": [13.75, 18.75, 8],
			"color": 0,
			"children": [
				{
					"name": "left",
					"origin": [13.75, 18.75, 8],
					"color": 0,
					"children": [21, 22, 23]
				},
				{
					"name": "right",
					"origin": [13.75, 18.75, 8],
					"color": 0,
					"children": [24, 25, 26]
				}
			]
		},
		{
			"name": "random bullshit",
			"origin": [0, 0, 0],
			"color": 0,
			"children": [27, 28, 29, 30, 31, 32]
		},
		33,
		34,
		35,
		{
			"name": "gem",
			"origin": [8, 8, 8],
			"color": 0,
			"children": [36, 37]
		}
	]
}