{
	"credit": "Made by Raycifer",
	"textures": {
		"0": "./thundering_pulse",
		"1": "./bow_charge/charge_stages"
	},
	"elements": [
		{
			"from": [7.5, 7, 8.18313],
			"to": [8.5, 11, 9.18313],
			"rotation": {"angle": 0, "axis": "y", "origin": [8.5, 8, 8.18313]},
			"faces": {
				"north": {"uv": [8.5, 3.5, 9, 7.5], "texture": "#0"},
				"east": {"uv": [7.5, 3.5, 8.5, 7.5], "texture": "#0"},
				"south": {"uv": [7.5, 3.5, 7, 7.5], "texture": "#0"},
				"west": {"uv": [8.5, 3.5, 7.5, 7.5], "texture": "#0"},
				"up": {"uv": [0, 0, 0, 0], "texture": "#0"},
				"down": {"uv": [0, 0, 0, 0], "texture": "#0"}
			}
		},
		{
			"from": [7.25, 10.75, 6.93313],
			"to": [8.75, 11.75, 9.43313],
			"rotation": {"angle": -22.5, "axis": "x", "origin": [8, 11.75, 8.68313]},
			"faces": {
				"north": {"uv": [6.5, 2, 7, 3], "texture": "#0"},
				"east": {"uv": [4.5, 2, 7, 3], "texture": "#0"},
				"south": {"uv": [4.5, 2, 5, 3], "texture": "#0"},
				"west": {"uv": [7, 2, 4.5, 3], "texture": "#0"},
				"up": {"uv": [7, 2, 4.5, 2.5], "rotation": 90, "texture": "#0"},
				"down": {"uv": [7, 2.5, 4.5, 3], "rotation": 270, "texture": "#0"}
			}
		},
		{
			"from": [7.25, 6.25, 7.18313],
			"to": [8.75, 7.25, 9.68313],
			"rotation": {"angle": 22.5, "axis": "x", "origin": [8, 6.5, 8.68313]},
			"faces": {
				"north": {"uv": [6.5, 3, 7, 4], "texture": "#0"},
				"east": {"uv": [4.5, 3, 7, 4], "texture": "#0"},
				"south": {"uv": [4.5, 3, 5, 4], "texture": "#0"},
				"west": {"uv": [7, 3, 4.5, 4], "texture": "#0"},
				"up": {"uv": [7, 3, 4.5, 3.5], "rotation": 90, "texture": "#0"},
				"down": {"uv": [7, 3.5, 4.5, 4], "rotation": 270, "texture": "#0"}
			}
		},
		{
			"from": [7.75, 14.9, 7.73313],
			"to": [8.25, 21.4, 8.73313],
			"rotation": {"angle": 45, "axis": "x", "origin": [8, 16.5, 8.68313]},
			"faces": {
				"north": {"uv": [0.5, 0, 7, 0.5], "rotation": 270, "texture": "#0"},
				"east": {"uv": [7, 0, 0.5, 1], "rotation": 90, "texture": "#0"},
				"south": {"uv": [0.5, 0.5, 7, 1], "rotation": 270, "texture": "#0"},
				"west": {"uv": [0.5, 0, 7, 1], "rotation": 270, "texture": "#0"},
				"up": {"uv": [6.5, 0, 7, 1], "texture": "#0"},
				"down": {"uv": [0, 0, 0, 0], "rotation": 180, "texture": "#0"}
			}
		},
		{
			"from": [7.75, 14.9, 8.73313],
			"to": [8.25, 20.9, 9.23313],
			"rotation": {"angle": 45, "axis": "x", "origin": [8, 16.5, 8.68313]},
			"faces": {
				"north": {"uv": [0, 0, 0, 0], "rotation": 270, "texture": "#0"},
				"east": {"uv": [6.5, 1, 0.5, 1.5], "rotation": 90, "texture": "#0"},
				"south": {"uv": [0.5, 1, 6.5, 1.5], "rotation": 270, "texture": "#0"},
				"west": {"uv": [0.5, 1, 6.5, 1.5], "rotation": 270, "texture": "#0"},
				"up": {"uv": [3.25, 1, 3.75, 1.5], "texture": "#0"},
				"down": {"uv": [0, 0, 0, 0], "texture": "#0"}
			}
		},
		{
			"from": [7.75, 14.9, 9.23313],
			"to": [8.25, 17.4, 9.73313],
			"rotation": {"angle": 45, "axis": "x", "origin": [8, 16.5, 8.68313]},
			"faces": {
				"north": {"uv": [0.5, 1.5, 3, 2], "rotation": 270, "texture": "#0"},
				"east": {"uv": [3, 1.5, 0.5, 2], "rotation": 90, "texture": "#0"},
				"south": {"uv": [0.5, 1.5, 3, 2], "rotation": 270, "texture": "#0"},
				"west": {"uv": [0.5, 1.5, 3, 2], "rotation": 270, "texture": "#0"},
				"up": {"uv": [2.5, 1.5, 3, 2], "texture": "#0"},
				"down": {"uv": [0, 0, 0, 0], "rotation": 180, "texture": "#0"}
			}
		},
		{
			"from": [7.75, 18.9, 9.23313],
			"to": [8.25, 19.4, 9.73313],
			"rotation": {"angle": 45, "axis": "x", "origin": [8, 16.5, 8.68313]},
			"faces": {
				"north": {"uv": [0, 0, 0, 0], "rotation": 270, "texture": "#0"},
				"east": {"uv": [4.5, 1.5, 5, 2], "rotation": 270, "texture": "#0"},
				"south": {"uv": [4.5, 1.5, 5, 2], "rotation": 270, "texture": "#0"},
				"west": {"uv": [4.5, 1.5, 5, 2], "rotation": 270, "texture": "#0"},
				"up": {"uv": [4.5, 1.5, 5, 2], "rotation": 270, "texture": "#0"},
				"down": {"uv": [4.5, 1.5, 5, 2], "rotation": 270, "texture": "#0"}
			}
		},
		{
			"from": [7.5, 20.8, 11.73313],
			"to": [8.5, 22.8, 12.23313],
			"rotation": {"angle": 22.5, "axis": "x", "origin": [8, 22.05, 9.98313]},
			"faces": {
				"north": {"uv": [8.5, 1.5, 9, 3.5], "texture": "#0"},
				"east": {"uv": [9, 1.5, 8.5, 3.5], "texture": "#0"},
				"south": {"uv": [8.5, 1.5, 9, 3.5], "texture": "#0"},
				"west": {"uv": [8.5, 1.5, 9, 3.5], "texture": "#0"},
				"up": {"uv": [8.5, 1.5, 9, 2], "rotation": 90, "texture": "#0"},
				"down": {"uv": [8.5, 3, 9, 3.5], "rotation": 270, "texture": "#0"}
			}
		},
		{
			"from": [7.5, 20.8, 12.23313],
			"to": [8.5, 22.3, 12.73313],
			"rotation": {"angle": 22.5, "axis": "x", "origin": [8, 22.05, 9.98313]},
			"faces": {
				"north": {"uv": [0, 0, 0, 0], "texture": "#0"},
				"east": {"uv": [9.5, 2, 9, 3.5], "texture": "#0"},
				"south": {"uv": [9, 2, 9.5, 3.5], "texture": "#0"},
				"west": {"uv": [9, 2, 9.5, 3.5], "texture": "#0"},
				"up": {"uv": [9, 2, 9.5, 2.5], "rotation": 90, "texture": "#0"},
				"down": {"uv": [9, 3, 9.5, 3.5], "rotation": 270, "texture": "#0"}
			}
		},
		{
			"from": [7.25, -3.2, 11.73313],
			"to": [8.75, -1.2, 12.23313],
			"rotation": {"angle": -22.5, "axis": "x", "origin": [8, -2.2, 12.23313]},
			"faces": {
				"north": {"uv": [9, 5.5, 10.5, 3.5], "texture": "#0"},
				"east": {"uv": [10.5, 5.5, 10, 3.5], "texture": "#0"},
				"south": {"uv": [9, 5.5, 10.5, 3.5], "texture": "#0"},
				"west": {"uv": [9, 5.5, 9.5, 3.5], "texture": "#0"},
				"up": {"uv": [9, 5, 10.5, 5.5], "texture": "#0"},
				"down": {"uv": [9, 3.5, 10.5, 4], "rotation": 180, "texture": "#0"}
			}
		},
		{
			"from": [7.25, -2.7, 12.23313],
			"to": [8.75, -1.2, 12.73313],
			"rotation": {"angle": -22.5, "axis": "x", "origin": [8, -2.2, 12.23313]},
			"faces": {
				"north": {"uv": [0, 0, 0, 0], "texture": "#0"},
				"east": {"uv": [7.5, 3.5, 7, 2], "texture": "#0"},
				"south": {"uv": [7, 3.5, 8.5, 2], "texture": "#0"},
				"west": {"uv": [8, 3.5, 8.5, 2], "texture": "#0"},
				"up": {"uv": [7, 3, 8.5, 3.5], "texture": "#0"},
				"down": {"uv": [7, 2, 8.5, 2.5], "texture": "#0"}
			}
		},
		{
			"from": [6.25, 5.75, 6.93313],
			"to": [9.75, 5.751, 9.93313],
			"rotation": {"angle": 22.5, "axis": "x", "origin": [8, 5.5, 8.68313]},
			"faces": {
				"north": {"uv": [0, 0, 0, 0], "texture": "#0"},
				"east": {"uv": [0, 0, 0, 0], "texture": "#0"},
				"south": {"uv": [0, 0, 0, 0], "texture": "#0"},
				"west": {"uv": [0, 0, 0, 0], "texture": "#0"},
				"up": {"uv": [5.5, 10.5, 9, 7.5], "rotation": 180, "texture": "#0"},
				"down": {"uv": [5.5, 10.5, 9, 7.5], "texture": "#0"}
			}
		},
		{
			"from": [6.25, 12.25, 6.43313],
			"to": [9.75, 12.251, 9.43313],
			"rotation": {"angle": -22.5, "axis": "x", "origin": [8, 11.75, 7.18313]},
			"faces": {
				"north": {"uv": [0, 0, 0, 0], "texture": "#0"},
				"east": {"uv": [0, 0, 0, 0], "texture": "#0"},
				"south": {"uv": [0, 0, 0, 0], "texture": "#0"},
				"west": {"uv": [0, 0, 0, 0], "texture": "#0"},
				"up": {"uv": [5.5, 10.5, 9, 7.5], "rotation": 180, "texture": "#0"},
				"down": {"uv": [5.5, 10.5, 9, 7.5], "texture": "#0"}
			}
		},
		{
			"from": [7.5, 11.75, 7.53313],
			"to": [8.5, 12.75, 9.03313],
			"rotation": {"angle": -22.5, "axis": "x", "origin": [8, 11.5, 8.68313]},
			"faces": {
				"north": {"uv": [4.5, 2, 5, 3], "texture": "#0"},
				"east": {"uv": [4.5, 2, 6, 3], "texture": "#0"},
				"south": {"uv": [5.5, 2, 6, 3], "texture": "#0"},
				"west": {"uv": [4.5, 2, 6, 3], "texture": "#0"},
				"up": {"uv": [4.5, 2, 6, 2.5], "rotation": 90, "texture": "#0"},
				"down": {"uv": [0, 0, 0, 0], "rotation": 270, "texture": "#0"}
			}
		},
		{
			"from": [7.25, 12.25, 9.03313],
			"to": [8.75, 12.75, 10.53313],
			"rotation": {"angle": -22.5, "axis": "x", "origin": [8, 11.5, 8.68313]},
			"faces": {
				"north": {"uv": [0, 0, 0, 0], "texture": "#0"},
				"east": {"uv": [9, 7, 9.5, 5.5], "rotation": 90, "texture": "#0"},
				"south": {"uv": [9, 5.5, 10.5, 6], "texture": "#0"},
				"west": {"uv": [10.5, 5.5, 10, 7], "rotation": 90, "texture": "#0"},
				"up": {"uv": [9, 7, 10.5, 5.5], "texture": "#0"},
				"down": {"uv": [9, 7, 10.5, 8.5], "texture": "#0"}
			}
		},
		{
			"from": [7.75, 12.75, 7.53313],
			"to": [8.25, 13.75, 9.53313],
			"rotation": {"angle": -22.5, "axis": "x", "origin": [8, 11.5, 8.68313]},
			"faces": {
				"north": {"uv": [5, 4, 5.5, 5], "texture": "#0"},
				"east": {"uv": [7, 4, 5, 5], "texture": "#0"},
				"south": {"uv": [6.5, 4, 7, 5], "texture": "#0"},
				"west": {"uv": [5, 4, 7, 5], "texture": "#0"},
				"up": {"uv": [0, 0, 0, 0], "rotation": 90, "texture": "#0"},
				"down": {"uv": [0, 0, 0, 0], "rotation": 90, "texture": "#0"}
			}
		},
		{
			"from": [8, 11.75, 3.93313],
			"to": [8.001, 12.75, 6.43313],
			"rotation": {"angle": 0, "axis": "y", "origin": [9, 7.75, 7.68313]},
			"faces": {
				"north": {"uv": [0, 0, 0, 0], "texture": "#0"},
				"east": {"uv": [6, 11, 8.5, 12], "texture": "#0"},
				"south": {"uv": [0, 0, 0, 0], "texture": "#0"},
				"west": {"uv": [8.5, 11, 6, 12], "texture": "#0"},
				"up": {"uv": [0, 0, 0, 0], "texture": "#0"},
				"down": {"uv": [0, 0, 0, 0], "texture": "#0"}
			}
		},
		{
			"from": [8, 13.25, 2.68313],
			"to": [8.001, 14.75, 6.18313],
			"rotation": {"angle": 22.5, "axis": "x", "origin": [8, 13.75, 5.18313]},
			"faces": {
				"north": {"uv": [0, 0, 0, 0], "texture": "#0"},
				"east": {"uv": [6, 12, 9.5, 13.5], "texture": "#0"},
				"south": {"uv": [0, 0, 0, 0], "texture": "#0"},
				"west": {"uv": [9.5, 12, 6, 13.5], "texture": "#0"},
				"up": {"uv": [0, 0, 0, 0], "texture": "#0"},
				"down": {"uv": [0, 0, 0, 0], "texture": "#0"}
			}
		},
		{
			"from": [8, 14.5, 5.43313],
			"to": [8.001, 20, 7.93313],
			"rotation": {"angle": -22.5, "axis": "x", "origin": [8, 13.75, 5.18313]},
			"faces": {
				"north": {"uv": [0, 0, 0, 0], "texture": "#0"},
				"east": {"uv": [11.5, 16, 6, 13.5], "rotation": 90, "texture": "#0"},
				"south": {"uv": [0, 0, 0, 0], "texture": "#0"},
				"west": {"uv": [11.5, 13.5, 6, 16], "rotation": 90, "texture": "#0"},
				"up": {"uv": [0, 0, 0, 0], "texture": "#0"},
				"down": {"uv": [0, 0, 0, 0], "texture": "#0"}
			}
		},
		{
			"from": [7.5, 16, 6.18313],
			"to": [8.5, 16.5, 6.68313],
			"rotation": {"angle": 0, "axis": "y", "origin": [8.5, 8, 7.93313]},
			"faces": {
				"north": {"uv": [2.5, 2, 3, 2.5], "texture": "#0"},
				"east": {"uv": [2.5, 2, 3, 2.5], "texture": "#0"},
				"south": {"uv": [2.5, 2, 3, 2.5], "texture": "#0"},
				"west": {"uv": [2.5, 2, 3, 2.5], "texture": "#0"},
				"up": {"uv": [2.5, 2, 3, 2.5], "texture": "#0"},
				"down": {"uv": [0, 0, 0, 0], "texture": "#0"}
			}
		},
		{
			"from": [7.5, 15.5, 6.18313],
			"to": [8.5, 16, 7.68313],
			"rotation": {"angle": 0, "axis": "y", "origin": [8.5, 8, 7.93313]},
			"faces": {
				"north": {"uv": [2.5, 2.5, 3, 3], "texture": "#0"},
				"east": {"uv": [1.5, 2.5, 3, 3], "texture": "#0"},
				"south": {"uv": [1.5, 2.5, 2, 3], "texture": "#0"},
				"west": {"uv": [3, 2.5, 1.5, 3], "texture": "#0"},
				"up": {"uv": [3, 2.5, 1.5, 3], "rotation": 90, "texture": "#0"},
				"down": {"uv": [3, 2.5, 1.5, 3], "rotation": 270, "texture": "#0"}
			}
		},
		{
			"from": [7.5, 15, 6.68313],
			"to": [8.5, 15.5, 8.18313],
			"rotation": {"angle": 0, "axis": "y", "origin": [8.5, 8, 7.93313]},
			"faces": {
				"north": {"uv": [2, 3, 2.5, 3.5], "texture": "#0"},
				"east": {"uv": [1, 3, 2.5, 3.5], "texture": "#0"},
				"south": {"uv": [1, 3, 1.5, 3.5], "texture": "#0"},
				"west": {"uv": [2.5, 3, 1, 3.5], "texture": "#0"},
				"up": {"uv": [2.5, 3, 1, 3.5], "rotation": 90, "texture": "#0"},
				"down": {"uv": [2.5, 3, 1, 3.5], "rotation": 270, "texture": "#0"}
			}
		},
		{
			"from": [7.5, 12.5, 6.18313],
			"to": [8.5, 13, 7.68313],
			"rotation": {"angle": 0, "axis": "y", "origin": [8.5, 8, 7.93313]},
			"faces": {
				"north": {"uv": [2.5, 5.5, 3, 6], "texture": "#0"},
				"east": {"uv": [1.5, 5.5, 3, 6], "texture": "#0"},
				"south": {"uv": [1.5, 5.5, 2, 6], "texture": "#0"},
				"west": {"uv": [3, 5.5, 1.5, 6], "texture": "#0"},
				"up": {"uv": [0, 0, 0, 0], "rotation": 90, "texture": "#0"},
				"down": {"uv": [3, 5.5, 1.5, 6], "rotation": 270, "texture": "#0"}
			}
		},
		{
			"from": [7.5, 13, 5.68313],
			"to": [8.5, 13.5, 8.18313],
			"rotation": {"angle": 0, "axis": "y", "origin": [8.5, 8, 7.43313]},
			"faces": {
				"north": {"uv": [3, 5, 3.5, 5.5], "texture": "#0"},
				"east": {"uv": [1, 5, 3.5, 5.5], "texture": "#0"},
				"south": {"uv": [1, 5, 1.5, 5.5], "texture": "#0"},
				"west": {"uv": [3.5, 5, 1, 5.5], "texture": "#0"},
				"up": {"uv": [3.5, 5, 1, 5.5], "rotation": 90, "texture": "#0"},
				"down": {"uv": [3.5, 5, 1, 5.5], "rotation": 270, "texture": "#0"}
			}
		},
		{
			"from": [7.5, 13.5, 7.68313],
			"to": [8.5, 15, 8.68313],
			"rotation": {"angle": 0, "axis": "y", "origin": [8.5, 8, 8.18313]},
			"faces": {
				"north": {"uv": [1, 3.5, 1.5, 5], "texture": "#0"},
				"east": {"uv": [0.5, 3.5, 1.5, 5], "texture": "#0"},
				"south": {"uv": [0.5, 3.5, 1, 5], "texture": "#0"},
				"west": {"uv": [1.5, 3.5, 0.5, 5], "texture": "#0"},
				"up": {"uv": [1.5, 3.5, 0.5, 4], "rotation": 90, "texture": "#0"},
				"down": {"uv": [1.5, 4.5, 0.5, 5], "rotation": 270, "texture": "#0"}
			}
		},
		{
			"from": [7.5, 13.5, 5.18313],
			"to": [8.5, 15, 6.18313],
			"rotation": {"angle": 0, "axis": "y", "origin": [8.5, 8, 8.18313]},
			"faces": {
				"north": {"uv": [3.5, 3.5, 4, 5], "texture": "#0"},
				"east": {"uv": [3, 3.5, 4, 5], "texture": "#0"},
				"south": {"uv": [3.5, 3.5, 3, 5], "texture": "#0"},
				"west": {"uv": [4, 3.5, 3, 5], "texture": "#0"},
				"up": {"uv": [4, 3.5, 3, 4], "rotation": 90, "texture": "#0"},
				"down": {"uv": [4, 4.5, 3, 5], "rotation": 270, "texture": "#0"}
			}
		},
		{
			"from": [7.75, 14.5, 7.18313],
			"to": [8.25, 15, 7.68313],
			"rotation": {"angle": 0, "axis": "y", "origin": [8.75, 8, 7.93313]},
			"faces": {
				"north": {"uv": [1.5, 3.5, 2, 4], "texture": "#0"},
				"east": {"uv": [1.5, 6, 2, 6.5], "texture": "#0"},
				"south": {"uv": [0, 0, 0, 0], "texture": "#0"},
				"west": {"uv": [1.5, 6, 2, 6.5], "texture": "#0"},
				"up": {"uv": [0, 0, 0, 0], "rotation": 90, "texture": "#0"},
				"down": {"uv": [1.5, 3.5, 2, 4], "rotation": 270, "texture": "#0"}
			}
		},
		{
			"from": [7.75, 13.5, 6.68313],
			"to": [8.25, 14, 7.18313],
			"rotation": {"angle": 0, "axis": "y", "origin": [8.75, 8, 7.93313]},
			"faces": {
				"north": {"uv": [2, 4.5, 2.5, 5], "texture": "#0"},
				"east": {"uv": [2, 7, 2.5, 7.5], "texture": "#0"},
				"south": {"uv": [2, 4.5, 2.5, 5], "texture": "#0"},
				"west": {"uv": [2, 7, 2.5, 7.5], "texture": "#0"},
				"up": {"uv": [0, 0, 0, 0], "rotation": 270, "texture": "#0"},
				"down": {"uv": [0, 0, 0, 0], "rotation": 270, "texture": "#0"}
			}
		},
		{
			"from": [7.75, 14, 6.18313],
			"to": [8.25, 14.5, 7.18313],
			"rotation": {"angle": 0, "axis": "y", "origin": [8.75, 8, 7.93313]},
			"faces": {
				"north": {"uv": [0, 0, 0, 0], "texture": "#0"},
				"east": {"uv": [2, 6.5, 3, 7], "texture": "#0"},
				"south": {"uv": [2, 4, 2.5, 4.5], "texture": "#0"},
				"west": {"uv": [2, 6.5, 3, 7], "texture": "#0"},
				"up": {"uv": [2, 4, 3, 4.5], "rotation": 90, "texture": "#0"},
				"down": {"uv": [2, 4, 3, 4.5], "rotation": 270, "texture": "#0"}
			}
		},
		{
			"from": [7.5, 4.5, 8],
			"to": [8.5, 6.5, 9],
			"rotation": {"angle": 0, "axis": "y", "origin": [7.5, 0, 7.5]},
			"faces": {
				"north": {"uv": [11, 8.5, 11.5, 10.5], "texture": "#0"},
				"east": {"uv": [10.5, 8.5, 11.5, 10.5], "texture": "#0"},
				"south": {"uv": [9.5, 8.5, 10.5, 10.5], "texture": "#0"},
				"west": {"uv": [11.5, 8.5, 10.5, 10.5], "texture": "#0"},
				"up": {"uv": [0, 0, 0, 0], "texture": "#0"},
				"down": {"uv": [10.5, 10, 11.5, 10.5], "rotation": 90, "texture": "#0"}
			}
		},
		{
			"from": [7.75, 3.75, 7.85],
			"to": [8.25, 4.75, 8.85],
			"rotation": {"angle": -45, "axis": "x", "origin": [8, 4.25, 8]},
			"faces": {
				"north": {"uv": [0, 0, 0, 0], "texture": "#0"},
				"east": {"uv": [11.5, 0, 10.5, 1], "texture": "#0"},
				"south": {"uv": [0, 0, 0, 0], "texture": "#0"},
				"west": {"uv": [10.5, 0, 11.5, 1], "texture": "#0"},
				"up": {"uv": [10.5, 0, 11, 1], "texture": "#0"},
				"down": {"uv": [11.5, 0.5, 10.5, 1], "rotation": 90, "texture": "#0"}
			}
		},
		{
			"from": [7.75, 1.25, 6.85],
			"to": [8.25, 4.75, 7.85],
			"rotation": {"angle": -45, "axis": "x", "origin": [8, 4.25, 8]},
			"faces": {
				"north": {"uv": [9.5, 0, 10, 3.5], "texture": "#0"},
				"east": {"uv": [10.5, 0, 9.5, 3.5], "texture": "#0"},
				"south": {"uv": [10, 0, 10.5, 3.5], "texture": "#0"},
				"west": {"uv": [9.5, 0, 10.5, 3.5], "texture": "#0"},
				"up": {"uv": [9.5, 0, 10.5, 0.5], "texture": "#0"},
				"down": {"uv": [10.5, 3, 9.5, 3.5], "rotation": 90, "texture": "#0"}
			}
		},
		{
			"from": [7.75, 2, 6.33579],
			"to": [8.25, 3, 8.83579],
			"rotation": {"angle": 45, "axis": "x", "origin": [8.25, 0.5, 6.58579]},
			"faces": {
				"north": {"uv": [10.5, 2, 11.5, 2.5], "rotation": 90, "texture": "#0"},
				"east": {"uv": [10.5, 2, 11.5, 4.5], "rotation": 90, "texture": "#0"},
				"south": {"uv": [0, 0, 0, 0], "texture": "#0"},
				"west": {"uv": [10.5, 4.5, 11.5, 2], "rotation": 90, "texture": "#0"},
				"up": {"uv": [10.5, 2, 11, 4.5], "texture": "#0"},
				"down": {"uv": [11, 4.5, 11.5, 2], "texture": "#0"}
			}
		},
		{
			"from": [7.75, 2, 5.33579],
			"to": [8.25, 2.5, 6.33579],
			"rotation": {"angle": 45, "axis": "x", "origin": [8.25, 0.5, 6.58579]},
			"faces": {
				"north": {"uv": [11, 1, 11.5, 1.5], "rotation": 90, "texture": "#0"},
				"east": {"uv": [11, 1, 11.5, 2], "rotation": 90, "texture": "#0"},
				"south": {"uv": [0, 0, 0, 0], "rotation": 90, "texture": "#0"},
				"west": {"uv": [11, 1, 11.5, 2], "rotation": 90, "texture": "#0"},
				"up": {"uv": [11, 1, 11.5, 2], "rotation": 90, "texture": "#0"},
				"down": {"uv": [11, 1, 11.5, 2], "rotation": 90, "texture": "#0"}
			}
		},
		{
			"from": [7.5, -1.4, 9.6],
			"to": [8.5, -0.4, 10.6],
			"rotation": {"angle": 0, "axis": "y", "origin": [7.5, 0, 7]},
			"faces": {
				"north": {"uv": [2, 9, 2.5, 10], "texture": "#0"},
				"east": {"uv": [1.5, 9, 2.5, 10], "texture": "#0"},
				"south": {"uv": [1.5, 9, 2, 10], "texture": "#0"},
				"west": {"uv": [2.5, 9, 1.5, 10], "texture": "#0"},
				"up": {"uv": [2.5, 9, 1.5, 9.5], "rotation": 90, "texture": "#0"},
				"down": {"uv": [1.5, 10, 2.5, 9.5], "rotation": 90, "texture": "#0"}
			}
		},
		{
			"from": [7.5, -1.4, 10.6],
			"to": [8.5, -0.9, 12.1],
			"rotation": {"angle": 0, "axis": "y", "origin": [7.5, 0, 7]},
			"faces": {
				"north": {"uv": [0, 0, 0, 0], "texture": "#0"},
				"east": {"uv": [0, 9.5, 1.5, 10], "texture": "#0"},
				"south": {"uv": [0, 9.5, 0.5, 10], "texture": "#0"},
				"west": {"uv": [1.5, 9.5, 0, 10], "texture": "#0"},
				"up": {"uv": [1.5, 9.5, 0, 10], "rotation": 90, "texture": "#0"},
				"down": {"uv": [0, 10, 1.5, 9.5], "rotation": 90, "texture": "#0"}
			}
		},
		{
			"from": [7.5, -1.9, 10.1],
			"to": [8.5, -1.4, 11.6],
			"rotation": {"angle": 0, "axis": "y", "origin": [7.5, 0, 7]},
			"faces": {
				"north": {"uv": [1.5, 10, 2, 10.5], "texture": "#0"},
				"east": {"uv": [0.5, 10, 2, 10.5], "texture": "#0"},
				"south": {"uv": [0.5, 10, 1, 10.5], "texture": "#0"},
				"west": {"uv": [2, 10, 0.5, 10.5], "texture": "#0"},
				"up": {"uv": [0, 0, 0, 0], "rotation": 90, "texture": "#0"},
				"down": {"uv": [0.5, 10.5, 2, 10], "rotation": 90, "texture": "#0"}
			}
		},
		{
			"from": [7.5, -0.4, 9.6],
			"to": [8.5, 1.1, 10.1],
			"rotation": {"angle": 0, "axis": "y", "origin": [7.5, 0, 7]},
			"faces": {
				"north": {"uv": [2.5, 7.5, 2, 9], "texture": "#0"},
				"east": {"uv": [2.5, 7.5, 2, 9], "texture": "#0"},
				"south": {"uv": [2.5, 7.5, 2, 9], "texture": "#0"},
				"west": {"uv": [2.5, 7.5, 2, 9], "texture": "#0"},
				"up": {"uv": [2.5, 7.5, 2, 8], "texture": "#0"},
				"down": {"uv": [0, 0, 0, 0], "texture": "#0"}
			}
		},
		{
			"from": [7.5, -0.9, 9.1],
			"to": [8.5, 0.6, 9.6],
			"rotation": {"angle": 0, "axis": "y", "origin": [7.5, 0, 7]},
			"faces": {
				"north": {"uv": [3, 8, 2.5, 9.5], "texture": "#0"},
				"east": {"uv": [3, 8, 2.5, 9.5], "texture": "#0"},
				"south": {"uv": [0, 0, 0, 0], "texture": "#0"},
				"west": {"uv": [3, 8, 2.5, 9.5], "texture": "#0"},
				"up": {"uv": [3, 8, 2.5, 8.5], "texture": "#0"},
				"down": {"uv": [3, 9, 2.5, 9.5], "texture": "#0"}
			}
		},
		{
			"from": [7.75, 0.35, 11.05],
			"to": [8.25, 16.35, 11.051],
			"rotation": {"angle": 0, "axis": "y", "origin": [8.5, 8, 8.18313]},
			"faces": {
				"north": {"uv": [15.5, 0, 16, 16], "texture": "#0"},
				"east": {"uv": [0, 0, 0, 0], "texture": "#0"},
				"south": {"uv": [15.5, 0, 16, 16], "texture": "#0"},
				"west": {"uv": [0, 0, 0, 0], "texture": "#0"},
				"up": {"uv": [0, 0, 0, 0], "texture": "#0"},
				"down": {"uv": [0, 0, 0, 0], "texture": "#0"}
			}
		},
		{
			"from": [8, -0.15, 10.8],
			"to": [8.001, 0.35, 11.3],
			"rotation": {"angle": 45, "axis": "x", "origin": [8, 0.1, 11.05]},
			"faces": {
				"north": {"uv": [0, 0, 0, 0], "texture": "#0"},
				"east": {"uv": [15.5, 0, 16, 0.5], "texture": "#0"},
				"south": {"uv": [0, 0, 0, 0], "texture": "#0"},
				"west": {"uv": [15.5, 0, 16, 0.5], "texture": "#0"},
				"up": {"uv": [0, 0, 0, 0], "texture": "#0"},
				"down": {"uv": [0, 0, 0, 0], "texture": "#0"}
			}
		},
		{
			"from": [8, 16.35, 10.8],
			"to": [8.001, 16.85, 11.3],
			"rotation": {"angle": 45, "axis": "x", "origin": [8, 16.6, 11.05]},
			"faces": {
				"north": {"uv": [0, 0, 0, 0], "texture": "#0"},
				"east": {"uv": [15.5, 0, 16, 0.5], "texture": "#0"},
				"south": {"uv": [0, 0, 0, 0], "texture": "#0"},
				"west": {"uv": [15.5, 0, 16, 0.5], "texture": "#0"},
				"up": {"uv": [0, 0, 0, 0], "texture": "#0"},
				"down": {"uv": [0, 0, 0, 0], "texture": "#0"}
			}
		},
		{
			"from": [7.5, 4.45, 6],
			"to": [9, 5.95, 6.5],
			"rotation": {"angle": -45, "axis": "y", "origin": [8, 5.2, 6.5]},
			"faces": {
				"north": {"uv": [9.5, 1.5, 8, 0], "rotation": 180, "texture": "#0"},
				"east": {"uv": [7, 0, 7.5, 1.5], "texture": "#0"},
				"south": {"uv": [8.5, 0, 7, 1.5], "texture": "#0"},
				"west": {"uv": [9, 0, 9.5, 1.5], "texture": "#0"},
				"up": {"uv": [7, 1.5, 8.5, 2], "rotation": 180, "texture": "#0"},
				"down": {"uv": [7, 1.5, 5.5, 2], "texture": "#0"}
			}
		},
		{
			"from": [7.5, 4.45, 6.5],
			"to": [8, 5.95, 7.5],
			"rotation": {"angle": -45, "axis": "y", "origin": [8, 5.2, 6.5]},
			"faces": {
				"north": {"uv": [0, 0, 0, 0], "texture": "#0"},
				"east": {"uv": [7, 0, 8, 1.5], "texture": "#0"},
				"south": {"uv": [7, 0, 7.5, 1.5], "texture": "#0"},
				"west": {"uv": [9, 0, 8, 1.5], "texture": "#0"},
				"up": {"uv": [8, 1.5, 7, 2], "rotation": 90, "texture": "#0"},
				"down": {"uv": [5.5, 1.5, 6.5, 2], "rotation": 90, "texture": "#0"}
			}
		},
		{
			"from": [7.5, 3.35, 7.85],
			"to": [8.5, 4.85, 8.35],
			"rotation": {"angle": -22.5, "axis": "x", "origin": [8, 0.75, 8]},
			"faces": {
				"north": {"uv": [10.5, 4.5, 11.5, 6], "texture": "#0"},
				"east": {"uv": [10.5, 4.5, 11, 6], "texture": "#0"},
				"south": {"uv": [11.5, 4.5, 10.5, 6], "texture": "#0"},
				"west": {"uv": [11, 4.5, 11.5, 6], "texture": "#0"},
				"up": {"uv": [0, 0, 0, 0], "texture": "#0"},
				"down": {"uv": [11.5, 5.5, 10.5, 6], "texture": "#0"}
			}
		},
		{
			"from": [6.75, 7.75, 4.75],
			"to": [9.25, 10.25, 4.751],
			"faces": {
				"north": {"uv": [12, 0, 7, 5], "texture": "#1"},
				"east": {"uv": [0, 0, 0, 0], "texture": "#1"},
				"south": {"uv": [7, 0, 12, 5], "texture": "#1"},
				"west": {"uv": [0, 0, 0, 0], "texture": "#1"},
				"up": {"uv": [0, 0, 0, 0], "texture": "#1"},
				"down": {"uv": [0, 0, 0, 0], "texture": "#1"}
			}
		},
		{
			"from": [6.75, 9, 3.5],
			"to": [9.25, 9.001, 6],
			"faces": {
				"north": {"uv": [0, 0, 0, 0], "texture": "#1"},
				"east": {"uv": [0, 0, 0, 0], "texture": "#1"},
				"south": {"uv": [0, 0, 0, 0], "texture": "#1"},
				"west": {"uv": [0, 0, 0, 0], "texture": "#1"},
				"up": {"uv": [7, 0, 12, 5], "texture": "#1"},
				"down": {"uv": [7, 5, 12, 0], "texture": "#1"}
			}
		},
		{
			"from": [8, 7.75, 3.5],
			"to": [8.001, 10.25, 6],
			"faces": {
				"north": {"uv": [0, 0, 0, 0], "texture": "#1"},
				"east": {"uv": [12, 0, 7, 5], "texture": "#1"},
				"south": {"uv": [0, 0, 0, 0], "texture": "#1"},
				"west": {"uv": [7, 0, 12, 5], "texture": "#1"},
				"up": {"uv": [0, 0, 0, 0], "texture": "#1"},
				"down": {"uv": [0, 0, 0, 0], "texture": "#1"}
			}
		}
	],
	"display": {
		"thirdperson_righthand": {
			"translation": [0, -3.75, -1.25],
			"scale": [2, 2, 2]
		},
		"thirdperson_lefthand": {
			"translation": [0, -3.75, -1.25],
			"scale": [2, 2, 2]
		},
		"firstperson_righthand": {
			"rotation": [5, -22, -6],
			"translation": [13, 0, -13],
			"scale": [2, 2, 2]
		},
		"firstperson_lefthand": {
			"rotation": [5, -22, -6],
			"translation": [13, 0, -13],
			"scale": [2, 2, 2]
		},
		"ground": {
			"rotation": [45, 45, 0],
			"translation": [0, 5, 0]
		},
		"gui": {
			"rotation": [-20, 160, 30],
			"translation": [-1, 0.75, 0]
		},
		"fixed": {
			"rotation": [0, 90, 0],
			"translation": [0, -2, -1.5]
		}
	},
	"groups": [
		0,
		1,
		2,
		3,
		4,
		5,
		6,
		7,
		8,
		9,
		10,
		11,
		12,
		13,
		14,
		15,
		{
			"name": "particles",
			"origin": [4, 6, 8],
			"color": 0,
			"children": [16, 17, 18]
		},
		{
			"name": "circle",
			"origin": [7.5, 0, 7.5],
			"color": 0,
			"children": [19, 20, 21, 22, 23, 24, 25]
		},
		26,
		27,
		28,
		29,
		30,
		31,
		32,
		33,
		{
			"name": "bottom circle",
			"origin": [7.5, 0, 7],
			"color": 0,
			"children": [34, 35, 36, 37, 38]
		},
		{
			"name": "string",
			"origin": [8, 16.6, 11.05],
			"color": 0,
			"children": [39, 40, 41]
		},
		42,
		43,
		44,
		{
			"name": "charge",
			"origin": [0, 0, 0],
			"color": 0,
			"children": [45, 46, 47]
		}
	]
}