{
	"credit": "Made by Raycifer",
	"textures": {
		"0": "./thundering_pulse"
	},
	"elements": [
		{
			"from": [7.29403, 7, 7.58839],
			"to": [8.29403, 11, 8.58839],
			"rotation": {"angle": 0, "axis": "y", "origin": [8.29403, 8, 8.58839]},
			"faces": {
				"north": {"uv": [8.5, 3.5, 7.5, 7.5], "texture": "#0"},
				"east": {"uv": [8.5, 3.5, 9, 7.5], "texture": "#0"},
				"south": {"uv": [7.5, 3.5, 8.5, 7.5], "texture": "#0"},
				"west": {"uv": [7.5, 3.5, 7, 7.5], "texture": "#0"},
				"up": {"uv": [0, 0, 0, 0], "rotation": 90, "texture": "#0"},
				"down": {"uv": [0, 0, 0, 0], "rotation": 270, "texture": "#0"}
			}
		},
		{
			"from": [7.04403, 10.75, 7.33839],
			"to": [9.54403, 11.75, 8.83839],
			"rotation": {"angle": -22.5, "axis": "z", "origin": [7.79403, 11.75, 8.08839]},
			"faces": {
				"north": {"uv": [7, 2, 4.5, 3], "texture": "#0"},
				"east": {"uv": [6.5, 2, 7, 3], "texture": "#0"},
				"south": {"uv": [4.5, 2, 7, 3], "texture": "#0"},
				"west": {"uv": [4.5, 2, 5, 3], "texture": "#0"},
				"up": {"uv": [7, 2, 4.5, 2.5], "rotation": 180, "texture": "#0"},
				"down": {"uv": [7, 2.5, 4.5, 3], "rotation": 180, "texture": "#0"}
			}
		},
		{
			"from": [6.79403, 6.25, 7.33839],
			"to": [9.29403, 7.25, 8.83839],
			"rotation": {"angle": 22.5, "axis": "z", "origin": [7.79403, 6.5, 8.08839]},
			"faces": {
				"north": {"uv": [7, 3, 4.5, 4], "texture": "#0"},
				"east": {"uv": [6.5, 3, 7, 4], "texture": "#0"},
				"south": {"uv": [4.5, 3, 7, 4], "texture": "#0"},
				"west": {"uv": [4.5, 3, 5, 4], "texture": "#0"},
				"up": {"uv": [7, 3, 4.5, 3.5], "rotation": 180, "texture": "#0"},
				"down": {"uv": [7, 3.5, 4.5, 4], "rotation": 180, "texture": "#0"}
			}
		},
		{
			"from": [7.74403, 14.9, 7.83839],
			"to": [8.74403, 21.4, 8.33839],
			"rotation": {"angle": 45, "axis": "z", "origin": [7.79403, 16.5, 8.08839]},
			"faces": {
				"north": {"uv": [0.5, 0, 7, 1], "rotation": 270, "texture": "#0"},
				"east": {"uv": [0.5, 0, 7, 0.5], "rotation": 270, "texture": "#0"},
				"south": {"uv": [7, 0, 0.5, 1], "rotation": 90, "texture": "#0"},
				"west": {"uv": [0.5, 0.5, 7, 1], "rotation": 270, "texture": "#0"},
				"up": {"uv": [6.5, 0, 7, 1], "rotation": 90, "texture": "#0"},
				"down": {"uv": [0, 0, 0, 0], "rotation": 90, "texture": "#0"}
			}
		},
		{
			"from": [7.24403, 14.9, 7.83839],
			"to": [7.74403, 20.9, 8.33839],
			"rotation": {"angle": 45, "axis": "z", "origin": [7.79403, 16.5, 8.08839]},
			"faces": {
				"north": {"uv": [0.5, 1, 6.5, 1.5], "rotation": 270, "texture": "#0"},
				"east": {"uv": [0, 0, 0, 0], "rotation": 270, "texture": "#0"},
				"south": {"uv": [6.5, 1, 0.5, 1.5], "rotation": 90, "texture": "#0"},
				"west": {"uv": [0.5, 1, 6.5, 1.5], "rotation": 270, "texture": "#0"},
				"up": {"uv": [3.25, 1, 3.75, 1.5], "rotation": 90, "texture": "#0"},
				"down": {"uv": [0, 0, 0, 0], "rotation": 270, "texture": "#0"}
			}
		},
		{
			"from": [6.74403, 14.9, 7.83839],
			"to": [7.24403, 17.4, 8.33839],
			"rotation": {"angle": 45, "axis": "z", "origin": [7.79403, 16.5, 8.08839]},
			"faces": {
				"north": {"uv": [0.5, 1.5, 3, 2], "rotation": 270, "texture": "#0"},
				"east": {"uv": [0.5, 1.5, 3, 2], "rotation": 270, "texture": "#0"},
				"south": {"uv": [3, 1.5, 0.5, 2], "rotation": 90, "texture": "#0"},
				"west": {"uv": [0.5, 1.5, 3, 2], "rotation": 270, "texture": "#0"},
				"up": {"uv": [2.5, 1.5, 3, 2], "rotation": 90, "texture": "#0"},
				"down": {"uv": [0, 0, 0, 0], "rotation": 90, "texture": "#0"}
			}
		},
		{
			"from": [6.74403, 18.9, 7.83839],
			"to": [7.24403, 19.4, 8.33839],
			"rotation": {"angle": 45, "axis": "z", "origin": [7.79403, 16.5, 8.08839]},
			"faces": {
				"north": {"uv": [4.5, 1.5, 5, 2], "rotation": 270, "texture": "#0"},
				"east": {"uv": [0, 0, 0, 0], "rotation": 270, "texture": "#0"},
				"south": {"uv": [4.5, 1.5, 5, 2], "rotation": 270, "texture": "#0"},
				"west": {"uv": [4.5, 1.5, 5, 2], "rotation": 270, "texture": "#0"},
				"up": {"uv": [4.5, 1.5, 5, 2], "texture": "#0"},
				"down": {"uv": [4.5, 1.5, 5, 2], "rotation": 180, "texture": "#0"}
			}
		},
		{
			"from": [4.24403, 20.8, 7.58839],
			"to": [4.74403, 22.8, 8.58839],
			"rotation": {"angle": 22.5, "axis": "z", "origin": [6.49403, 22.05, 8.08839]},
			"faces": {
				"north": {"uv": [8.5, 1.5, 9, 3.5], "texture": "#0"},
				"east": {"uv": [8.5, 1.5, 9, 3.5], "texture": "#0"},
				"south": {"uv": [9, 1.5, 8.5, 3.5], "texture": "#0"},
				"west": {"uv": [8.5, 1.5, 9, 3.5], "texture": "#0"},
				"up": {"uv": [8.5, 1.5, 9, 2], "rotation": 180, "texture": "#0"},
				"down": {"uv": [8.5, 3, 9, 3.5], "rotation": 180, "texture": "#0"}
			}
		},
		{
			"from": [3.74403, 20.8, 7.58839],
			"to": [4.24403, 22.3, 8.58839],
			"rotation": {"angle": 22.5, "axis": "z", "origin": [6.49403, 22.05, 8.08839]},
			"faces": {
				"north": {"uv": [9, 2, 9.5, 3.5], "texture": "#0"},
				"east": {"uv": [0, 0, 0, 0], "texture": "#0"},
				"south": {"uv": [9.5, 2, 9, 3.5], "texture": "#0"},
				"west": {"uv": [9, 2, 9.5, 3.5], "texture": "#0"},
				"up": {"uv": [9, 2, 9.5, 2.5], "rotation": 180, "texture": "#0"},
				"down": {"uv": [9, 3, 9.5, 3.5], "rotation": 180, "texture": "#0"}
			}
		},
		{
			"from": [4.24403, -3.2, 7.33839],
			"to": [4.74403, -1.2, 8.83839],
			"rotation": {"angle": -22.5, "axis": "z", "origin": [4.24403, -2.2, 8.08839]},
			"faces": {
				"north": {"uv": [9, 5.5, 9.5, 3.5], "texture": "#0"},
				"east": {"uv": [9, 5.5, 10.5, 3.5], "texture": "#0"},
				"south": {"uv": [10.5, 5.5, 10, 3.5], "texture": "#0"},
				"west": {"uv": [9, 5.5, 10.5, 3.5], "texture": "#0"},
				"up": {"uv": [9, 5, 10.5, 5.5], "rotation": 90, "texture": "#0"},
				"down": {"uv": [9, 3.5, 10.5, 4], "rotation": 90, "texture": "#0"}
			}
		},
		{
			"from": [3.74403, -2.7, 7.33839],
			"to": [4.24403, -1.2, 8.83839],
			"rotation": {"angle": -22.5, "axis": "z", "origin": [4.24403, -2.2, 8.08839]},
			"faces": {
				"north": {"uv": [8, 3.5, 8.5, 2], "texture": "#0"},
				"east": {"uv": [0, 0, 0, 0], "texture": "#0"},
				"south": {"uv": [7.5, 3.5, 7, 2], "texture": "#0"},
				"west": {"uv": [7, 3.5, 8.5, 2], "texture": "#0"},
				"up": {"uv": [7, 3, 8.5, 3.5], "rotation": 90, "texture": "#0"},
				"down": {"uv": [7, 2, 8.5, 2.5], "rotation": 270, "texture": "#0"}
			}
		},
		{
			"from": [6.54403, 5.75, 6.33839],
			"to": [9.54403, 5.751, 9.83839],
			"rotation": {"angle": 22.5, "axis": "z", "origin": [7.79403, 5.5, 8.08839]},
			"faces": {
				"north": {"uv": [0, 0, 0, 0], "texture": "#0"},
				"east": {"uv": [0, 0, 0, 0], "texture": "#0"},
				"south": {"uv": [0, 0, 0, 0], "texture": "#0"},
				"west": {"uv": [0, 0, 0, 0], "texture": "#0"},
				"up": {"uv": [5.5, 10.5, 9, 7.5], "rotation": 270, "texture": "#0"},
				"down": {"uv": [5.5, 10.5, 9, 7.5], "rotation": 270, "texture": "#0"}
			}
		},
		{
			"from": [7.04403, 12.25, 6.33839],
			"to": [10.04403, 12.251, 9.83839],
			"rotation": {"angle": -22.5, "axis": "z", "origin": [9.29403, 11.75, 8.08839]},
			"faces": {
				"north": {"uv": [0, 0, 0, 0], "texture": "#0"},
				"east": {"uv": [0, 0, 0, 0], "texture": "#0"},
				"south": {"uv": [0, 0, 0, 0], "texture": "#0"},
				"west": {"uv": [0, 0, 0, 0], "texture": "#0"},
				"up": {"uv": [5.5, 10.5, 9, 7.5], "rotation": 270, "texture": "#0"},
				"down": {"uv": [5.5, 10.5, 9, 7.5], "rotation": 270, "texture": "#0"}
			}
		},
		{
			"from": [7.44403, 11.75, 7.58839],
			"to": [8.94403, 12.75, 8.58839],
			"rotation": {"angle": -22.5, "axis": "z", "origin": [7.79403, 11.5, 8.08839]},
			"faces": {
				"north": {"uv": [4.5, 2, 6, 3], "texture": "#0"},
				"east": {"uv": [4.5, 2, 5, 3], "texture": "#0"},
				"south": {"uv": [4.5, 2, 6, 3], "texture": "#0"},
				"west": {"uv": [5.5, 2, 6, 3], "texture": "#0"},
				"up": {"uv": [4.5, 2, 6, 2.5], "rotation": 180, "texture": "#0"},
				"down": {"uv": [0, 0, 0, 0], "rotation": 180, "texture": "#0"}
			}
		},
		{
			"from": [5.94403, 12.25, 7.33839],
			"to": [7.44403, 12.75, 8.83839],
			"rotation": {"angle": -22.5, "axis": "z", "origin": [7.79403, 11.5, 8.08839]},
			"faces": {
				"north": {"uv": [10.5, 5.5, 10, 7], "rotation": 90, "texture": "#0"},
				"east": {"uv": [0, 0, 0, 0], "texture": "#0"},
				"south": {"uv": [9, 7, 9.5, 5.5], "rotation": 90, "texture": "#0"},
				"west": {"uv": [9, 5.5, 10.5, 6], "texture": "#0"},
				"up": {"uv": [9, 7, 10.5, 5.5], "rotation": 90, "texture": "#0"},
				"down": {"uv": [9, 7, 10.5, 8.5], "rotation": 270, "texture": "#0"}
			}
		},
		{
			"from": [6.94403, 12.75, 7.83839],
			"to": [8.94403, 13.75, 8.33839],
			"rotation": {"angle": -22.5, "axis": "z", "origin": [7.79403, 11.5, 8.08839]},
			"faces": {
				"north": {"uv": [5, 4, 7, 5], "texture": "#0"},
				"east": {"uv": [5, 4, 5.5, 5], "texture": "#0"},
				"south": {"uv": [7, 4, 5, 5], "texture": "#0"},
				"west": {"uv": [6.5, 4, 7, 5], "texture": "#0"},
				"up": {"uv": [0, 0, 0, 0], "rotation": 180, "texture": "#0"},
				"down": {"uv": [0, 0, 0, 0], "texture": "#0"}
			}
		},
		{
			"from": [10.04403, 11.75, 8.08839],
			"to": [12.54403, 12.75, 8.08939],
			"rotation": {"angle": 0, "axis": "y", "origin": [8.79403, 7.75, 9.08839]},
			"faces": {
				"north": {"uv": [8.5, 11, 6, 12], "texture": "#0"},
				"east": {"uv": [0, 0, 0, 0], "texture": "#0"},
				"south": {"uv": [6, 11, 8.5, 12], "texture": "#0"},
				"west": {"uv": [0, 0, 0, 0], "texture": "#0"},
				"up": {"uv": [0, 0, 0, 0], "rotation": 90, "texture": "#0"},
				"down": {"uv": [0, 0, 0, 0], "rotation": 270, "texture": "#0"}
			}
		},
		{
			"from": [10.29403, 13.25, 8.08839],
			"to": [13.79403, 14.75, 8.08939],
			"rotation": {"angle": 22.5, "axis": "z", "origin": [11.29403, 13.75, 8.08839]},
			"faces": {
				"north": {"uv": [9.5, 12, 6, 13.5], "texture": "#0"},
				"east": {"uv": [0, 0, 0, 0], "texture": "#0"},
				"south": {"uv": [6, 12, 9.5, 13.5], "texture": "#0"},
				"west": {"uv": [0, 0, 0, 0], "texture": "#0"},
				"up": {"uv": [0, 0, 0, 0], "rotation": 90, "texture": "#0"},
				"down": {"uv": [0, 0, 0, 0], "rotation": 270, "texture": "#0"}
			}
		},
		{
			"from": [8.54403, 14.5, 8.08839],
			"to": [11.04403, 20, 8.08939],
			"rotation": {"angle": -22.5, "axis": "z", "origin": [11.29403, 13.75, 8.08839]},
			"faces": {
				"north": {"uv": [11.5, 13.5, 6, 16], "rotation": 90, "texture": "#0"},
				"east": {"uv": [0, 0, 0, 0], "texture": "#0"},
				"south": {"uv": [11.5, 16, 6, 13.5], "rotation": 90, "texture": "#0"},
				"west": {"uv": [0, 0, 0, 0], "texture": "#0"},
				"up": {"uv": [0, 0, 0, 0], "rotation": 90, "texture": "#0"},
				"down": {"uv": [0, 0, 0, 0], "rotation": 270, "texture": "#0"}
			}
		},
		{
			"from": [9.79403, 16, 7.58839],
			"to": [10.29403, 16.5, 8.58839],
			"rotation": {"angle": 0, "axis": "y", "origin": [8.54403, 8, 8.58839]},
			"faces": {
				"north": {"uv": [2.5, 2, 3, 2.5], "texture": "#0"},
				"east": {"uv": [2.5, 2, 3, 2.5], "texture": "#0"},
				"south": {"uv": [2.5, 2, 3, 2.5], "texture": "#0"},
				"west": {"uv": [2.5, 2, 3, 2.5], "texture": "#0"},
				"up": {"uv": [2.5, 2, 3, 2.5], "rotation": 90, "texture": "#0"},
				"down": {"uv": [0, 0, 0, 0], "rotation": 270, "texture": "#0"}
			}
		},
		{
			"from": [8.79403, 15.5, 7.58839],
			"to": [10.29403, 16, 8.58839],
			"rotation": {"angle": 0, "axis": "y", "origin": [8.54403, 8, 8.58839]},
			"faces": {
				"north": {"uv": [3, 2.5, 1.5, 3], "texture": "#0"},
				"east": {"uv": [2.5, 2.5, 3, 3], "texture": "#0"},
				"south": {"uv": [1.5, 2.5, 3, 3], "texture": "#0"},
				"west": {"uv": [1.5, 2.5, 2, 3], "texture": "#0"},
				"up": {"uv": [3, 2.5, 1.5, 3], "rotation": 180, "texture": "#0"},
				"down": {"uv": [3, 2.5, 1.5, 3], "rotation": 180, "texture": "#0"}
			}
		},
		{
			"from": [8.29403, 15, 7.58839],
			"to": [9.79403, 15.5, 8.58839],
			"rotation": {"angle": 0, "axis": "y", "origin": [8.54403, 8, 8.58839]},
			"faces": {
				"north": {"uv": [2.5, 3, 1, 3.5], "texture": "#0"},
				"east": {"uv": [2, 3, 2.5, 3.5], "texture": "#0"},
				"south": {"uv": [1, 3, 2.5, 3.5], "texture": "#0"},
				"west": {"uv": [1, 3, 1.5, 3.5], "texture": "#0"},
				"up": {"uv": [2.5, 3, 1, 3.5], "rotation": 180, "texture": "#0"},
				"down": {"uv": [2.5, 3, 1, 3.5], "rotation": 180, "texture": "#0"}
			}
		},
		{
			"from": [8.79403, 12.5, 7.58839],
			"to": [10.29403, 13, 8.58839],
			"rotation": {"angle": 0, "axis": "y", "origin": [8.54403, 8, 8.58839]},
			"faces": {
				"north": {"uv": [3, 5.5, 1.5, 6], "texture": "#0"},
				"east": {"uv": [2.5, 5.5, 3, 6], "texture": "#0"},
				"south": {"uv": [1.5, 5.5, 3, 6], "texture": "#0"},
				"west": {"uv": [1.5, 5.5, 2, 6], "texture": "#0"},
				"up": {"uv": [0, 0, 0, 0], "rotation": 180, "texture": "#0"},
				"down": {"uv": [3, 5.5, 1.5, 6], "rotation": 180, "texture": "#0"}
			}
		},
		{
			"from": [8.29403, 13, 7.58839],
			"to": [10.79403, 13.5, 8.58839],
			"rotation": {"angle": 0, "axis": "y", "origin": [9.04403, 8, 8.58839]},
			"faces": {
				"north": {"uv": [3.5, 5, 1, 5.5], "texture": "#0"},
				"east": {"uv": [3, 5, 3.5, 5.5], "texture": "#0"},
				"south": {"uv": [1, 5, 3.5, 5.5], "texture": "#0"},
				"west": {"uv": [1, 5, 1.5, 5.5], "texture": "#0"},
				"up": {"uv": [3.5, 5, 1, 5.5], "rotation": 180, "texture": "#0"},
				"down": {"uv": [3.5, 5, 1, 5.5], "rotation": 180, "texture": "#0"}
			}
		},
		{
			"from": [7.79403, 13.5, 7.58839],
			"to": [8.79403, 15, 8.58839],
			"rotation": {"angle": 0, "axis": "y", "origin": [8.29403, 8, 8.58839]},
			"faces": {
				"north": {"uv": [1.5, 3.5, 0.5, 5], "texture": "#0"},
				"east": {"uv": [1, 3.5, 1.5, 5], "texture": "#0"},
				"south": {"uv": [0.5, 3.5, 1.5, 5], "texture": "#0"},
				"west": {"uv": [0.5, 3.5, 1, 5], "texture": "#0"},
				"up": {"uv": [1.5, 3.5, 0.5, 4], "rotation": 180, "texture": "#0"},
				"down": {"uv": [1.5, 4.5, 0.5, 5], "rotation": 180, "texture": "#0"}
			}
		},
		{
			"from": [10.29403, 13.5, 7.58839],
			"to": [11.29403, 15, 8.58839],
			"rotation": {"angle": 0, "axis": "y", "origin": [8.29403, 8, 8.58839]},
			"faces": {
				"north": {"uv": [4, 3.5, 3, 5], "texture": "#0"},
				"east": {"uv": [3.5, 3.5, 4, 5], "texture": "#0"},
				"south": {"uv": [3, 3.5, 4, 5], "texture": "#0"},
				"west": {"uv": [3.5, 3.5, 3, 5], "texture": "#0"},
				"up": {"uv": [4, 3.5, 3, 4], "rotation": 180, "texture": "#0"},
				"down": {"uv": [4, 4.5, 3, 5], "rotation": 180, "texture": "#0"}
			}
		},
		{
			"from": [8.79403, 14.5, 7.83839],
			"to": [9.29403, 15, 8.33839],
			"rotation": {"angle": 0, "axis": "y", "origin": [8.54403, 8, 8.83839]},
			"faces": {
				"north": {"uv": [1.5, 6, 2, 6.5], "texture": "#0"},
				"east": {"uv": [1.5, 3.5, 2, 4], "texture": "#0"},
				"south": {"uv": [1.5, 6, 2, 6.5], "texture": "#0"},
				"west": {"uv": [0, 0, 0, 0], "texture": "#0"},
				"up": {"uv": [0, 0, 0, 0], "rotation": 180, "texture": "#0"},
				"down": {"uv": [1.5, 3.5, 2, 4], "rotation": 180, "texture": "#0"}
			}
		},
		{
			"from": [9.29403, 13.5, 7.83839],
			"to": [9.79403, 14, 8.33839],
			"rotation": {"angle": 0, "axis": "y", "origin": [8.54403, 8, 8.83839]},
			"faces": {
				"north": {"uv": [2, 7, 2.5, 7.5], "texture": "#0"},
				"east": {"uv": [2, 4.5, 2.5, 5], "texture": "#0"},
				"south": {"uv": [2, 7, 2.5, 7.5], "texture": "#0"},
				"west": {"uv": [2, 4.5, 2.5, 5], "texture": "#0"},
				"up": {"uv": [0, 0, 0, 0], "texture": "#0"},
				"down": {"uv": [0, 0, 0, 0], "rotation": 180, "texture": "#0"}
			}
		},
		{
			"from": [9.29403, 14, 7.83839],
			"to": [10.29403, 14.5, 8.33839],
			"rotation": {"angle": 0, "axis": "y", "origin": [8.54403, 8, 8.83839]},
			"faces": {
				"north": {"uv": [2, 6.5, 3, 7], "texture": "#0"},
				"east": {"uv": [0, 0, 0, 0], "texture": "#0"},
				"south": {"uv": [2, 6.5, 3, 7], "texture": "#0"},
				"west": {"uv": [2, 4, 2.5, 4.5], "texture": "#0"},
				"up": {"uv": [2, 4, 3, 4.5], "rotation": 180, "texture": "#0"},
				"down": {"uv": [2, 4, 3, 4.5], "rotation": 180, "texture": "#0"}
			}
		},
		{
			"from": [7.47716, 4.5, 7.58839],
			"to": [8.47716, 6.5, 8.58839],
			"rotation": {"angle": 0, "axis": "y", "origin": [8.97716, 0, 7.58839]},
			"faces": {
				"north": {"uv": [11.5, 8.5, 10.5, 10.5], "texture": "#0"},
				"east": {"uv": [11, 8.5, 11.5, 10.5], "texture": "#0"},
				"south": {"uv": [10.5, 8.5, 11.5, 10.5], "texture": "#0"},
				"west": {"uv": [9.5, 8.5, 10.5, 10.5], "texture": "#0"},
				"up": {"uv": [0, 0, 0, 0], "rotation": 90, "texture": "#0"},
				"down": {"uv": [10.5, 10, 11.5, 10.5], "texture": "#0"}
			}
		},
		{
			"from": [7.62716, 3.75, 7.83839],
			"to": [8.62716, 4.75, 8.33839],
			"rotation": {"angle": -45, "axis": "z", "origin": [8.47716, 4.25, 8.08839]},
			"faces": {
				"north": {"uv": [10.5, 0, 11.5, 1], "texture": "#0"},
				"east": {"uv": [0, 0, 0, 0], "texture": "#0"},
				"south": {"uv": [11.5, 0, 10.5, 1], "texture": "#0"},
				"west": {"uv": [0, 0, 0, 0], "texture": "#0"},
				"up": {"uv": [10.5, 0, 11, 1], "rotation": 90, "texture": "#0"},
				"down": {"uv": [11.5, 0.5, 10.5, 1], "texture": "#0"}
			}
		},
		{
			"from": [8.62716, 1.25, 7.83839],
			"to": [9.62716, 4.75, 8.33839],
			"rotation": {"angle": -45, "axis": "z", "origin": [8.47716, 4.25, 8.08839]},
			"faces": {
				"north": {"uv": [9.5, 0, 10.5, 3.5], "texture": "#0"},
				"east": {"uv": [9.5, 0, 10, 3.5], "texture": "#0"},
				"south": {"uv": [10.5, 0, 9.5, 3.5], "texture": "#0"},
				"west": {"uv": [10, 0, 10.5, 3.5], "texture": "#0"},
				"up": {"uv": [9.5, 0, 10.5, 0.5], "rotation": 90, "texture": "#0"},
				"down": {"uv": [10.5, 3, 9.5, 3.5], "texture": "#0"}
			}
		},
		{
			"from": [7.64137, 2, 7.83839],
			"to": [10.14137, 3, 8.33839],
			"rotation": {"angle": 45, "axis": "z", "origin": [9.89137, 0.5, 8.33839]},
			"faces": {
				"north": {"uv": [10.5, 4.5, 11.5, 2], "rotation": 90, "texture": "#0"},
				"east": {"uv": [10.5, 2, 11.5, 2.5], "rotation": 90, "texture": "#0"},
				"south": {"uv": [10.5, 2, 11.5, 4.5], "rotation": 90, "texture": "#0"},
				"west": {"uv": [0, 0, 0, 0], "texture": "#0"},
				"up": {"uv": [10.5, 2, 11, 4.5], "rotation": 90, "texture": "#0"},
				"down": {"uv": [11, 4.5, 11.5, 2], "rotation": 270, "texture": "#0"}
			}
		},
		{
			"from": [10.14137, 2, 7.83839],
			"to": [11.14137, 2.5, 8.33839],
			"rotation": {"angle": 45, "axis": "z", "origin": [9.89137, 0.5, 8.33839]},
			"faces": {
				"north": {"uv": [11, 1, 11.5, 2], "rotation": 90, "texture": "#0"},
				"east": {"uv": [11, 1, 11.5, 1.5], "rotation": 90, "texture": "#0"},
				"south": {"uv": [11, 1, 11.5, 2], "rotation": 90, "texture": "#0"},
				"west": {"uv": [0, 0, 0, 0], "rotation": 90, "texture": "#0"},
				"up": {"uv": [11, 1, 11.5, 2], "rotation": 180, "texture": "#0"},
				"down": {"uv": [11, 1, 11.5, 2], "texture": "#0"}
			}
		},
		{
			"from": [5.87716, -1.4, 7.58839],
			"to": [6.87716, -0.4, 8.58839],
			"rotation": {"angle": 0, "axis": "y", "origin": [9.47716, 0, 7.58839]},
			"faces": {
				"north": {"uv": [2.5, 9, 1.5, 10], "texture": "#0"},
				"east": {"uv": [2, 9, 2.5, 10], "texture": "#0"},
				"south": {"uv": [1.5, 9, 2.5, 10], "texture": "#0"},
				"west": {"uv": [1.5, 9, 2, 10], "texture": "#0"},
				"up": {"uv": [2.5, 9, 1.5, 9.5], "rotation": 180, "texture": "#0"},
				"down": {"uv": [1.5, 10, 2.5, 9.5], "texture": "#0"}
			}
		},
		{
			"from": [4.37716, -1.4, 7.58839],
			"to": [5.87716, -0.9, 8.58839],
			"rotation": {"angle": 0, "axis": "y", "origin": [9.47716, 0, 7.58839]},
			"faces": {
				"north": {"uv": [1.5, 9.5, 0, 10], "texture": "#0"},
				"east": {"uv": [0, 0, 0, 0], "texture": "#0"},
				"south": {"uv": [0, 9.5, 1.5, 10], "texture": "#0"},
				"west": {"uv": [0, 9.5, 0.5, 10], "texture": "#0"},
				"up": {"uv": [1.5, 9.5, 0, 10], "rotation": 180, "texture": "#0"},
				"down": {"uv": [0, 10, 1.5, 9.5], "texture": "#0"}
			}
		},
		{
			"from": [4.87716, -1.9, 7.58839],
			"to": [6.37716, -1.4, 8.58839],
			"rotation": {"angle": 0, "axis": "y", "origin": [9.47716, 0, 7.58839]},
			"faces": {
				"north": {"uv": [2, 10, 0.5, 10.5], "texture": "#0"},
				"east": {"uv": [1.5, 10, 2, 10.5], "texture": "#0"},
				"south": {"uv": [0.5, 10, 2, 10.5], "texture": "#0"},
				"west": {"uv": [0.5, 10, 1, 10.5], "texture": "#0"},
				"up": {"uv": [0, 0, 0, 0], "rotation": 180, "texture": "#0"},
				"down": {"uv": [0.5, 10.5, 2, 10], "texture": "#0"}
			}
		},
		{
			"from": [6.37716, -0.4, 7.58839],
			"to": [6.87716, 1.1, 8.58839],
			"rotation": {"angle": 0, "axis": "y", "origin": [9.47716, 0, 7.58839]},
			"faces": {
				"north": {"uv": [2.5, 7.5, 2, 9], "texture": "#0"},
				"east": {"uv": [2.5, 7.5, 2, 9], "texture": "#0"},
				"south": {"uv": [2.5, 7.5, 2, 9], "texture": "#0"},
				"west": {"uv": [2.5, 7.5, 2, 9], "texture": "#0"},
				"up": {"uv": [2.5, 7.5, 2, 8], "rotation": 90, "texture": "#0"},
				"down": {"uv": [0, 0, 0, 0], "rotation": 270, "texture": "#0"}
			}
		},
		{
			"from": [6.87716, -0.9, 7.58839],
			"to": [7.37716, 0.6, 8.58839],
			"rotation": {"angle": 0, "axis": "y", "origin": [9.47716, 0, 7.58839]},
			"faces": {
				"north": {"uv": [3, 8, 2.5, 9.5], "texture": "#0"},
				"east": {"uv": [3, 8, 2.5, 9.5], "texture": "#0"},
				"south": {"uv": [3, 8, 2.5, 9.5], "texture": "#0"},
				"west": {"uv": [0, 0, 0, 0], "texture": "#0"},
				"up": {"uv": [3, 8, 2.5, 8.5], "rotation": 90, "texture": "#0"},
				"down": {"uv": [3, 9, 2.5, 9.5], "rotation": 270, "texture": "#0"}
			}
		},
		{
			"from": [5.42616, 0.35, 7.83839],
			"to": [5.42716, 16.35, 8.33839],
			"rotation": {"angle": 0, "axis": "y", "origin": [8.29403, 8, 8.58839]},
			"faces": {
				"north": {"uv": [0, 0, 0, 0], "texture": "#0"},
				"east": {"uv": [15.5, 0, 16, 16], "texture": "#0"},
				"south": {"uv": [0, 0, 0, 0], "texture": "#0"},
				"west": {"uv": [15.5, 0, 16, 16], "texture": "#0"},
				"up": {"uv": [0, 0, 0, 0], "rotation": 90, "texture": "#0"},
				"down": {"uv": [0, 0, 0, 0], "rotation": 270, "texture": "#0"}
			}
		},
		{
			"from": [5.17716, -0.15, 8.08839],
			"to": [5.67716, 0.35, 8.08939],
			"rotation": {"angle": 45, "axis": "z", "origin": [5.42716, 0.1, 8.08839]},
			"faces": {
				"north": {"uv": [15.5, 0, 16, 0.5], "texture": "#0"},
				"east": {"uv": [0, 0, 0, 0], "texture": "#0"},
				"south": {"uv": [15.5, 0, 16, 0.5], "texture": "#0"},
				"west": {"uv": [0, 0, 0, 0], "texture": "#0"},
				"up": {"uv": [0, 0, 0, 0], "rotation": 90, "texture": "#0"},
				"down": {"uv": [0, 0, 0, 0], "rotation": 270, "texture": "#0"}
			}
		},
		{
			"from": [5.17716, 16.35, 8.08839],
			"to": [5.67716, 16.85, 8.08939],
			"rotation": {"angle": 45, "axis": "z", "origin": [5.42716, 16.6, 8.08839]},
			"faces": {
				"north": {"uv": [15.5, 0, 16, 0.5], "texture": "#0"},
				"east": {"uv": [0, 0, 0, 0], "texture": "#0"},
				"south": {"uv": [15.5, 0, 16, 0.5], "texture": "#0"},
				"west": {"uv": [0, 0, 0, 0], "texture": "#0"},
				"up": {"uv": [0, 0, 0, 0], "rotation": 90, "texture": "#0"},
				"down": {"uv": [0, 0, 0, 0], "rotation": 270, "texture": "#0"}
			}
		},
		{
			"from": [9.97716, 4.45, 7.58839],
			"to": [10.47716, 5.95, 9.08839],
			"rotation": {"angle": -45, "axis": "y", "origin": [9.97716, 5.2, 8.08839]},
			"faces": {
				"north": {"uv": [9, 0, 9.5, 1.5], "texture": "#0"},
				"east": {"uv": [9.5, 1.5, 8, 0], "rotation": 180, "texture": "#0"},
				"south": {"uv": [7, 0, 7.5, 1.5], "texture": "#0"},
				"west": {"uv": [8.5, 0, 7, 1.5], "texture": "#0"},
				"up": {"uv": [7, 1.5, 8.5, 2], "rotation": 270, "texture": "#0"},
				"down": {"uv": [7, 1.5, 5.5, 2], "rotation": 270, "texture": "#0"}
			}
		},
		{
			"from": [8.97716, 4.45, 7.58839],
			"to": [9.97716, 5.95, 8.08839],
			"rotation": {"angle": -45, "axis": "y", "origin": [9.97716, 5.2, 8.08839]},
			"faces": {
				"north": {"uv": [9, 0, 8, 1.5], "texture": "#0"},
				"east": {"uv": [0, 0, 0, 0], "texture": "#0"},
				"south": {"uv": [7, 0, 8, 1.5], "texture": "#0"},
				"west": {"uv": [7, 0, 7.5, 1.5], "texture": "#0"},
				"up": {"uv": [8, 1.5, 7, 2], "rotation": 180, "texture": "#0"},
				"down": {"uv": [5.5, 1.5, 6.5, 2], "texture": "#0"}
			}
		},
		{
			"from": [8.12716, 3.35, 7.58839],
			"to": [8.62716, 4.85, 8.58839],
			"rotation": {"angle": -22.5, "axis": "z", "origin": [8.47716, 0.75, 8.08839]},
			"faces": {
				"north": {"uv": [11, 4.5, 11.5, 6], "texture": "#0"},
				"east": {"uv": [10.5, 4.5, 11.5, 6], "texture": "#0"},
				"south": {"uv": [10.5, 4.5, 11, 6], "texture": "#0"},
				"west": {"uv": [11.5, 4.5, 10.5, 6], "texture": "#0"},
				"up": {"uv": [0, 0, 0, 0], "rotation": 90, "texture": "#0"},
				"down": {"uv": [11.5, 5.5, 10.5, 6], "rotation": 270, "texture": "#0"}
			}
		}
	],
	"display": {
		"thirdperson_righthand": {
			"rotation": [67.5, 0, 22.5],
			"translation": [-5, -12.5, 8.25],
			"scale": [2, 2, 2]
		},
		"thirdperson_lefthand": {
			"rotation": [67.5, 0, -22.5],
			"translation": [-7, -12.5, 8.25],
			"scale": [2, 2, 2]
		},
		"firstperson_righthand": {
			"rotation": [5, 90, -6],
			"translation": [13, 0, -13],
			"scale": [2, 2, 2]
		},
		"firstperson_lefthand": {
			"rotation": [5, -90, -6],
			"translation": [13, 0, -13],
			"scale": [2, 2, 2]
		},
		"ground": {
			"rotation": [45, 45, 0],
			"translation": [0, 5, 0]
		},
		"gui": {
			"rotation": [-20, 160, 30],
			"translation": [-1, 0.75, 0]
		},
		"fixed": {
			"rotation": [0, 90, 0],
			"translation": [0, -2, -1.5]
		}
	},
	"groups": [
		0,
		1,
		2,
		3,
		4,
		5,
		6,
		7,
		8,
		9,
		10,
		11,
		12,
		13,
		14,
		15,
		{
			"name": "particles",
			"origin": [4, 6, 8],
			"color": 0,
			"children": [16, 17, 18]
		},
		{
			"name": "circle",
			"origin": [7.5, 0, 7.5],
			"color": 0,
			"children": [19, 20, 21, 22, 23, 24, 25]
		},
		26,
		27,
		28,
		29,
		30,
		31,
		32,
		33,
		{
			"name": "bottom circle",
			"origin": [7.5, 0, 7],
			"color": 0,
			"children": [34, 35, 36, 37, 38]
		},
		{
			"name": "string",
			"origin": [8, 16.6, 11.05],
			"color": 0,
			"children": [39, 40, 41]
		},
		42,
		43,
		44
	]
}