{
	"credit": "Made by Raycifer",
	"textures": {
		"0": "./key_of_khaj_nisut"
	},
	"elements": [
		{
			"from": [7.41161, -6, 7.5],
			"to": [8.41161, 0, 8.5],
			"rotation": {"angle": 0, "axis": "y", "origin": [2.41161, 0, 8.5]},
			"faces": {
				"north": {"uv": [4.5, 2, 3.5, 8], "texture": "#0"},
				"east": {"uv": [3, 2, 3.5, 8], "texture": "#0"},
				"south": {"uv": [3.5, 2, 4.5, 8], "texture": "#0"},
				"west": {"uv": [4.5, 2, 5, 8], "texture": "#0"},
				"up": {"uv": [0, 0, 0, 0], "rotation": 270, "texture": "#0"},
				"down": {"uv": [0, 0, 0, 0], "rotation": 90, "texture": "#0"}
			}
		},
		{
			"from": [6.91161, -7, 7.5],
			"to": [8.91161, -6, 8.5],
			"rotation": {"angle": 0, "axis": "y", "origin": [1.91161, 0, 8.5]},
			"faces": {
				"north": {"uv": [3, 11.5, 5, 12.5], "texture": "#0"},
				"east": {"uv": [3, 11.5, 4, 12.5], "texture": "#0"},
				"south": {"uv": [5, 11.5, 3, 12.5], "texture": "#0"},
				"west": {"uv": [4.5, 11.5, 5, 12.5], "texture": "#0"},
				"up": {"uv": [5, 11.5, 3, 12], "texture": "#0"},
				"down": {"uv": [3, 12, 5, 12.5], "rotation": 180, "texture": "#0"}
			}
		},
		{
			"from": [7.16161, 2.5, 7.25],
			"to": [8.66161, 4, 8.75],
			"rotation": {"angle": -45, "axis": "z", "origin": [7.91161, 3.25, 8]},
			"faces": {
				"north": {"uv": [3, 11.5, 4.5, 10], "rotation": 180, "texture": "#0"},
				"east": {"uv": [3, 11, 4.5, 11.5], "rotation": 90, "texture": "#0"},
				"south": {"uv": [3, 10, 4.5, 11.5], "texture": "#0"},
				"west": {"uv": [3, 11.5, 3.5, 10], "rotation": 180, "texture": "#0"},
				"up": {"uv": [3, 10.5, 4.5, 10], "texture": "#0"},
				"down": {"uv": [4, 11.5, 4.5, 10], "rotation": 90, "texture": "#0"}
			}
		},
		{
			"from": [6.66161, 2, 7.5],
			"to": [9.16161, 16.5, 8.5],
			"rotation": {"angle": 0, "axis": "y", "origin": [6.66161, 2, 8.5]},
			"faces": {
				"north": {"uv": [0.5, 1, 3, 15.5], "texture": "#0"},
				"east": {"uv": [2.5, 1, 3, 15.5], "texture": "#0"},
				"south": {"uv": [0.5, 1, 3, 15.5], "texture": "#0"},
				"west": {"uv": [0.5, 1, 1, 15.5], "texture": "#0"},
				"up": {"uv": [0, 0, 0, 0], "rotation": 270, "texture": "#0"},
				"down": {"uv": [0, 0, 0, 0], "rotation": 90, "texture": "#0"}
			}
		},
		{
			"from": [6.16161, 16.5, 7.5],
			"to": [9.66161, 17.5, 8.5],
			"rotation": {"angle": 0, "axis": "y", "origin": [7.41161, 2, 8.5]},
			"faces": {
				"north": {"uv": [4, 0, 0.5, 1], "texture": "#0"},
				"east": {"uv": [3.5, 0, 4, 1], "texture": "#0"},
				"south": {"uv": [0.5, 0, 4, 1], "texture": "#0"},
				"west": {"uv": [0.5, 0, 1, 1], "texture": "#0"},
				"up": {"uv": [0.5, 0, 4, 0.5], "texture": "#0"},
				"down": {"uv": [4, 0.5, 0.5, 1], "rotation": 180, "texture": "#0"}
			}
		},
		{
			"from": [5.16161, 0, 7.5],
			"to": [10.66161, 0.5, 8.5],
			"rotation": {"angle": 0, "axis": "y", "origin": [5.16161, 0, 8.5]},
			"faces": {
				"north": {"uv": [5.5, 1, 11, 1.5], "texture": "#0"},
				"east": {"uv": [5.5, 1, 6, 1.5], "texture": "#0"},
				"south": {"uv": [5.5, 1, 11, 1.5], "texture": "#0"},
				"west": {"uv": [10.5, 1, 11, 1.5], "texture": "#0"},
				"up": {"uv": [5.5, 1, 11, 1.5], "texture": "#0"},
				"down": {"uv": [5.5, 1, 11, 1.5], "rotation": 180, "texture": "#0"}
			}
		},
		{
			"from": [5.16161, 0.5, 7.5],
			"to": [10.66161, 1, 8.5],
			"rotation": {"angle": 0, "axis": "y", "origin": [5.16161, 0, 8.5]},
			"faces": {
				"north": {"uv": [5.5, 0.5, 11, 1], "texture": "#0"},
				"east": {"uv": [5.5, 0.5, 6, 1], "texture": "#0"},
				"south": {"uv": [5.5, 0.5, 11, 1], "texture": "#0"},
				"west": {"uv": [10.5, 0.5, 11, 1], "texture": "#0"},
				"up": {"uv": [5.5, 0.5, 11, 1], "texture": "#0"},
				"down": {"uv": [0, 0, 0, 0], "rotation": 90, "texture": "#0"}
			}
		},
		{
			"from": [5.66161, 1, 7.5],
			"to": [10.16161, 1.5, 8.5],
			"rotation": {"angle": 0, "axis": "y", "origin": [5.16161, 0, 8.5]},
			"faces": {
				"north": {"uv": [6, 0, 10.5, 0.5], "texture": "#0"},
				"east": {"uv": [6, 0, 6.5, 0.5], "texture": "#0"},
				"south": {"uv": [6, 0, 10.5, 0.5], "texture": "#0"},
				"west": {"uv": [10, 0, 10.5, 0.5], "texture": "#0"},
				"up": {"uv": [6, 0, 10.5, 0.5], "texture": "#0"},
				"down": {"uv": [0, 0, 0, 0], "rotation": 90, "texture": "#0"}
			}
		},
		{
			"from": [7.66161, -0.5, 7],
			"to": [8.16161, 1.5, 9],
			"rotation": {"angle": 0, "axis": "y", "origin": [7.91161, 0, 8.75]},
			"faces": {
				"north": {"uv": [6, 2, 6.5, 4], "texture": "#0"},
				"east": {"uv": [6, 2, 6.5, 4], "texture": "#0"},
				"south": {"uv": [6, 2, 6.5, 4], "texture": "#0"},
				"west": {"uv": [6, 2, 6.5, 4], "texture": "#0"},
				"up": {"uv": [0, 0, 0, 0], "texture": "#0"},
				"down": {"uv": [6, 3.5, 6.5, 4], "texture": "#0"}
			}
		},
		{
			"from": [6.66161, 1.5, 7],
			"to": [9.16161, 2, 9],
			"rotation": {"angle": 0, "axis": "y", "origin": [7.91161, 0, 8.75]},
			"faces": {
				"north": {"uv": [7.5, 1.5, 5, 2], "texture": "#0"},
				"east": {"uv": [7, 1.5, 7.5, 2], "texture": "#0"},
				"south": {"uv": [5, 1.5, 7.5, 2], "texture": "#0"},
				"west": {"uv": [5, 1.5, 5.5, 2], "texture": "#0"},
				"up": {"uv": [5, 1.5, 7.5, 2], "texture": "#0"},
				"down": {"uv": [5, 1.5, 7.5, 2], "texture": "#0"}
			}
		},
		{
			"from": [6.91161, -4, 7],
			"to": [8.91161, -4, 9],
			"rotation": {"angle": 0, "axis": "y", "origin": [6.91161, 0, 9]},
			"faces": {
				"north": {"uv": [0, 0, 0, 0], "texture": "#0"},
				"east": {"uv": [0, 0, 0, 0], "texture": "#0"},
				"south": {"uv": [0, 0, 0, 0], "texture": "#0"},
				"west": {"uv": [0, 0, 0, 0], "texture": "#0"},
				"up": {"uv": [3, 10, 5, 8], "rotation": 270, "texture": "#0"},
				"down": {"uv": [3, 8, 5, 10], "rotation": 90, "texture": "#0"}
			}
		},
		{
			"from": [6.91161, -1.25, 7.25],
			"to": [8.41161, 0.25, 8.75],
			"rotation": {"angle": 45, "axis": "z", "origin": [7.91161, -0.25, 8]},
			"faces": {
				"north": {"uv": [4, 1.5, 5.5, 0], "rotation": 90, "texture": "#0"},
				"east": {"uv": [4, 0, 5.5, 0.5], "rotation": 90, "texture": "#0"},
				"south": {"uv": [4, 0, 5.5, 1.5], "rotation": 90, "texture": "#0"},
				"west": {"uv": [4, 1, 5.5, 1.5], "rotation": 180, "texture": "#0"},
				"up": {"uv": [4, 0, 4.5, 1.5], "rotation": 90, "texture": "#0"},
				"down": {"uv": [5, 0, 5.5, 1.5], "rotation": 90, "texture": "#0"}
			}
		},
		{
			"from": [7.41161, 15.75, 7.25],
			"to": [8.41161, 16.75, 8.75],
			"rotation": {"angle": 45, "axis": "z", "origin": [7.91161, 16.25, 8]},
			"faces": {
				"north": {"uv": [3, 1, 4, 2], "texture": "#0"},
				"east": {"uv": [3, 1, 3.5, 2], "texture": "#0"},
				"south": {"uv": [3, 1, 4, 2], "rotation": 90, "texture": "#0"},
				"west": {"uv": [3.5, 2, 4, 1], "rotation": 180, "texture": "#0"},
				"up": {"uv": [3, 1, 3.5, 2], "rotation": 90, "texture": "#0"},
				"down": {"uv": [3.5, 1, 4, 2], "rotation": 90, "texture": "#0"}
			}
		},
		{
			"from": [6.66161, 13.5, 7.25],
			"to": [8.66161, 14, 8.75],
			"rotation": {"angle": -45, "axis": "z", "origin": [7.91161, 14.25, 8]},
			"faces": {
				"north": {"uv": [9, 1.5, 9.5, 3.5], "rotation": 90, "texture": "#0"},
				"east": {"uv": [9, 3, 9.5, 3.5], "texture": "#0"},
				"south": {"uv": [9, 1.5, 9.5, 3.5], "rotation": 270, "texture": "#0"},
				"west": {"uv": [9, 1.5, 9.5, 2], "rotation": 180, "texture": "#0"},
				"up": {"uv": [9, 1.5, 9.5, 3.5], "rotation": 270, "texture": "#0"},
				"down": {"uv": [9, 1.5, 9.5, 3.5], "rotation": 270, "texture": "#0"}
			}
		},
		{
			"from": [8.16161, 14, 7.25],
			"to": [8.66161, 15.5, 8.75],
			"rotation": {"angle": -45, "axis": "z", "origin": [7.91161, 14.25, 8]},
			"faces": {
				"north": {"uv": [7.5, 3, 9, 3.5], "rotation": 90, "texture": "#0"},
				"east": {"uv": [7.5, 3, 9, 3.5], "rotation": 90, "texture": "#0"},
				"south": {"uv": [9, 3.5, 7.5, 3], "rotation": 270, "texture": "#0"},
				"west": {"uv": [9, 3.5, 7.5, 3], "rotation": 270, "texture": "#0"},
				"up": {"uv": [7.5, 3, 8, 3.5], "rotation": 270, "texture": "#0"},
				"down": {"uv": [0, 0, 0, 0], "rotation": 270, "texture": "#0"}
			}
		}
	],
	"display": {
		"thirdperson_righthand": {
			"rotation": [67.5, 180, 157.5],
			"translation": [-3.75, -10.75, 9.75],
			"scale": [2, 2, 2]
		},
		"thirdperson_lefthand": {
			"rotation": [67.5, 180, -157.5],
			"translation": [-7.25, -10.75, 9.75],
			"scale": [2, 2, 2]
		},
		"firstperson_righthand": {
			"rotation": [0, 90, 2],
			"translation": [9, 10.5, -9],
			"scale": [2, 2, 2]
		},
		"firstperson_lefthand": {
			"rotation": [0, 90, 2],
			"translation": [9, 10.5, -9],
			"scale": [2, 2, 2]
		},
		"ground": {
			"rotation": [45, -45, 45],
			"translation": [0, 7.75, 0]
		},
		"gui": {
			"rotation": [45, 45, -45],
			"translation": [0, 3, 0]
		},
		"fixed": {
			"rotation": [0, 90, 0],
			"translation": [0, 3, -1]
		}
	},
	"groups": [
		0,
		1,
		{
			"name": "blade",
			"origin": [7.5, 0, 7.5],
			"color": 0,
			"children": [2, 3, 4]
		},
		5,
		6,
		7,
		8,
		9,
		10,
		11,
		12,
		13,
		14
	]
}