{
	"credit": "Made by Raycifer",
	"textures": {
		"0": "./staff_of_the_scarlet_sands"
	},
	"elements": [
		{
			"from": [7.25, -4, 7.5],
			"to": [8.75, 12, 8.5],
			"rotation": {"angle": 0, "axis": "y", "origin": [7.25, 2.5, 7.5]},
			"faces": {
				"north": {"uv": [3.5, 0, 2, 16], "texture": "#0"},
				"east": {"uv": [15.5, 0, 16, 16], "texture": "#0"},
				"south": {"uv": [2, 0, 3.5, 16], "texture": "#0"},
				"west": {"uv": [15, 0, 15.5, 16], "texture": "#0"},
				"up": {"uv": [0, 0, 0, 0], "texture": "#0"},
				"down": {"uv": [0, 0, 0, 0], "texture": "#0"}
			}
		},
		{
			"from": [7.25, -12.5, 7.5],
			"to": [8.75, -4, 8.5],
			"rotation": {"angle": 0, "axis": "y", "origin": [7.25, 2.5, 7.5]},
			"faces": {
				"north": {"uv": [2, 0, 0.5, 8.5], "texture": "#0"},
				"east": {"uv": [1.5, 0, 2, 8.5], "texture": "#0"},
				"south": {"uv": [0.5, 0, 2, 8.5], "texture": "#0"},
				"west": {"uv": [0.5, 0, 1, 8.5], "texture": "#0"},
				"up": {"uv": [0, 0, 0, 0], "texture": "#0"},
				"down": {"uv": [0, 0, 0, 0], "texture": "#0"}
			}
		},
		{
			"from": [6.25, 15, 7.5],
			"to": [9.75, 23, 8.5],
			"rotation": {"angle": 0, "axis": "y", "origin": [6.25, 5.5, 0.5]},
			"faces": {
				"north": {"uv": [3.5, 0, 7, 8], "texture": "#0"},
				"east": {"uv": [6.5, 0, 7, 8], "texture": "#0"},
				"south": {"uv": [3.5, 0, 7, 8], "texture": "#0"},
				"west": {"uv": [3.5, 0, 4, 8], "texture": "#0"},
				"up": {"uv": [0, 0, 0, 0], "texture": "#0"},
				"down": {"uv": [3.5, 7.5, 7, 8], "texture": "#0"}
			}
		},
		{
			"from": [5.75, 23, 7.5],
			"to": [10.25, 24.5, 8.5],
			"rotation": {"angle": 0, "axis": "y", "origin": [5.75, 5.5, 7.5]},
			"faces": {
				"north": {"uv": [11.5, 0, 7, 1.5], "texture": "#0"},
				"east": {"uv": [11, 0, 11.5, 1.5], "texture": "#0"},
				"south": {"uv": [7, 0, 11.5, 1.5], "texture": "#0"},
				"west": {"uv": [7, 0, 7.5, 1.5], "texture": "#0"},
				"up": {"uv": [7, 0, 11.5, 0.5], "texture": "#0"},
				"down": {"uv": [7, 1, 11.5, 1.5], "texture": "#0"}
			}
		},
		{
			"from": [7.5, 23.25, 7.25],
			"to": [8.5, 24.25, 8.75],
			"rotation": {"angle": 45, "axis": "z", "origin": [8, 23.75, 8]},
			"faces": {
				"north": {"uv": [5, 9, 6, 10], "texture": "#0"},
				"east": {"uv": [5, 9, 5.5, 10], "texture": "#0"},
				"south": {"uv": [5, 9, 6, 10], "rotation": 90, "texture": "#0"},
				"west": {"uv": [5.5, 9, 6, 10], "texture": "#0"},
				"up": {"uv": [6, 9, 5, 9.5], "texture": "#0"},
				"down": {"uv": [6, 10, 5, 9.5], "texture": "#0"}
			}
		},
		{
			"from": [7, -15, 7.5],
			"to": [9, -12.5, 8.5],
			"rotation": {"angle": 0, "axis": "y", "origin": [7, 0.75, 7.5]},
			"faces": {
				"north": {"uv": [2, 8.5, 0, 11], "texture": "#0"},
				"east": {"uv": [1.5, 8.5, 2, 11], "texture": "#0"},
				"south": {"uv": [0, 8.5, 2, 11], "texture": "#0"},
				"west": {"uv": [0, 8.5, 0.5, 11], "texture": "#0"},
				"up": {"uv": [0, 8.5, 2, 9], "texture": "#0"},
				"down": {"uv": [0, 0, 0, 0], "texture": "#0"}
			}
		},
		{
			"from": [6.5, -16, 7.5],
			"to": [9.5, -15, 8.5],
			"rotation": {"angle": 0, "axis": "y", "origin": [6.5, 0, 7.5]},
			"faces": {
				"north": {"uv": [6.5, 8, 3.5, 9], "texture": "#0"},
				"east": {"uv": [6, 8, 6.5, 9], "texture": "#0"},
				"south": {"uv": [3.5, 8, 6.5, 9], "texture": "#0"},
				"west": {"uv": [3.5, 8, 4, 9], "texture": "#0"},
				"up": {"uv": [3.5, 8, 6.5, 8.5], "texture": "#0"},
				"down": {"uv": [3.5, 8.5, 6.5, 9], "texture": "#0"}
			}
		},
		{
			"from": [6.25, 12.5, 7.5],
			"to": [9.75, 13, 8.5],
			"rotation": {"angle": 0, "axis": "y", "origin": [0.5, 0, 1]},
			"faces": {
				"north": {"uv": [11.5, 3.5, 8, 4], "texture": "#0"},
				"east": {"uv": [11, 3.5, 11.5, 4], "texture": "#0"},
				"south": {"uv": [8, 3.5, 11.5, 4], "texture": "#0"},
				"west": {"uv": [8, 3.5, 8.5, 4], "texture": "#0"},
				"up": {"uv": [0, 0, 0, 0], "texture": "#0"},
				"down": {"uv": [8, 3.5, 11.5, 4], "texture": "#0"}
			}
		},
		{
			"from": [6.75, 12, 7.5],
			"to": [9.25, 12.5, 8.5],
			"rotation": {"angle": 0, "axis": "y", "origin": [0.5, 0, 1]},
			"faces": {
				"north": {"uv": [11, 4, 8.5, 4.5], "texture": "#0"},
				"east": {"uv": [10.5, 4, 11, 4.5], "texture": "#0"},
				"south": {"uv": [8.5, 4, 11, 4.5], "texture": "#0"},
				"west": {"uv": [8.5, 4, 9, 4.5], "texture": "#0"},
				"up": {"uv": [0, 0, 0, 0], "texture": "#0"},
				"down": {"uv": [8.5, 4, 11, 4.5], "texture": "#0"}
			}
		},
		{
			"from": [5.75, 13, 7.5],
			"to": [10.25, 13.5, 8.5],
			"rotation": {"angle": 0, "axis": "y", "origin": [0.5, 0, 1]},
			"faces": {
				"north": {"uv": [12, 3, 7.5, 3.5], "texture": "#0"},
				"east": {"uv": [11.5, 3, 12, 3.5], "texture": "#0"},
				"south": {"uv": [7.5, 3, 12, 3.5], "texture": "#0"},
				"west": {"uv": [7.5, 3, 8, 3.5], "texture": "#0"},
				"up": {"uv": [0, 0, 0, 0], "texture": "#0"},
				"down": {"uv": [7.5, 3, 12, 3.5], "texture": "#0"}
			}
		},
		{
			"from": [5.25, 14.5, 7.5],
			"to": [10.75, 15, 8.5],
			"rotation": {"angle": 0, "axis": "y", "origin": [0.5, 0, 1]},
			"faces": {
				"north": {"uv": [7, 1.5, 12.5, 2], "texture": "#0"},
				"east": {"uv": [12, 1.5, 12.5, 2], "texture": "#0"},
				"south": {"uv": [7, 1.5, 12.5, 2], "texture": "#0"},
				"west": {"uv": [7, 1.5, 7.5, 2], "texture": "#0"},
				"up": {"uv": [7, 1.5, 12.5, 2], "texture": "#0"},
				"down": {"uv": [7, 1.5, 12.5, 2], "texture": "#0"}
			}
		},
		{
			"from": [5.75, 14, 7.5],
			"to": [10.25, 14.5, 8.5],
			"rotation": {"angle": 0, "axis": "y", "origin": [0.5, 0, 1]},
			"faces": {
				"north": {"uv": [7.5, 2, 12, 2.5], "texture": "#0"},
				"east": {"uv": [11.5, 2, 12, 2.5], "texture": "#0"},
				"south": {"uv": [7.5, 2, 12, 2.5], "texture": "#0"},
				"west": {"uv": [7.5, 2, 8, 2.5], "texture": "#0"},
				"up": {"uv": [0, 0, 0, 0], "texture": "#0"},
				"down": {"uv": [0, 0, 0, 0], "texture": "#0"}
			}
		},
		{
			"from": [5.25, 13.5, 7.5],
			"to": [10.75, 14, 8.5],
			"rotation": {"angle": 0, "axis": "y", "origin": [0.5, 0, 1]},
			"faces": {
				"north": {"uv": [12.5, 2.5, 7, 3], "texture": "#0"},
				"east": {"uv": [12, 2.5, 12.5, 3], "texture": "#0"},
				"south": {"uv": [7, 2.5, 12.5, 3], "texture": "#0"},
				"west": {"uv": [7, 2.5, 7.5, 3], "texture": "#0"},
				"up": {"uv": [7, 2.5, 12.5, 3], "texture": "#0"},
				"down": {"uv": [7, 2.5, 12.5, 3], "texture": "#0"}
			}
		},
		{
			"from": [7.25, 11.75, 7.25],
			"to": [8.75, 13.25, 8.75],
			"rotation": {"angle": 45, "axis": "z", "origin": [8, 12.5, 8]},
			"faces": {
				"north": {"uv": [3.5, 9, 5, 10.5], "texture": "#0"},
				"east": {"uv": [3.5, 9, 4, 10.5], "texture": "#0"},
				"south": {"uv": [3.5, 9, 5, 10.5], "rotation": 90, "texture": "#0"},
				"west": {"uv": [4.5, 9, 5, 10.5], "texture": "#0"},
				"up": {"uv": [5, 9, 3.5, 9.5], "texture": "#0"},
				"down": {"uv": [5, 10, 3.5, 10.5], "texture": "#0"}
			}
		},
		{
			"from": [7.75, 12.5, 7],
			"to": [8.25, 14.5, 9],
			"rotation": {"angle": 0, "axis": "y", "origin": [7.25, 0, 8]},
			"faces": {
				"north": {"uv": [8, 5, 8.5, 7], "texture": "#0"},
				"east": {"uv": [8, 5, 8.5, 7], "texture": "#0"},
				"south": {"uv": [8, 5, 8.5, 7], "texture": "#0"},
				"west": {"uv": [8, 5, 8.5, 7], "texture": "#0"},
				"up": {"uv": [0, 0, 0, 0], "texture": "#0"},
				"down": {"uv": [8, 6.5, 8.5, 7], "texture": "#0"}
			}
		},
		{
			"from": [6.75, 14.5, 7],
			"to": [9.25, 15, 9],
			"rotation": {"angle": 0, "axis": "y", "origin": [7.25, 0, 8]},
			"faces": {
				"north": {"uv": [9.5, 4.5, 7, 5], "texture": "#0"},
				"east": {"uv": [9, 4.5, 9.5, 5], "texture": "#0"},
				"south": {"uv": [7, 4.5, 9.5, 5], "texture": "#0"},
				"west": {"uv": [7, 4.5, 7.5, 5], "texture": "#0"},
				"up": {"uv": [7, 4.5, 9.5, 5], "texture": "#0"},
				"down": {"uv": [7, 4.5, 9.5, 5], "texture": "#0"}
			}
		}
	],
	"display": {
		"thirdperson_righthand": {
			"rotation": [67.5, 0, 45],
			"translation": [-10, -7.5, 15],
			"scale": [1.5, 1.5, 1.5]
		},
		"thirdperson_lefthand": {
			"rotation": [67.5, 0, -45],
			"translation": [-1.5, -7.5, 15],
			"scale": [1.5, 1.5, 1.5]
		},
		"firstperson_righthand": {
			"rotation": [10, -90, 0],
			"translation": [7, -5, -5],
			"scale": [1.4, 1.4, 1.4]
		},
		"firstperson_lefthand": {
			"rotation": [10, 90, 0],
			"translation": [7, -5, -5],
			"scale": [1.4, 1.4, 1.4]
		},
		"ground": {
			"rotation": [45, 45, 0],
			"translation": [0, 4, 0],
			"scale": [0.8, 0.8, 0.8]
		},
		"gui": {
			"rotation": [-20, 160, 30],
			"translation": [1, 3.75, 0],
			"scale": [0.8, 0.8, 0.8]
		},
		"fixed": {
			"translation": [0, 2.5, -1]
		}
	}
}