{
	"credit": "Made by Raycifer",
	"textures": {
		"0": "./primordial_jade_cutter"
	},
	"elements": [
		{
			"from": [7.25, 5, 7.99975],
			"to": [8.75, 21, 8.00075],
			"rotation": {"angle": 0, "axis": "y", "origin": [16, -1.5, -0.00025]},
			"faces": {
				"north": {"uv": [0.5, 0, 2, 16], "texture": "#0"},
				"east": {"uv": [0, 0, 0, 0], "texture": "#0"},
				"south": {"uv": [2, 0, 0.5, 16], "texture": "#0"},
				"west": {"uv": [0, 0, 0, 0], "texture": "#0"},
				"up": {"uv": [0, 0, 0, 0], "rotation": 90, "texture": "#0"},
				"down": {"uv": [0, 0, 0, 0], "rotation": 270, "texture": "#0"}
			}
		},
		{
			"from": [7.5, -4.5, 7.49975],
			"to": [8.5, 0, 8.49975],
			"rotation": {"angle": 0, "axis": "y", "origin": [16, 0, -0.00025]},
			"faces": {
				"north": {"uv": [3, 7, 4, 11], "texture": "#0"},
				"east": {"uv": [3, 7, 2.5, 11], "texture": "#0"},
				"south": {"uv": [4, 7, 3, 11], "texture": "#0"},
				"west": {"uv": [4.5, 7, 4, 11], "texture": "#0"},
				"up": {"uv": [0, 0, 0, 0], "rotation": 90, "texture": "#0"},
				"down": {"uv": [4, 10.5, 3, 11], "texture": "#0"}
			}
		},
		{
			"from": [7.75, -7, 7.99975],
			"to": [8.25, -4.5, 8.00075],
			"rotation": {"angle": 0, "axis": "y", "origin": [16, 0, -0.00025]},
			"faces": {
				"north": {"uv": [4.5, 4, 4, 6.5], "texture": "#0"},
				"east": {"uv": [0, 0, 0, 0], "texture": "#0"},
				"south": {"uv": [4.5, 4, 4, 6.5], "texture": "#0"},
				"west": {"uv": [0, 0, 0, 0], "texture": "#0"},
				"up": {"uv": [0, 0, 0, 0], "rotation": 90, "texture": "#0"},
				"down": {"uv": [0, 0, 0, 0], "texture": "#0"}
			}
		},
		{
			"from": [7.5, -6, 7.74975],
			"to": [8.5, -5, 8.24975],
			"rotation": {"angle": 0, "axis": "y", "origin": [16, 0, -0.00025]},
			"faces": {
				"north": {"uv": [3, 4, 4, 5], "texture": "#0"},
				"east": {"uv": [2.5, 4, 3, 5], "texture": "#0"},
				"south": {"uv": [4, 4, 3, 5], "texture": "#0"},
				"west": {"uv": [3.5, 4, 4, 5], "texture": "#0"},
				"up": {"uv": [3, 4.5, 4, 4], "rotation": 180, "texture": "#0"},
				"down": {"uv": [4, 5, 3, 4.5], "texture": "#0"}
			}
		},
		{
			"from": [7.25, 0, 7.24975],
			"to": [8.75, 2, 8.74975],
			"rotation": {"angle": 0, "axis": "y", "origin": [16, 0, -0.00025]},
			"faces": {
				"north": {"uv": [4, 1.5, 5.5, 3.5], "texture": "#0"},
				"east": {"uv": [5.5, 1.5, 4, 3.5], "texture": "#0"},
				"south": {"uv": [4, 1.5, 5.5, 3.5], "texture": "#0"},
				"west": {"uv": [5.5, 1.5, 4, 3.5], "texture": "#0"},
				"up": {"uv": [4, 1.5, 5.5, 2], "rotation": 90, "texture": "#0"},
				"down": {"uv": [4, 3, 5.5, 3.5], "rotation": 270, "texture": "#0"}
			}
		},
		{
			"from": [10.25, 1, 7.74975],
			"to": [10.75, 2.5, 8.24975],
			"rotation": {"angle": 0, "axis": "y", "origin": [16, 0, -0.00025]},
			"faces": {
				"north": {"uv": [2, 1, 2.5, 2.5], "texture": "#0"},
				"east": {"uv": [2, 1, 2.5, 2.5], "texture": "#0"},
				"south": {"uv": [2, 1, 2.5, 2.5], "texture": "#0"},
				"west": {"uv": [0, 0, 0, 0], "texture": "#0"},
				"up": {"uv": [2, 1, 2.5, 1.5], "rotation": 90, "texture": "#0"},
				"down": {"uv": [2, 2, 2.5, 2.5], "rotation": 270, "texture": "#0"}
			}
		},
		{
			"from": [9.75, 0, 7.74975],
			"to": [10.25, 3, 8.24975],
			"rotation": {"angle": 0, "axis": "y", "origin": [16, 0, -0.00025]},
			"faces": {
				"north": {"uv": [2.5, 0.5, 3, 3.5], "texture": "#0"},
				"east": {"uv": [2.5, 0.5, 3, 3.5], "texture": "#0"},
				"south": {"uv": [2.5, 0.5, 3, 3.5], "texture": "#0"},
				"west": {"uv": [0, 0, 0, 0], "texture": "#0"},
				"up": {"uv": [2.5, 0.5, 3, 1], "rotation": 90, "texture": "#0"},
				"down": {"uv": [2.5, 3, 3, 3.5], "rotation": 270, "texture": "#0"}
			}
		},
		{
			"from": [9.25, -0.5, 7.74975],
			"to": [9.75, 3.5, 8.24975],
			"rotation": {"angle": 0, "axis": "y", "origin": [16, 0, -0.00025]},
			"faces": {
				"north": {"uv": [3, 0, 3.5, 4], "texture": "#0"},
				"east": {"uv": [3, 0, 3.5, 4], "texture": "#0"},
				"south": {"uv": [3, 0, 3.5, 4], "texture": "#0"},
				"west": {"uv": [3, 0, 3.5, 4], "texture": "#0"},
				"up": {"uv": [3, 0, 3.5, 0.5], "rotation": 90, "texture": "#0"},
				"down": {"uv": [3, 3.5, 3.5, 4], "rotation": 270, "texture": "#0"}
			}
		},
		{
			"from": [6.75, 1.5, 7.74975],
			"to": [9.25, 3.5, 8.24975],
			"rotation": {"angle": 0, "axis": "y", "origin": [16, 0, -0.00025]},
			"faces": {
				"north": {"uv": [3.5, 0, 6, 2], "texture": "#0"},
				"east": {"uv": [0, 0, 0, 0], "texture": "#0"},
				"south": {"uv": [3.5, 0, 6, 2], "texture": "#0"},
				"west": {"uv": [0, 0, 0, 0], "texture": "#0"},
				"up": {"uv": [3.5, 0, 6, 0.5], "rotation": 180, "texture": "#0"},
				"down": {"uv": [3.5, 1.5, 6, 2], "texture": "#0"}
			}
		},
		{
			"from": [5.25, 1, 7.74975],
			"to": [5.75, 2.5, 8.24975],
			"rotation": {"angle": 0, "axis": "y", "origin": [16, 0, -0.00025]},
			"faces": {
				"north": {"uv": [7, 1, 7.5, 2.5], "texture": "#0"},
				"east": {"uv": [0, 0, 0, 0], "texture": "#0"},
				"south": {"uv": [7, 1, 7.5, 2.5], "texture": "#0"},
				"west": {"uv": [7, 1, 7.5, 2.5], "texture": "#0"},
				"up": {"uv": [7, 1, 7.5, 1.5], "rotation": 90, "texture": "#0"},
				"down": {"uv": [7, 2, 7.5, 2.5], "rotation": 270, "texture": "#0"}
			}
		},
		{
			"from": [5.75, 0, 7.74975],
			"to": [6.25, 3, 8.24975],
			"rotation": {"angle": 0, "axis": "y", "origin": [16, 0, -0.00025]},
			"faces": {
				"north": {"uv": [6.5, 0.5, 7, 3.5], "texture": "#0"},
				"east": {"uv": [0, 0, 0, 0], "texture": "#0"},
				"south": {"uv": [6.5, 0.5, 7, 3.5], "texture": "#0"},
				"west": {"uv": [6.5, 0.5, 7, 3.5], "texture": "#0"},
				"up": {"uv": [6.5, 0.5, 7, 1], "rotation": 90, "texture": "#0"},
				"down": {"uv": [6.5, 3, 7, 3.5], "rotation": 270, "texture": "#0"}
			}
		},
		{
			"from": [6.25, -0.5, 7.74975],
			"to": [6.75, 3.5, 8.24975],
			"rotation": {"angle": 0, "axis": "y", "origin": [16, 0, -0.00025]},
			"faces": {
				"north": {"uv": [6, 0, 6.5, 4], "texture": "#0"},
				"east": {"uv": [6, 0, 6.5, 4], "texture": "#0"},
				"south": {"uv": [6, 0, 6.5, 4], "texture": "#0"},
				"west": {"uv": [6, 0, 6.5, 4], "texture": "#0"},
				"up": {"uv": [6, 0, 6.5, 0.5], "rotation": 90, "texture": "#0"},
				"down": {"uv": [6, 3.5, 6.5, 4], "rotation": 270, "texture": "#0"}
			}
		},
		{
			"from": [7.25, 4, 7.24975],
			"to": [8.25, 4.5, 8.74975],
			"rotation": {"angle": -45, "axis": "z", "origin": [8, 3.75, 7.99975]},
			"faces": {
				"north": {"uv": [5, 7.5, 5.5, 8.5], "rotation": 90, "texture": "#0"},
				"east": {"uv": [0, 0, 0, 0], "texture": "#0"},
				"south": {"uv": [5, 8.5, 5.5, 7.5], "rotation": 90, "texture": "#0"},
				"west": {"uv": [5, 7.5, 5.5, 8], "texture": "#0"},
				"up": {"uv": [5, 8.5, 5.5, 7.5], "rotation": 90, "texture": "#0"},
				"down": {"uv": [4.5, 7.5, 5, 8.5], "rotation": 270, "texture": "#0"}
			}
		},
		{
			"from": [7.75, 3, 7.49975],
			"to": [8.75, 4, 8.49975],
			"rotation": {"angle": -45, "axis": "z", "origin": [8, 3.75, 7.99975]},
			"faces": {
				"north": {"uv": [2.5, 5.5, 3.5, 6.5], "rotation": 90, "texture": "#0"},
				"east": {"uv": [2.5, 6, 3.5, 6.5], "rotation": 90, "texture": "#0"},
				"south": {"uv": [2.5, 5.5, 3.5, 6.5], "texture": "#0"},
				"west": {"uv": [2.5, 5.5, 3.5, 6], "rotation": 90, "texture": "#0"},
				"up": {"uv": [3.5, 5.5, 2.5, 6], "rotation": 180, "texture": "#0"},
				"down": {"uv": [2.5, 6, 3.5, 6.5], "texture": "#0"}
			}
		},
		{
			"from": [7.25, 3.5, 7.24975],
			"to": [7.75, 4, 8.74975],
			"rotation": {"angle": -45, "axis": "z", "origin": [8, 3.75, 7.99975]},
			"faces": {
				"north": {"uv": [5, 8, 5.5, 8.5], "texture": "#0"},
				"east": {"uv": [4.5, 8, 5, 8.5], "texture": "#0"},
				"south": {"uv": [5, 8, 5.5, 8.5], "texture": "#0"},
				"west": {"uv": [5, 8, 5.5, 8.5], "texture": "#0"},
				"up": {"uv": [0, 0, 0, 0], "rotation": 90, "texture": "#0"},
				"down": {"uv": [0, 0, 0, 0], "rotation": 270, "texture": "#0"}
			}
		},
		{
			"from": [5.75, 3, 7.24975],
			"to": [7.75, 3.5, 8.74975],
			"rotation": {"angle": -45, "axis": "z", "origin": [8, 3.75, 7.99975]},
			"faces": {
				"north": {"uv": [6, 5.5, 5.5, 7.5], "rotation": 90, "texture": "#0"},
				"east": {"uv": [7.5, 7, 6, 7.5], "rotation": 90, "texture": "#0"},
				"south": {"uv": [6, 7.5, 5.5, 5.5], "rotation": 90, "texture": "#0"},
				"west": {"uv": [6, 5.5, 5.5, 6], "rotation": 90, "texture": "#0"},
				"up": {"uv": [4.5, 7.5, 6, 5.5], "rotation": 90, "texture": "#0"},
				"down": {"uv": [6, 5.5, 7.5, 7.5], "rotation": 270, "texture": "#0"}
			}
		},
		{
			"from": [8.25, 4, 7.24975],
			"to": [8.75, 6, 8.74975],
			"rotation": {"angle": -45, "axis": "z", "origin": [8, 3.75, 7.99975]},
			"faces": {
				"north": {"uv": [5.5, 5.5, 6, 7.5], "texture": "#0"},
				"east": {"uv": [6, 5.5, 7.5, 7.5], "texture": "#0"},
				"south": {"uv": [5.5, 5.5, 6, 7.5], "texture": "#0"},
				"west": {"uv": [4.5, 5.5, 6, 7.5], "texture": "#0"},
				"up": {"uv": [5.5, 6, 6, 5.5], "rotation": 90, "texture": "#0"},
				"down": {"uv": [6, 7.5, 7.5, 7], "rotation": 270, "texture": "#0"}
			}
		},
		{
			"from": [6.75, 4, 7.74975],
			"to": [9.25, 5, 8.24975],
			"rotation": {"angle": 0, "axis": "y", "origin": [16, -1.5, -0.00025]},
			"faces": {
				"north": {"uv": [4.5, 4, 7, 5], "texture": "#0"},
				"east": {"uv": [4.5, 4, 5, 5], "texture": "#0"},
				"south": {"uv": [7, 4, 4.5, 5], "texture": "#0"},
				"west": {"uv": [6.5, 4, 7, 5], "texture": "#0"},
				"up": {"uv": [4.5, 4.5, 7, 4], "rotation": 180, "texture": "#0"},
				"down": {"uv": [0, 0, 0, 0], "rotation": 270, "texture": "#0"}
			}
		}
	],
	"display": {
		"thirdperson_righthand": {
			"rotation": [67.5, 180, 157.5],
			"translation": [-7.25, -9.75, 12.75],
			"scale": [2, 2, 2]
		},
		"thirdperson_lefthand": {
			"rotation": [67.5, 180, -157.5],
			"translation": [-3.75, -9.75, 12.75],
			"scale": [2, 2, 2]
		},
		"firstperson_righthand": {
			"rotation": [0, 90, 10],
			"translation": [9, 5, -9],
			"scale": [2, 2, 2]
		},
		"firstperson_lefthand": {
			"rotation": [0, -90, 10],
			"translation": [9, 5, -9],
			"scale": [2, 2, 2]
		},
		"ground": {
			"rotation": [45, -45, 45],
			"translation": [0, 8, 0]
		},
		"gui": {
			"rotation": [45, 45, -45],
			"translation": [0.5, 1, 0]
		},
		"fixed": {
			"rotation": [0, 90, 0],
			"translation": [0, 0, -1]
		}
	},
	"groups": [
		0,
		1,
		{
			"name": "gem",
			"origin": [0, 0, 0],
			"color": 0,
			"children": [2, 3]
		},
		{
			"name": "handguard",
			"origin": [8, 8, 8],
			"color": 0,
			"children": [
				4,
				{
					"name": "left",
					"origin": [0, 0, 0],
					"color": 0,
					"children": [5, 6, 7, 8]
				},
				{
					"name": "right",
					"origin": [0, 0, 0],
					"color": 0,
					"children": [9, 10, 11]
				}
			]
		},
		12,
		13,
		14,
		15,
		16,
		17
	]
}