{
	"credit": "Made by Raycifer",
	"textures": {
		"0": "./kaguras_verity"
	},
	"elements": [
		{
			"from": [7.5, 4.75, 7.5],
			"to": [8.5, 10.75, 8.5],
			"rotation": {"angle": 0, "axis": "y", "origin": [7.5, 0, 7.5]},
			"faces": {
				"north": {"uv": [1.5, 0, 0.5, 6], "texture": "#0"},
				"east": {"uv": [0.5, 0, 1.5, 6], "texture": "#0"},
				"south": {"uv": [1.5, 0, 0.5, 6], "texture": "#0"},
				"west": {"uv": [0.5, 0, 1.5, 6], "texture": "#0"},
				"up": {"uv": [0, 0, 0, 0], "texture": "#0"},
				"down": {"uv": [0, 0, 0, 0], "texture": "#0"}
			}
		},
		{
			"from": [7.25, 0, 7.25],
			"to": [8.75, 4, 8.75],
			"rotation": {"angle": 0, "axis": "y", "origin": [7.25, 0, 7.25]},
			"faces": {
				"north": {"uv": [0, 6, 1.5, 10], "texture": "#0"},
				"east": {"uv": [0, 6, 0.5, 10], "texture": "#0"},
				"south": {"uv": [1.5, 6, 0, 10], "texture": "#0"},
				"west": {"uv": [1, 6, 1.5, 10], "texture": "#0"},
				"up": {"uv": [0, 0, 0, 0], "texture": "#0"},
				"down": {"uv": [0, 9.5, 1.5, 10], "texture": "#0"}
			}
		},
		{
			"from": [7, 4, 7],
			"to": [9, 5, 9],
			"rotation": {"angle": 0, "axis": "y", "origin": [7, 0, 7]},
			"faces": {
				"north": {"uv": [3.5, 4, 1.5, 5], "texture": "#0"},
				"east": {"uv": [3.5, 5, 1.5, 6], "texture": "#0"},
				"south": {"uv": [1.5, 5, 3.5, 6], "texture": "#0"},
				"west": {"uv": [1.5, 4, 3.5, 5], "texture": "#0"},
				"up": {"uv": [1.5, 4.5, 3.5, 2.5], "texture": "#0"},
				"down": {"uv": [1.5, 2.5, 3.5, 4.5], "texture": "#0"}
			}
		},
		{
			"from": [11.75, 4.5, 3.25],
			"to": [13.75, 4.501, 9.75],
			"rotation": {"angle": 22.5, "axis": "y", "origin": [11.25, 0, 7]},
			"faces": {
				"north": {"uv": [0, 0, 0, 0], "texture": "#0"},
				"east": {"uv": [0, 0, 0, 0], "texture": "#0"},
				"south": {"uv": [0, 0, 0, 0], "texture": "#0"},
				"west": {"uv": [0, 0, 0, 0], "texture": "#0"},
				"up": {"uv": [0, 16, 6.5, 14], "rotation": 90, "texture": "#0"},
				"down": {"uv": [0, 14, 6.5, 16], "rotation": 270, "texture": "#0"}
			}
		},
		{
			"from": [2.25, 4.5, 3.25],
			"to": [4.25, 4.501, 9.75],
			"rotation": {"angle": -22.5, "axis": "y", "origin": [4.75, 0, 7]},
			"faces": {
				"north": {"uv": [0, 0, 0, 0], "texture": "#0"},
				"east": {"uv": [0, 0, 0, 0], "texture": "#0"},
				"south": {"uv": [0, 0, 0, 0], "texture": "#0"},
				"west": {"uv": [0, 0, 0, 0], "texture": "#0"},
				"up": {"uv": [0, 14, 6.5, 16], "rotation": 90, "texture": "#0"},
				"down": {"uv": [0, 16, 6.5, 14], "rotation": 270, "texture": "#0"}
			}
		},
		{
			"from": [4.75, 4.5, 11.75],
			"to": [11.25, 4.501, 13.75],
			"rotation": {"angle": 0, "axis": "y", "origin": [4.75, 0, 7]},
			"faces": {
				"north": {"uv": [0, 0, 0, 0], "texture": "#0"},
				"east": {"uv": [0, 0, 0, 0], "texture": "#0"},
				"south": {"uv": [0, 0, 0, 0], "texture": "#0"},
				"west": {"uv": [0, 0, 0, 0], "texture": "#0"},
				"up": {"uv": [0, 14, 6.5, 16], "texture": "#0"},
				"down": {"uv": [0, 16, 6.5, 14], "texture": "#0"}
			}
		},
		{
			"from": [7.5, -1.5, 7.0353],
			"to": [8.5, 0, 8.0353],
			"rotation": {"angle": 22.5, "axis": "x", "origin": [7.75, 0, 8.1353]},
			"faces": {
				"north": {"uv": [1, 12, 0, 13.5], "texture": "#0"},
				"east": {"uv": [0, 12, 1, 13.5], "texture": "#0"},
				"south": {"uv": [1, 12, 0, 13.5], "texture": "#0"},
				"west": {"uv": [0, 12, 1, 13.5], "texture": "#0"},
				"up": {"uv": [1, 12.5, 2, 11.5], "texture": "#0"},
				"down": {"uv": [2, 13.5, 1, 12.5], "texture": "#0"}
			}
		},
		{
			"from": [8.375, -1.4, 8],
			"to": [9.875, 0.1, 8.001],
			"rotation": {"angle": -22.5, "axis": "z", "origin": [9.75, 0.25, 8]},
			"faces": {
				"north": {"uv": [1.5, 10, 0, 11.5], "texture": "#0"},
				"east": {"uv": [0, 0, 0, 0], "texture": "#0"},
				"south": {"uv": [0, 10, 1.5, 11.5], "texture": "#0"},
				"west": {"uv": [0, 0, 0, 0], "texture": "#0"},
				"up": {"uv": [0, 0, 0, 0], "texture": "#0"},
				"down": {"uv": [0, 0, 0, 0], "texture": "#0"}
			}
		},
		{
			"from": [7.5, -1.5, 7.9647],
			"to": [8.5, 0, 8.9647],
			"rotation": {"angle": -22.5, "axis": "x", "origin": [7.75, 0, 7.8647]},
			"faces": {
				"north": {"uv": [0, 12, 1, 13.5], "texture": "#0"},
				"east": {"uv": [1, 12, 0, 13.5], "texture": "#0"},
				"south": {"uv": [0, 12, 1, 13.5], "texture": "#0"},
				"west": {"uv": [1, 12, 0, 13.5], "texture": "#0"},
				"up": {"uv": [1, 11.5, 2, 12.5], "texture": "#0"},
				"down": {"uv": [2, 12.5, 1, 13.5], "texture": "#0"}
			}
		},
		{
			"from": [6.125, -1.4, 8],
			"to": [7.625, 0.1, 8.001],
			"rotation": {"angle": 22.5, "axis": "z", "origin": [6.25, 0.25, 8]},
			"faces": {
				"north": {"uv": [0, 10, 1.5, 11.5], "texture": "#0"},
				"east": {"uv": [0, 0, 0, 0], "texture": "#0"},
				"south": {"uv": [1.5, 10, 0, 11.5], "texture": "#0"},
				"west": {"uv": [0, 0, 0, 0], "texture": "#0"},
				"up": {"uv": [0, 0, 0, 0], "texture": "#0"},
				"down": {"uv": [0, 0, 0, 0], "texture": "#0"}
			}
		},
		{
			"from": [10.75, 4.25, 6.75],
			"to": [11.75, 4.75, 9.25],
			"rotation": {"angle": 0, "axis": "y", "origin": [8, 4.5, 8]},
			"faces": {
				"north": {"uv": [11, 8, 11.5, 9], "rotation": 90, "texture": "#0"},
				"east": {"uv": [13.5, 8.5, 11, 9], "texture": "#0"},
				"south": {"uv": [13, 9, 13.5, 8], "rotation": 90, "texture": "#0"},
				"west": {"uv": [12.5, 0, 15, 0.5], "texture": "#0"},
				"up": {"uv": [10.5, 9, 13, 8], "rotation": 90, "texture": "#0"},
				"down": {"uv": [10.5, 8, 13, 9], "rotation": 270, "texture": "#0"}
			}
		},
		{
			"from": [5.75, 4.25, 10.25],
			"to": [6.75, 4.75, 11.25],
			"rotation": {"angle": 0, "axis": "y", "origin": [8, 4.5, 8]},
			"faces": {
				"north": {"uv": [12.5, 0, 11.5, 0.5], "texture": "#0"},
				"east": {"uv": [11.5, 0, 12.5, 0.5], "texture": "#0"},
				"south": {"uv": [9.5, 7.5, 10.5, 8], "texture": "#0"},
				"west": {"uv": [9.5, 7.5, 10.5, 8], "texture": "#0"},
				"up": {"uv": [9.5, 7.5, 10.5, 8.5], "texture": "#0"},
				"down": {"uv": [9.5, 7.5, 10.5, 8.5], "rotation": 270, "texture": "#0"}
			}
		},
		{
			"from": [5.25, 4.25, 10.25],
			"to": [5.75, 4.75, 10.75],
			"rotation": {"angle": 0, "axis": "y", "origin": [8, 4.5, 8]},
			"faces": {
				"north": {"uv": [9, 7.5, 9.5, 8], "texture": "#0"},
				"east": {"uv": [9, 7.5, 9.5, 8], "texture": "#0"},
				"south": {"uv": [9, 7.5, 9.5, 8], "texture": "#0"},
				"west": {"uv": [9, 7.5, 9.5, 8], "texture": "#0"},
				"up": {"uv": [9, 7.5, 9.5, 8], "rotation": 90, "texture": "#0"},
				"down": {"uv": [9, 7.5, 9.5, 8], "rotation": 270, "texture": "#0"}
			}
		},
		{
			"from": [4.75, 4.25, 9.25],
			"to": [5.75, 4.75, 10.25],
			"rotation": {"angle": 0, "axis": "y", "origin": [8, 4.5, 8]},
			"faces": {
				"north": {"uv": [10.5, 0, 11.5, 0.5], "texture": "#0"},
				"east": {"uv": [10.5, 0, 11.5, 0.5], "texture": "#0"},
				"south": {"uv": [8.5, 6.5, 9.5, 7], "texture": "#0"},
				"west": {"uv": [8.5, 6.5, 9.5, 7], "texture": "#0"},
				"up": {"uv": [8.5, 6.5, 9.5, 7.5], "texture": "#0"},
				"down": {"uv": [8.5, 6.5, 9.5, 7.5], "rotation": 270, "texture": "#0"}
			}
		},
		{
			"from": [4.25, 4.25, 6.75],
			"to": [5.25, 4.75, 9.25],
			"rotation": {"angle": 0, "axis": "y", "origin": [8, 4.5, 8]},
			"faces": {
				"north": {"uv": [10.5, 1.5, 11.5, 2], "texture": "#0"},
				"east": {"uv": [8, 0, 10.5, 0.5], "texture": "#0"},
				"south": {"uv": [10.5, 1.5, 11.5, 2], "texture": "#0"},
				"west": {"uv": [10.5, 1.5, 13, 2], "texture": "#0"},
				"up": {"uv": [10.5, 2.5, 13, 1.5], "rotation": 90, "texture": "#0"},
				"down": {"uv": [10.5, 1.5, 13, 2.5], "rotation": 270, "texture": "#0"}
			}
		},
		{
			"from": [10.25, 4.25, 5.75],
			"to": [11.25, 4.75, 6.75],
			"rotation": {"angle": 0, "axis": "y", "origin": [8, 4.5, 8]},
			"faces": {
				"north": {"uv": [15, 3, 14, 3.5], "texture": "#0"},
				"east": {"uv": [14.5, 4, 15, 3], "rotation": 90, "texture": "#0"},
				"south": {"uv": [12.5, 0, 11.5, 0.5], "texture": "#0"},
				"west": {"uv": [11.5, 0, 12.5, 0.5], "texture": "#0"},
				"up": {"uv": [14, 3, 15, 4], "texture": "#0"},
				"down": {"uv": [14, 3, 15, 4], "texture": "#0"}
			}
		},
		{
			"from": [5.75, 4.25, 4.75],
			"to": [6.75, 4.75, 5.75],
			"rotation": {"angle": 0, "axis": "y", "origin": [8, 4.5, 8]},
			"faces": {
				"north": {"uv": [8.5, 3, 9, 4], "rotation": 90, "texture": "#0"},
				"east": {"uv": [7, 0, 8, 0.5], "texture": "#0"},
				"south": {"uv": [7, 0, 8, 0.5], "texture": "#0"},
				"west": {"uv": [8.5, 3, 9.5, 3.5], "texture": "#0"},
				"up": {"uv": [8.5, 4, 9.5, 3], "rotation": 90, "texture": "#0"},
				"down": {"uv": [8.5, 3, 9.5, 4], "rotation": 270, "texture": "#0"}
			}
		},
		{
			"from": [5.25, 4.25, 5.25],
			"to": [5.75, 4.75, 5.75],
			"rotation": {"angle": 0, "axis": "y", "origin": [8, 4.5, 8]},
			"faces": {
				"north": {"uv": [9, 2.5, 9.5, 3], "texture": "#0"},
				"east": {"uv": [9, 2.5, 9.5, 3], "texture": "#0"},
				"south": {"uv": [9, 2.5, 9.5, 3], "texture": "#0"},
				"west": {"uv": [9, 2.5, 9.5, 3], "texture": "#0"},
				"up": {"uv": [9, 2.5, 9.5, 3], "rotation": 90, "texture": "#0"},
				"down": {"uv": [9, 2.5, 9.5, 3], "rotation": 270, "texture": "#0"}
			}
		},
		{
			"from": [10.25, 4.25, 10.25],
			"to": [10.75, 4.75, 10.75],
			"rotation": {"angle": 0, "axis": "y", "origin": [8, 4.5, 8]},
			"faces": {
				"north": {"uv": [14, 7.5, 14.5, 8], "texture": "#0"},
				"east": {"uv": [14, 7.5, 14.5, 8], "texture": "#0"},
				"south": {"uv": [14, 7.5, 14.5, 8], "texture": "#0"},
				"west": {"uv": [14, 7.5, 14.5, 8], "texture": "#0"},
				"up": {"uv": [14, 7.5, 14.5, 8], "rotation": 90, "texture": "#0"},
				"down": {"uv": [14, 7.5, 14.5, 8], "rotation": 270, "texture": "#0"}
			}
		},
		{
			"from": [10.25, 4.25, 9.25],
			"to": [11.25, 4.75, 10.25],
			"rotation": {"angle": 0, "axis": "y", "origin": [8, 4.5, 8]},
			"faces": {
				"north": {"uv": [16, 0, 15, 0.5], "texture": "#0"},
				"east": {"uv": [14.5, 7.5, 15, 6.5], "rotation": 90, "texture": "#0"},
				"south": {"uv": [14, 6.5, 15, 7], "texture": "#0"},
				"west": {"uv": [16, 0, 15, 0.5], "texture": "#0"},
				"up": {"uv": [14, 6.5, 15, 7.5], "texture": "#0"},
				"down": {"uv": [14, 7.5, 15, 6.5], "texture": "#0"}
			}
		},
		{
			"from": [9.25, 4.25, 10.25],
			"to": [10.25, 4.75, 11.25],
			"rotation": {"angle": 0, "axis": "y", "origin": [8, 4.5, 8]},
			"faces": {
				"north": {"uv": [16, 0, 15, 0.5], "texture": "#0"},
				"east": {"uv": [13.5, 7.5, 14, 8.5], "rotation": 90, "texture": "#0"},
				"south": {"uv": [13, 8, 14, 8.5], "texture": "#0"},
				"west": {"uv": [16, 0, 15, 0.5], "texture": "#0"},
				"up": {"uv": [13, 7.5, 14, 8.5], "texture": "#0"},
				"down": {"uv": [13, 8.5, 14, 7.5], "texture": "#0"}
			}
		},
		{
			"from": [6.75, 4.25, 4.25],
			"to": [9.25, 4.75, 5.25],
			"rotation": {"angle": 0, "axis": "y", "origin": [8, 4.5, 8]},
			"faces": {
				"north": {"uv": [8, 4, 8.5, 6.5], "rotation": 90, "texture": "#0"},
				"east": {"uv": [8, 4, 9, 4.5], "texture": "#0"},
				"south": {"uv": [8, 0, 10.5, 0.5], "texture": "#0"},
				"west": {"uv": [8, 4, 9, 4.5], "texture": "#0"},
				"up": {"uv": [8, 6.5, 9, 4], "rotation": 90, "texture": "#0"},
				"down": {"uv": [8, 4, 9, 6.5], "rotation": 270, "texture": "#0"}
			}
		},
		{
			"from": [6.75, 4.25, 10.75],
			"to": [9.25, 4.75, 11.75],
			"rotation": {"angle": 0, "axis": "y", "origin": [8, 4.5, 8]},
			"faces": {
				"north": {"uv": [15, 0, 12.5, 0.5], "texture": "#0"},
				"east": {"uv": [15.5, 6, 14.5, 6.5], "texture": "#0"},
				"south": {"uv": [15, 6.5, 15.5, 4], "rotation": 90, "texture": "#0"},
				"west": {"uv": [14.5, 4, 15.5, 4.5], "texture": "#0"},
				"up": {"uv": [14.5, 6.5, 15.5, 4], "rotation": 90, "texture": "#0"},
				"down": {"uv": [14.5, 4, 15.5, 6.5], "rotation": 270, "texture": "#0"}
			}
		},
		{
			"from": [4.75, 4.25, 5.75],
			"to": [5.75, 4.75, 6.75],
			"rotation": {"angle": 0, "axis": "y", "origin": [8, 4.5, 8]},
			"faces": {
				"north": {"uv": [10.5, 2, 9.5, 2.5], "texture": "#0"},
				"east": {"uv": [7, 0, 8, 0.5], "texture": "#0"},
				"south": {"uv": [7, 0, 8, 0.5], "texture": "#0"},
				"west": {"uv": [9.5, 2, 10.5, 2.5], "texture": "#0"},
				"up": {"uv": [9.5, 3, 10.5, 2], "rotation": 90, "texture": "#0"},
				"down": {"uv": [9.5, 2, 10.5, 3], "rotation": 270, "texture": "#0"}
			}
		},
		{
			"from": [10.25, 4.25, 5.25],
			"to": [10.75, 4.75, 5.75],
			"rotation": {"angle": 0, "axis": "y", "origin": [8, 4.5, 8]},
			"faces": {
				"north": {"uv": [14, 2.5, 14.5, 3], "texture": "#0"},
				"east": {"uv": [14, 2.5, 14.5, 3], "texture": "#0"},
				"south": {"uv": [14, 2.5, 14.5, 3], "texture": "#0"},
				"west": {"uv": [14, 2.5, 14.5, 3], "texture": "#0"},
				"up": {"uv": [14, 2.5, 14.5, 3], "rotation": 90, "texture": "#0"},
				"down": {"uv": [14, 2.5, 14.5, 3], "rotation": 270, "texture": "#0"}
			}
		},
		{
			"from": [9.25, 4.25, 4.75],
			"to": [10.25, 4.75, 5.75],
			"rotation": {"angle": 0, "axis": "y", "origin": [8, 4.5, 8]},
			"faces": {
				"north": {"uv": [13, 2, 14, 2.5], "texture": "#0"},
				"east": {"uv": [13, 2, 14, 2.5], "texture": "#0"},
				"south": {"uv": [10.5, 0, 11.5, 0.5], "texture": "#0"},
				"west": {"uv": [10.5, 0, 11.5, 0.5], "texture": "#0"},
				"up": {"uv": [13, 2, 14, 3], "texture": "#0"},
				"down": {"uv": [13, 3, 14, 2], "texture": "#0"}
			}
		},
		{
			"from": [5.25, 6.5, 6.75],
			"to": [6.25, 7, 9.25],
			"rotation": {"angle": 0, "axis": "y", "origin": [5.75, 0, 5.75]},
			"faces": {
				"north": {"uv": [9, 4, 10, 4.5], "texture": "#0"},
				"east": {"uv": [12.5, 0.5, 10, 1], "texture": "#0"},
				"south": {"uv": [9, 4, 10, 4.5], "texture": "#0"},
				"west": {"uv": [9.5, 6.5, 9, 4], "rotation": 90, "texture": "#0"},
				"up": {"uv": [9, 4, 10, 6.5], "texture": "#0"},
				"down": {"uv": [9, 6.5, 10, 4], "texture": "#0"}
			}
		},
		{
			"from": [9.75, 6.5, 6.75],
			"to": [10.75, 7, 9.25],
			"rotation": {"angle": 0, "axis": "y", "origin": [5.75, 0, 5.75]},
			"faces": {
				"north": {"uv": [14.5, 4, 13.5, 4.5], "texture": "#0"},
				"east": {"uv": [14, 4, 14.5, 6.5], "rotation": 90, "texture": "#0"},
				"south": {"uv": [13.5, 6, 14.5, 6.5], "texture": "#0"},
				"west": {"uv": [13, 0.5, 15.5, 1], "texture": "#0"},
				"up": {"uv": [13.5, 4, 14.5, 6.5], "texture": "#0"},
				"down": {"uv": [13.5, 6.5, 14.5, 4], "texture": "#0"}
			}
		},
		{
			"from": [5.75, 6.5, 5.75],
			"to": [6.75, 7, 6.75],
			"rotation": {"angle": 0, "axis": "y", "origin": [5.75, 0, 5.75]},
			"faces": {
				"north": {"uv": [9.5, 3, 10.5, 3.5], "texture": "#0"},
				"east": {"uv": [9.5, 0.5, 10, 1], "texture": "#0"},
				"south": {"uv": [9.5, 0.5, 10, 1], "texture": "#0"},
				"west": {"uv": [9.5, 3, 10.5, 3.5], "texture": "#0"},
				"up": {"uv": [9.5, 3, 10.5, 4], "texture": "#0"},
				"down": {"uv": [9.5, 3, 10.5, 4], "rotation": 270, "texture": "#0"}
			}
		},
		{
			"from": [9.25, 6.5, 5.75],
			"to": [10.25, 7, 6.75],
			"rotation": {"angle": 0, "axis": "y", "origin": [5.75, 0, 5.75]},
			"faces": {
				"north": {"uv": [13, 3, 14, 3.5], "texture": "#0"},
				"east": {"uv": [13.5, 3, 14, 4], "rotation": 90, "texture": "#0"},
				"south": {"uv": [13, 0.5, 12.5, 1], "texture": "#0"},
				"west": {"uv": [13, 0.5, 12.5, 1], "texture": "#0"},
				"up": {"uv": [13, 3, 14, 4], "texture": "#0"},
				"down": {"uv": [13, 4, 14, 3], "texture": "#0"}
			}
		},
		{
			"from": [5.75, 6.5, 9.25],
			"to": [6.75, 7, 10.25],
			"rotation": {"angle": 0, "axis": "y", "origin": [5.75, 0, 5.75]},
			"faces": {
				"north": {"uv": [13, 0.5, 12.5, 1], "texture": "#0"},
				"east": {"uv": [13, 0.5, 12.5, 1], "texture": "#0"},
				"south": {"uv": [9.5, 7, 10.5, 7.5], "texture": "#0"},
				"west": {"uv": [9.5, 6.5, 10, 7.5], "rotation": 90, "texture": "#0"},
				"up": {"uv": [9.5, 6.5, 10.5, 7.5], "texture": "#0"},
				"down": {"uv": [9.5, 7.5, 10.5, 6.5], "texture": "#0"}
			}
		},
		{
			"from": [9.25, 6.5, 9.25],
			"to": [10.25, 7, 10.25],
			"rotation": {"angle": 0, "axis": "y", "origin": [5.75, 0, 5.75]},
			"faces": {
				"north": {"uv": [16, 0.5, 15.5, 1], "texture": "#0"},
				"east": {"uv": [13, 7, 14, 7.5], "texture": "#0"},
				"south": {"uv": [13.5, 6.5, 14, 7.5], "rotation": 90, "texture": "#0"},
				"west": {"uv": [16, 0.5, 15.5, 1], "texture": "#0"},
				"up": {"uv": [13, 6.5, 14, 7.5], "texture": "#0"},
				"down": {"uv": [13, 6.5, 14, 7.5], "texture": "#0"}
			}
		},
		{
			"from": [6.75, 6.5, 5.25],
			"to": [9.25, 7, 6.25],
			"rotation": {"angle": 0, "axis": "y", "origin": [5.75, 0, 5.75]},
			"faces": {
				"north": {"uv": [13, 2.5, 10.5, 3], "texture": "#0"},
				"east": {"uv": [10.5, 2.5, 11.5, 3], "texture": "#0"},
				"south": {"uv": [10, 0.5, 12.5, 1], "texture": "#0"},
				"west": {"uv": [10.5, 2.5, 11.5, 3], "texture": "#0"},
				"up": {"uv": [10.5, 2.5, 13, 3.5], "texture": "#0"},
				"down": {"uv": [10.5, 3.5, 13, 2.5], "texture": "#0"}
			}
		},
		{
			"from": [6.75, 6.5, 9.75],
			"to": [9.25, 7, 10.75],
			"rotation": {"angle": 0, "axis": "y", "origin": [5.75, 0, 5.75]},
			"faces": {
				"north": {"uv": [15.5, 0.5, 13, 1], "texture": "#0"},
				"east": {"uv": [12.5, 7, 13, 8], "rotation": 90, "texture": "#0"},
				"south": {"uv": [10.5, 7.5, 13, 8], "texture": "#0"},
				"west": {"uv": [10.5, 7, 11.5, 7.5], "texture": "#0"},
				"up": {"uv": [10.5, 7, 13, 8], "texture": "#0"},
				"down": {"uv": [10.5, 8, 13, 7], "texture": "#0"}
			}
		},
		{
			"from": [6.25, 9, 6.25],
			"to": [7.25, 9.5, 7.25],
			"rotation": {"angle": 0, "axis": "y", "origin": [6.25, 0, 6.25]},
			"faces": {
				"north": {"uv": [12, 9.5, 13, 10], "texture": "#0"},
				"east": {"uv": [11.5, 1, 12, 1.5], "texture": "#0"},
				"south": {"uv": [11.5, 1, 12, 1.5], "texture": "#0"},
				"west": {"uv": [12, 9.5, 13, 10], "texture": "#0"},
				"up": {"uv": [12, 9.5, 13, 10.5], "texture": "#0"},
				"down": {"uv": [12, 9.5, 13, 10.5], "rotation": 270, "texture": "#0"}
			}
		},
		{
			"from": [8.75, 9, 6.25],
			"to": [9.75, 9.5, 7.25],
			"rotation": {"angle": 0, "axis": "y", "origin": [6.25, 0, 6.25]},
			"faces": {
				"north": {"uv": [14.5, 9.5, 15.5, 10], "texture": "#0"},
				"east": {"uv": [15, 9.5, 15.5, 10.5], "rotation": 90, "texture": "#0"},
				"south": {"uv": [13.5, 1, 14, 1.5], "texture": "#0"},
				"west": {"uv": [13.5, 1, 14, 1.5], "texture": "#0"},
				"up": {"uv": [14.5, 9.5, 15.5, 10.5], "texture": "#0"},
				"down": {"uv": [14.5, 10.5, 15.5, 9.5], "texture": "#0"}
			}
		},
		{
			"from": [7.25, 9, 5.75],
			"to": [8.75, 9.5, 6.75],
			"rotation": {"angle": 0, "axis": "y", "origin": [6.25, 0, 6.25]},
			"faces": {
				"north": {"uv": [14.5, 9, 13, 9.5], "texture": "#0"},
				"east": {"uv": [13, 9, 14, 9.5], "texture": "#0"},
				"south": {"uv": [12, 1, 13.5, 1.5], "texture": "#0"},
				"west": {"uv": [13, 9, 14, 9.5], "texture": "#0"},
				"up": {"uv": [13, 9, 14.5, 10], "texture": "#0"},
				"down": {"uv": [13, 10, 14.5, 9], "texture": "#0"}
			}
		},
		{
			"from": [7.25, 9, 9.25],
			"to": [8.75, 9.5, 10.25],
			"rotation": {"angle": 0, "axis": "y", "origin": [6.25, 0, 6.25]},
			"faces": {
				"north": {"uv": [14, 1, 15.5, 1.5], "texture": "#0"},
				"east": {"uv": [14, 12.5, 14.5, 13.5], "rotation": 90, "texture": "#0"},
				"south": {"uv": [13, 13, 14.5, 13.5], "texture": "#0"},
				"west": {"uv": [13, 13.5, 13.5, 12.5], "rotation": 90, "texture": "#0"},
				"up": {"uv": [13, 12.5, 14.5, 13.5], "texture": "#0"},
				"down": {"uv": [13, 13.5, 14.5, 12.5], "texture": "#0"}
			}
		},
		{
			"from": [8.75, 9, 8.75],
			"to": [9.75, 9.5, 9.75],
			"rotation": {"angle": 0, "axis": "y", "origin": [6.25, 0, 6.25]},
			"faces": {
				"north": {"uv": [15.5, 1, 16, 1.5], "texture": "#0"},
				"east": {"uv": [14.5, 12.5, 15.5, 13], "texture": "#0"},
				"south": {"uv": [15, 12, 15.5, 13], "rotation": 90, "texture": "#0"},
				"west": {"uv": [15.5, 1, 16, 1.5], "texture": "#0"},
				"up": {"uv": [14.5, 12, 15.5, 13], "texture": "#0"},
				"down": {"uv": [14.5, 12, 15.5, 13], "rotation": 270, "texture": "#0"}
			}
		},
		{
			"from": [6.25, 9, 8.75],
			"to": [7.25, 9.5, 9.75],
			"rotation": {"angle": 0, "axis": "y", "origin": [6.25, 0, 6.25]},
			"faces": {
				"north": {"uv": [13.5, 1, 14, 1.5], "texture": "#0"},
				"east": {"uv": [13.5, 1, 14, 1.5], "texture": "#0"},
				"south": {"uv": [12, 12.5, 13, 13], "texture": "#0"},
				"west": {"uv": [12, 12, 12.5, 13], "rotation": 90, "texture": "#0"},
				"up": {"uv": [12, 12, 13, 13], "texture": "#0"},
				"down": {"uv": [12, 13, 13, 12], "texture": "#0"}
			}
		},
		{
			"from": [5.75, 9, 7.25],
			"to": [6.75, 9.5, 8.75],
			"rotation": {"angle": 0, "axis": "y", "origin": [6.25, 0, 6.25]},
			"faces": {
				"north": {"uv": [12.5, 11, 11.5, 10.5], "texture": "#0"},
				"east": {"uv": [12, 1, 13.5, 1.5], "texture": "#0"},
				"south": {"uv": [11.5, 11.5, 12.5, 12], "texture": "#0"},
				"west": {"uv": [12, 12, 11.5, 10.5], "rotation": 90, "texture": "#0"},
				"up": {"uv": [11.5, 10.5, 12.5, 12], "texture": "#0"},
				"down": {"uv": [11.5, 12, 12.5, 10.5], "texture": "#0"}
			}
		},
		{
			"from": [9.25, 9, 7.25],
			"to": [10.25, 9.5, 8.75],
			"rotation": {"angle": 0, "axis": "y", "origin": [6.25, 0, 6.25]},
			"faces": {
				"north": {"uv": [16, 10.5, 15, 11], "texture": "#0"},
				"east": {"uv": [15.5, 10.5, 16, 12], "rotation": 90, "texture": "#0"},
				"south": {"uv": [15, 11.5, 16, 12], "texture": "#0"},
				"west": {"uv": [14, 1, 15.5, 1.5], "texture": "#0"},
				"up": {"uv": [15, 10.5, 16, 12], "texture": "#0"},
				"down": {"uv": [15, 12, 16, 10.5], "texture": "#0"}
			}
		},
		{
			"from": [9.64025, 7.75, 8.52396],
			"to": [11.14025, 9.25, 10.02396],
			"rotation": {"angle": -22.5, "axis": "y", "origin": [10.01525, 9, 10.02396]},
			"faces": {
				"north": {"uv": [3, 1, 1.5, 2.5], "texture": "#0"},
				"east": {"uv": [4, 1, 2.5, 2.5], "texture": "#0"},
				"south": {"uv": [5, 1, 3.5, 2.5], "texture": "#0"},
				"west": {"uv": [2.5, 1, 4, 2.5], "texture": "#0"},
				"up": {"uv": [2.5, 1.5, 4, 0], "rotation": 270, "texture": "#0"},
				"down": {"uv": [4, 2.5, 2.5, 2], "rotation": 90, "texture": "#0"}
			}
		},
		{
			"from": [8.89025, 9.25, 9.02396],
			"to": [10.39025, 9.75, 9.52396],
			"rotation": {"angle": -22.5, "axis": "y", "origin": [10.01525, 9, 10.02396]},
			"faces": {
				"north": {"uv": [5, 2.5, 3.5, 3], "texture": "#0"},
				"east": {"uv": [4, 2.5, 3.5, 3], "texture": "#0"},
				"south": {"uv": [5, 2.5, 3.5, 3], "texture": "#0"},
				"west": {"uv": [4, 2.5, 3.5, 3], "texture": "#0"},
				"up": {"uv": [5, 2.5, 3.5, 3], "texture": "#0"},
				"down": {"uv": [5, 2.5, 3.5, 3], "rotation": 180, "texture": "#0"}
			}
		},
		{
			"from": [4.85975, 7.75, 8.52396],
			"to": [6.35975, 9.25, 10.02396],
			"rotation": {"angle": 22.5, "axis": "y", "origin": [5.98475, 9, 10.02396]},
			"faces": {
				"north": {"uv": [1.5, 1, 3, 2.5], "texture": "#0"},
				"east": {"uv": [4, 1, 2.5, 2.5], "texture": "#0"},
				"south": {"uv": [3.5, 1, 5, 2.5], "texture": "#0"},
				"west": {"uv": [2.5, 1, 4, 2.5], "texture": "#0"},
				"up": {"uv": [2.5, 0, 4, 1.5], "rotation": 270, "texture": "#0"},
				"down": {"uv": [4, 2, 2.5, 2.5], "rotation": 90, "texture": "#0"}
			}
		},
		{
			"from": [5.60975, 9.25, 9.02396],
			"to": [7.10975, 9.75, 9.52396],
			"rotation": {"angle": 22.5, "axis": "y", "origin": [5.98475, 9, 10.02396]},
			"faces": {
				"north": {"uv": [3.5, 2.5, 5, 3], "texture": "#0"},
				"east": {"uv": [3.5, 2.5, 4, 3], "texture": "#0"},
				"south": {"uv": [3.5, 2.5, 5, 3], "texture": "#0"},
				"west": {"uv": [3.5, 2.5, 4, 3], "texture": "#0"},
				"up": {"uv": [3.5, 2.5, 5, 3], "texture": "#0"},
				"down": {"uv": [3.5, 2.5, 5, 3], "rotation": 180, "texture": "#0"}
			}
		},
		{
			"from": [7.25, 7.75, 4.25],
			"to": [8.75, 9.25, 5.75],
			"rotation": {"angle": 0, "axis": "y", "origin": [8, 8.75, 4.5]},
			"faces": {
				"north": {"uv": [2.5, 1, 4, 2.5], "texture": "#0"},
				"east": {"uv": [1.5, 1, 3, 2.5], "texture": "#0"},
				"south": {"uv": [4, 1, 2.5, 2.5], "texture": "#0"},
				"west": {"uv": [3.5, 1, 5, 2.5], "texture": "#0"},
				"up": {"uv": [2.5, 0, 4, 1.5], "texture": "#0"},
				"down": {"uv": [4, 2, 2.5, 2.5], "texture": "#0"}
			}
		},
		{
			"from": [7.75, 9.25, 5],
			"to": [8.25, 9.75, 6.5],
			"rotation": {"angle": 0, "axis": "y", "origin": [7.75, 2.5, 7.25]},
			"faces": {
				"north": {"uv": [3.5, 2.5, 4, 3], "texture": "#0"},
				"east": {"uv": [3.5, 2.5, 5, 3], "texture": "#0"},
				"south": {"uv": [3.5, 2.5, 4, 3], "texture": "#0"},
				"west": {"uv": [3.5, 2.5, 5, 3], "texture": "#0"},
				"up": {"uv": [3.5, 2.5, 5, 3], "rotation": 90, "texture": "#0"},
				"down": {"uv": [3.5, 2.5, 5, 3], "rotation": 90, "texture": "#0"}
			}
		},
		{
			"from": [7.25, 5.5, 4.25],
			"to": [8.75, 7, 5.75],
			"rotation": {"angle": 22.5, "axis": "x", "origin": [8, 6.25, 4.5]},
			"faces": {
				"north": {"uv": [2.5, 1, 4, 2.5], "texture": "#0"},
				"east": {"uv": [1.5, 1, 3, 2.5], "texture": "#0"},
				"south": {"uv": [4, 1, 2.5, 2.5], "texture": "#0"},
				"west": {"uv": [3.5, 1, 5, 2.5], "texture": "#0"},
				"up": {"uv": [2.5, 0, 4, 1.5], "texture": "#0"},
				"down": {"uv": [4, 2, 2.5, 2.5], "texture": "#0"}
			}
		},
		{
			"from": [7.75, 6.75, 5],
			"to": [8.25, 7.25, 6.5],
			"rotation": {"angle": 0, "axis": "y", "origin": [7.75, 0, 7.25]},
			"faces": {
				"north": {"uv": [3.5, 2.5, 4, 3], "texture": "#0"},
				"east": {"uv": [3.5, 2.5, 5, 3], "texture": "#0"},
				"south": {"uv": [3.5, 2.5, 4, 3], "texture": "#0"},
				"west": {"uv": [3.5, 2.5, 5, 3], "texture": "#0"},
				"up": {"uv": [3.5, 2.5, 5, 3], "rotation": 90, "texture": "#0"},
				"down": {"uv": [3.5, 2.5, 5, 3], "rotation": 90, "texture": "#0"}
			}
		},
		{
			"from": [4.14403, 5.5, 7.25],
			"to": [5.64403, 7, 8.75],
			"rotation": {"angle": -22.5, "axis": "z", "origin": [4.39403, 6.25, 8]},
			"faces": {
				"north": {"uv": [5, 1, 3.5, 2.5], "texture": "#0"},
				"east": {"uv": [2.5, 1, 4, 2.5], "texture": "#0"},
				"south": {"uv": [3, 1, 1.5, 2.5], "texture": "#0"},
				"west": {"uv": [4, 1, 2.5, 2.5], "texture": "#0"},
				"up": {"uv": [2.5, 1.5, 4, 0], "rotation": 90, "texture": "#0"},
				"down": {"uv": [4, 2.5, 2.5, 2], "rotation": 270, "texture": "#0"}
			}
		},
		{
			"from": [4.89403, 6.75, 7.75],
			"to": [6.39403, 7.25, 8.25],
			"rotation": {"angle": 0, "axis": "y", "origin": [7.14403, 0, 7.75]},
			"faces": {
				"north": {"uv": [5, 2.5, 3.5, 3], "texture": "#0"},
				"east": {"uv": [4, 2.5, 3.5, 3], "texture": "#0"},
				"south": {"uv": [5, 2.5, 3.5, 3], "texture": "#0"},
				"west": {"uv": [4, 2.5, 3.5, 3], "texture": "#0"},
				"up": {"uv": [5, 2.5, 3.5, 3], "rotation": 180, "texture": "#0"},
				"down": {"uv": [5, 2.5, 3.5, 3], "texture": "#0"}
			}
		},
		{
			"from": [10.35597, 5.5, 7.25],
			"to": [11.85597, 7, 8.75],
			"rotation": {"angle": 22.5, "axis": "z", "origin": [11.60597, 6.25, 8]},
			"faces": {
				"north": {"uv": [3.5, 1, 5, 2.5], "texture": "#0"},
				"east": {"uv": [2.5, 1, 4, 2.5], "texture": "#0"},
				"south": {"uv": [1.5, 1, 3, 2.5], "texture": "#0"},
				"west": {"uv": [4, 1, 2.5, 2.5], "texture": "#0"},
				"up": {"uv": [2.5, 0, 4, 1.5], "rotation": 90, "texture": "#0"},
				"down": {"uv": [4, 2, 2.5, 2.5], "rotation": 270, "texture": "#0"}
			}
		},
		{
			"from": [9.60597, 6.75, 7.75],
			"to": [11.10597, 7.25, 8.25],
			"rotation": {"angle": 0, "axis": "y", "origin": [8.85597, 0, 7.75]},
			"faces": {
				"north": {"uv": [3.5, 2.5, 5, 3], "texture": "#0"},
				"east": {"uv": [3.5, 2.5, 4, 3], "texture": "#0"},
				"south": {"uv": [3.5, 2.5, 5, 3], "texture": "#0"},
				"west": {"uv": [3.5, 2.5, 4, 3], "texture": "#0"},
				"up": {"uv": [3.5, 2.5, 5, 3], "rotation": 180, "texture": "#0"},
				"down": {"uv": [3.5, 2.5, 5, 3], "texture": "#0"}
			}
		},
		{
			"from": [7.25, 5.5, 10.25],
			"to": [8.75, 7, 11.75],
			"rotation": {"angle": -22.5, "axis": "x", "origin": [8, 6.25, 11.5]},
			"faces": {
				"north": {"uv": [2.5, 1, 4, 2.5], "texture": "#0"},
				"east": {"uv": [3, 1, 1.5, 2.5], "texture": "#0"},
				"south": {"uv": [4, 1, 2.5, 2.5], "texture": "#0"},
				"west": {"uv": [5, 1, 3.5, 2.5], "texture": "#0"},
				"up": {"uv": [2.5, 1.5, 4, 0], "texture": "#0"},
				"down": {"uv": [4, 2.5, 2.5, 2], "texture": "#0"}
			}
		},
		{
			"from": [7.75, 6.75, 9.5],
			"to": [8.25, 7.25, 11],
			"rotation": {"angle": 0, "axis": "y", "origin": [7.75, 0, 8.75]},
			"faces": {
				"north": {"uv": [4, 2.5, 3.5, 3], "texture": "#0"},
				"east": {"uv": [5, 2.5, 3.5, 3], "texture": "#0"},
				"south": {"uv": [4, 2.5, 3.5, 3], "texture": "#0"},
				"west": {"uv": [5, 2.5, 3.5, 3], "texture": "#0"},
				"up": {"uv": [5, 2.5, 3.5, 3], "rotation": 90, "texture": "#0"},
				"down": {"uv": [5, 2.5, 3.5, 3], "rotation": 90, "texture": "#0"}
			}
		},
		{
			"from": [7.25, 10.75, 7.25],
			"to": [8.75, 12.25, 8.75],
			"rotation": {"angle": 0, "axis": "y", "origin": [7.25, 0, 7.25]},
			"faces": {
				"north": {"uv": [1.5, 7, 3, 8.5], "texture": "#0"},
				"east": {"uv": [3, 7, 1.5, 8.5], "texture": "#0"},
				"south": {"uv": [1.5, 7, 3, 8.5], "texture": "#0"},
				"west": {"uv": [3, 7, 1.5, 8.5], "texture": "#0"},
				"up": {"uv": [1.5, 6, 3, 7.5], "texture": "#0"},
				"down": {"uv": [1.5, 8, 3, 8.5], "texture": "#0"}
			}
		},
		{
			"from": [7.75, 12.25, 8],
			"to": [8.25, 13.75, 8.001],
			"rotation": {"angle": 0, "axis": "y", "origin": [7.75, 0, 8]},
			"faces": {
				"north": {"uv": [3.5, 3, 4, 4.5], "texture": "#0"},
				"east": {"uv": [0, 0, 0, 0], "texture": "#0"},
				"south": {"uv": [3.5, 3, 4, 4.5], "texture": "#0"},
				"west": {"uv": [0, 0, 0, 0], "texture": "#0"},
				"up": {"uv": [0, 0, 0, 0], "texture": "#0"},
				"down": {"uv": [0, 0, 0, 0], "texture": "#0"}
			}
		},
		{
			"from": [6.75, 10.5, 6.75],
			"to": [9.25, 11, 7.25],
			"rotation": {"angle": 45, "axis": "y", "origin": [8, 11.25, 8]},
			"faces": {
				"north": {"uv": [10.5, 4, 13, 4.5], "texture": "#0"},
				"east": {"uv": [10.5, 4, 11, 4.5], "texture": "#0"},
				"south": {"uv": [10.5, 4, 13, 4.5], "texture": "#0"},
				"west": {"uv": [10.5, 4, 11, 4.5], "texture": "#0"},
				"up": {"uv": [10.5, 4, 13, 4.5], "texture": "#0"},
				"down": {"uv": [10.5, 4, 13, 4.5], "texture": "#0"}
			}
		},
		{
			"from": [6.75, 10.5, 8.75],
			"to": [9.25, 11, 9.25],
			"rotation": {"angle": 45, "axis": "y", "origin": [8, 11.25, 8]},
			"faces": {
				"north": {"uv": [10.5, 6, 13, 6.5], "texture": "#0"},
				"east": {"uv": [10.5, 6, 11, 6.5], "texture": "#0"},
				"south": {"uv": [10.5, 6, 13, 6.5], "texture": "#0"},
				"west": {"uv": [10.5, 6, 11, 6.5], "texture": "#0"},
				"up": {"uv": [10.5, 6, 13, 6.5], "texture": "#0"},
				"down": {"uv": [10.5, 6, 13, 6.5], "texture": "#0"}
			}
		},
		{
			"from": [6.75, 10.5, 7.25],
			"to": [7.25, 11, 8.75],
			"rotation": {"angle": 45, "axis": "y", "origin": [8, 11.25, 8]},
			"faces": {
				"north": {"uv": [10.5, 4.5, 11, 5], "texture": "#0"},
				"east": {"uv": [10.5, 4.5, 11, 6], "rotation": 90, "texture": "#0"},
				"south": {"uv": [10.5, 4.5, 11, 5], "texture": "#0"},
				"west": {"uv": [10.5, 4.5, 11, 6], "rotation": 90, "texture": "#0"},
				"up": {"uv": [10.5, 4.5, 11, 6], "texture": "#0"},
				"down": {"uv": [10.5, 4.5, 11, 6], "texture": "#0"}
			}
		},
		{
			"from": [8.75, 10.5, 7.25],
			"to": [9.25, 11, 8.75],
			"rotation": {"angle": 45, "axis": "y", "origin": [8, 11.25, 8]},
			"faces": {
				"north": {"uv": [12.5, 4.5, 13, 5], "texture": "#0"},
				"east": {"uv": [12.5, 4.5, 13, 6], "rotation": 90, "texture": "#0"},
				"south": {"uv": [12.5, 4.5, 13, 5], "texture": "#0"},
				"west": {"uv": [12.5, 4.5, 13, 6], "rotation": 90, "texture": "#0"},
				"up": {"uv": [12.5, 4.5, 13, 6], "texture": "#0"},
				"down": {"uv": [12.5, 4.5, 13, 6], "texture": "#0"}
			}
		},
		{
			"from": [7, 4.5, 5],
			"to": [8.5, 4.501, 7.5],
			"rotation": {"angle": 0, "axis": "y", "origin": [7.25, 0, 8]},
			"faces": {
				"north": {"uv": [0, 0, 0, 0], "texture": "#0"},
				"east": {"uv": [0, 0, 0, 0], "texture": "#0"},
				"south": {"uv": [0, 0, 0, 0], "texture": "#0"},
				"west": {"uv": [0, 0, 0, 0], "texture": "#0"},
				"up": {"uv": [6.5, 16, 8, 13.5], "texture": "#0"},
				"down": {"uv": [6.5, 13.5, 8, 16], "texture": "#0"}
			}
		},
		{
			"from": [8.25, 4.5, 7],
			"to": [10.75, 4.501, 8.5],
			"rotation": {"angle": -22.5, "axis": "y", "origin": [7.25, 0, 8]},
			"faces": {
				"north": {"uv": [0, 0, 0, 0], "texture": "#0"},
				"east": {"uv": [0, 0, 0, 0], "texture": "#0"},
				"south": {"uv": [0, 0, 0, 0], "texture": "#0"},
				"west": {"uv": [0, 0, 0, 0], "texture": "#0"},
				"up": {"uv": [6.5, 16, 8, 13.5], "rotation": 90, "texture": "#0"},
				"down": {"uv": [6.5, 13.5, 8, 16], "rotation": 270, "texture": "#0"}
			}
		},
		{
			"from": [4.75, 4.5, 7.5],
			"to": [7.25, 4.501, 9],
			"rotation": {"angle": 45, "axis": "y", "origin": [7.25, 0, 8]},
			"faces": {
				"north": {"uv": [0, 0, 0, 0], "texture": "#0"},
				"east": {"uv": [0, 0, 0, 0], "texture": "#0"},
				"south": {"uv": [0, 0, 0, 0], "texture": "#0"},
				"west": {"uv": [0, 0, 0, 0], "texture": "#0"},
				"up": {"uv": [6.5, 16, 8, 13.5], "rotation": 270, "texture": "#0"},
				"down": {"uv": [6.5, 13.5, 8, 16], "rotation": 90, "texture": "#0"}
			}
		}
	],
	"display": {
		"thirdperson_righthand": {
			"rotation": [66.5, 0, 0],
			"translation": [6, 8.25, 5.75],
			"scale": [1.5, 1.5, 1.5]
		},
		"thirdperson_lefthand": {
			"rotation": [66.5, 0, 0],
			"translation": [6, 8.25, 5.75],
			"scale": [1.5, 1.5, 1.5]
		},
		"firstperson_righthand": {
			"translation": [22, 2, -21.5],
			"scale": [2, 2, 2]
		},
		"firstperson_lefthand": {
			"translation": [22, 2, -21.5],
			"scale": [2, 2, 2]
		},
		"ground": {
			"rotation": [45, -45, 45],
			"translation": [0, 5, 0]
		},
		"gui": {
			"rotation": [-20, 160, 30],
			"translation": [2.75, 4.25, 0],
			"scale": [2, 2, 2]
		},
		"fixed": {
			"translation": [0, 4.25, -1.5],
			"scale": [2, 2, 2]
		}
	},
	"groups": [
		0,
		1,
		2,
		{
			"name": "particles",
			"origin": [4.75, -0.25, 7],
			"color": 0,
			"children": [3, 4, 5]
		},
		{
			"name": "tie",
			"origin": [6.25, 0.25, 8],
			"color": 0,
			"children": [6, 7, 8, 9]
		},
		{
			"name": "circle 1",
			"origin": [3.75, 0, 4.25],
			"color": 0,
			"children": [10, 11, 12, 13, 14, 15, 16, 17, 18, 19, 20, 21, 22, 23, 24, 25]
		},
		{
			"name": "circle 2",
			"origin": [5.75, 0, 5.75],
			"color": 0,
			"children": [26, 27, 28, 29, 30, 31, 32, 33]
		},
		{
			"name": "circle 3",
			"origin": [6.25, 0, 6.25],
			"color": 0,
			"children": [34, 35, 36, 37, 38, 39, 40, 41]
		},
		{
			"name": "bells",
			"origin": [7.75, 0, 7.25],
			"color": 0,
			"children": [
				{
					"name": "group",
					"origin": [7.75, 0, 7.25],
					"color": 0,
					"children": [42, 43]
				},
				{
					"name": "group",
					"origin": [7.75, 0, 7.25],
					"color": 0,
					"children": [44, 45]
				},
				{
					"name": "group",
					"origin": [7.75, 0, 7.25],
					"color": 0,
					"children": [46, 47]
				},
				{
					"name": "group",
					"origin": [7.75, 0, 7.25],
					"color": 0,
					"children": [48, 49]
				},
				{
					"name": "group",
					"origin": [6.89403, 0, 3.75],
					"color": 0,
					"children": [50, 51]
				},
				{
					"name": "group",
					"origin": [6.89403, 0, 3.75],
					"color": 0,
					"children": [52, 53]
				},
				{
					"name": "group",
					"origin": [7.75, 0, 7.25],
					"color": 0,
					"children": [54, 55]
				}
			]
		},
		56,
		57,
		{
			"name": "group",
			"origin": [6.75, 0, 6.75],
			"color": 0,
			"children": [58, 59, 60, 61]
		},
		62,
		63,
		64
	]
}