{
	"credit": "Made by Raycifer",
	"textures": {
		"0": "./hamayumi"
	},
	"elements": [
		{
			"from": [8.37525, 7, 7.49954],
			"to": [9.37525, 11.5, 8.49954],
			"rotation": {"angle": 0, "axis": "y", "origin": [8.87525, 9.25, 7.99954]},
			"faces": {
				"north": {"uv": [8, 2, 9, 6.5], "texture": "#0"},
				"east": {"uv": [9, 2, 8, 6.5], "texture": "#0"},
				"south": {"uv": [8, 2, 9, 6.5], "texture": "#0"},
				"west": {"uv": [9, 2, 8, 6.5], "texture": "#0"},
				"up": {"uv": [0, 0, 0, 0], "rotation": 90, "texture": "#0"},
				"down": {"uv": [0, 0, 0, 0], "rotation": 270, "texture": "#0"}
			}
		},
		{
			"from": [10.12525, 4, 6.99954],
			"to": [11.12525, 6, 8.99954],
			"rotation": {"angle": 0, "axis": "y", "origin": [16.37525, 0, -0.00046]},
			"faces": {
				"north": {"uv": [2, 2.5, 3, 4.5], "texture": "#0"},
				"east": {"uv": [0.5, 2.5, 2.5, 4.5], "texture": "#0"},
				"south": {"uv": [0, 2.5, 1, 4.5], "texture": "#0"},
				"west": {"uv": [2.5, 2.5, 4.5, 4.5], "texture": "#0"},
				"up": {"uv": [1, 2.5, 0, 4.5], "rotation": 180, "texture": "#0"},
				"down": {"uv": [0, 4.5, 1, 2.5], "texture": "#0"}
			}
		},
		{
			"from": [8.46525, 5.85, 7.49954],
			"to": [9.46525, 6.85, 8.49954],
			"rotation": {"angle": -45, "axis": "z", "origin": [8.87525, 5.5, 7.99954]},
			"faces": {
				"north": {"uv": [1.5, 1.5, 0.5, 2.5], "rotation": 90, "texture": "#0"},
				"east": {"uv": [0.5, 1, 1, 2.5], "texture": "#0"},
				"south": {"uv": [1.5, 2.5, 0.5, 1.5], "rotation": 90, "texture": "#0"},
				"west": {"uv": [0, 0, 0, 0], "texture": "#0"},
				"up": {"uv": [1.5, 1.5, 1, 2.5], "rotation": 270, "texture": "#0"},
				"down": {"uv": [0, 0, 0, 0], "rotation": 270, "texture": "#0"}
			}
		},
		{
			"from": [9.46525, 5.85, 7.49954],
			"to": [10.46525, 6.85, 8.49954],
			"rotation": {"angle": -45, "axis": "z", "origin": [8.87525, 5.5, 7.99954]},
			"faces": {
				"north": {"uv": [0, 1.5, 0.5, 2.5], "texture": "#0"},
				"east": {"uv": [0, 1.5, 0.5, 2.5], "texture": "#0"},
				"south": {"uv": [0, 1.5, 0.5, 2.5], "texture": "#0"},
				"west": {"uv": [0, 1.5, 0.5, 2.5], "texture": "#0"},
				"up": {"uv": [0, 1.5, 0.5, 2.5], "rotation": 90, "texture": "#0"},
				"down": {"uv": [0, 1.5, 0.5, 2.5], "rotation": 270, "texture": "#0"}
			}
		},
		{
			"from": [7.96525, 5.85, 7.49954],
			"to": [8.46525, 6.85, 8.49954],
			"rotation": {"angle": -45, "axis": "z", "origin": [8.87525, 5.5, 7.99954]},
			"faces": {
				"north": {"uv": [1.5, 1, 0.5, 1.5], "rotation": 90, "texture": "#0"},
				"east": {"uv": [0, 0, 0, 0], "texture": "#0"},
				"south": {"uv": [1.5, 1, 0.5, 1.5], "rotation": 90, "texture": "#0"},
				"west": {"uv": [0, 0, 0, 0], "rotation": 90, "texture": "#0"},
				"up": {"uv": [0, 0, 0, 0], "rotation": 90, "texture": "#0"},
				"down": {"uv": [0.5, 2, 1, 2.5], "rotation": 270, "texture": "#0"}
			}
		},
		{
			"from": [7.46525, 5.85, 7.49954],
			"to": [7.96525, 6.35, 8.49954],
			"rotation": {"angle": -45, "axis": "z", "origin": [8.87525, 5.5, 7.99954]},
			"faces": {
				"north": {"uv": [0.5, 0.5, 1, 1], "texture": "#0"},
				"east": {"uv": [0, 0, 0, 0], "texture": "#0"},
				"south": {"uv": [0.5, 0.5, 1, 1], "texture": "#0"},
				"west": {"uv": [0, 0, 0, 0], "texture": "#0"},
				"up": {"uv": [0, 0, 0, 0], "rotation": 90, "texture": "#0"},
				"down": {"uv": [0.5, 0.5, 1, 1], "rotation": 270, "texture": "#0"}
			}
		},
		{
			"from": [8.46525, 1.6, 7.24954],
			"to": [9.96525, 6.1, 8.74954],
			"rotation": {"angle": -45, "axis": "z", "origin": [8.87525, 5.5, 7.99954]},
			"faces": {
				"north": {"uv": [1, 6.5, 2.5, 11], "texture": "#0"},
				"east": {"uv": [1.5, 6.5, 0, 11], "texture": "#0"},
				"south": {"uv": [2.5, 6.5, 1, 11], "texture": "#0"},
				"west": {"uv": [2, 6.5, 3.5, 11], "texture": "#0"},
				"up": {"uv": [1, 6.5, 2.5, 7], "rotation": 180, "texture": "#0"},
				"down": {"uv": [0, 6.5, 1.5, 5], "rotation": 270, "texture": "#0"}
			}
		},
		{
			"from": [5.87525, 0.42344, 7.49954],
			"to": [6.87525, 2.92344, 8.49954],
			"rotation": {"angle": -22.5, "axis": "z", "origin": [6.19374, 2.69121, 7.99954]},
			"faces": {
				"north": {"uv": [3.5, 6.5, 4.5, 9], "texture": "#0"},
				"east": {"uv": [4, 6.5, 3.5, 9], "texture": "#0"},
				"south": {"uv": [4.5, 6.5, 3.5, 9], "texture": "#0"},
				"west": {"uv": [4.5, 6.5, 4, 9], "texture": "#0"},
				"up": {"uv": [0, 0, 0, 0], "rotation": 90, "texture": "#0"},
				"down": {"uv": [3.5, 9, 4.5, 8.5], "rotation": 270, "texture": "#0"}
			}
		},
		{
			"from": [5.12525, -1.57656, 7.74954],
			"to": [5.62525, 1.92344, 8.24954],
			"rotation": {"angle": 0, "axis": "y", "origin": [6.19374, 2.69121, 7.99954]},
			"faces": {
				"north": {"uv": [4.5, 12.5, 5, 16], "texture": "#0"},
				"east": {"uv": [4.5, 12.5, 5, 16], "texture": "#0"},
				"south": {"uv": [4.5, 12.5, 5, 16], "texture": "#0"},
				"west": {"uv": [4.5, 12.5, 5, 16], "texture": "#0"},
				"up": {"uv": [4.5, 13, 5, 12.5], "rotation": 90, "texture": "#0"},
				"down": {"uv": [4.5, 16, 5, 15.5], "rotation": 270, "texture": "#0"}
			}
		},
		{
			"from": [5.12525, 15.42344, 7.74954],
			"to": [5.62525, 18.92344, 8.24954],
			"rotation": {"angle": 0, "axis": "y", "origin": [6.19374, 2.69121, 7.99954]},
			"faces": {
				"north": {"uv": [4.5, 16, 5, 12.5], "texture": "#0"},
				"east": {"uv": [4.5, 16, 5, 12.5], "texture": "#0"},
				"south": {"uv": [4.5, 16, 5, 12.5], "texture": "#0"},
				"west": {"uv": [4.5, 16, 5, 12.5], "texture": "#0"},
				"up": {"uv": [4.5, 13, 5, 12.5], "rotation": 90, "texture": "#0"},
				"down": {"uv": [4.5, 16, 5, 15.5], "rotation": 270, "texture": "#0"}
			}
		},
		{
			"from": [7.87525, 6.5, 6.99954],
			"to": [9.87525, 7, 8.99954],
			"rotation": {"angle": 0, "axis": "y", "origin": [16.37525, 0, -0.00046]},
			"faces": {
				"north": {"uv": [2.5, 6, 4.5, 6.5], "texture": "#0"},
				"east": {"uv": [4.5, 6, 2.5, 6.5], "texture": "#0"},
				"south": {"uv": [2.5, 6, 4.5, 6.5], "texture": "#0"},
				"west": {"uv": [4.5, 6, 2.5, 6.5], "texture": "#0"},
				"up": {"uv": [4.5, 4.5, 2.5, 6.5], "rotation": 90, "texture": "#0"},
				"down": {"uv": [2.5, 4.5, 4.5, 6.5], "rotation": 270, "texture": "#0"}
			}
		},
		{
			"from": [9.12525, 12, 7.24954],
			"to": [11.62525, 12.5, 8.74954],
			"rotation": {"angle": -22.5, "axis": "z", "origin": [7.87525, 11.75, 7.99954]},
			"faces": {
				"north": {"uv": [4.5, 2, 2, 2.5], "texture": "#0"},
				"east": {"uv": [4.5, 2, 4, 2.5], "texture": "#0"},
				"south": {"uv": [2, 2, 4.5, 2.5], "texture": "#0"},
				"west": {"uv": [0, 0, 0, 0], "texture": "#0"},
				"up": {"uv": [4.5, 2.5, 2, 2], "rotation": 180, "texture": "#0"},
				"down": {"uv": [2, 2.5, 4.5, 2], "texture": "#0"}
			}
		},
		{
			"from": [8.62525, 11, 6.99954],
			"to": [9.62525, 14, 8.99954],
			"rotation": {"angle": 22.5, "axis": "z", "origin": [7.87525, 12.5, 7.99954]},
			"faces": {
				"north": {"uv": [13, 1, 14, 4], "texture": "#0"},
				"east": {"uv": [11, 1, 13, 4], "texture": "#0"},
				"south": {"uv": [10.5, 1, 11.5, 4], "texture": "#0"},
				"west": {"uv": [9, 1, 11, 4], "texture": "#0"},
				"up": {"uv": [11, 1, 13, 0], "rotation": 90, "texture": "#0"},
				"down": {"uv": [9, 1, 11, 0], "rotation": 270, "texture": "#0"}
			}
		},
		{
			"from": [8.32525, 9.15, 7.49954],
			"to": [9.32525, 12.15, 8.49954],
			"rotation": {"angle": 45, "axis": "z", "origin": [7.87525, 12.5, 7.99954]},
			"faces": {
				"north": {"uv": [6, 2, 7, 4.5], "texture": "#0"},
				"east": {"uv": [5.5, 2, 6.5, 4.5], "texture": "#0"},
				"south": {"uv": [5, 2, 6, 4.5], "texture": "#0"},
				"west": {"uv": [4.5, 2, 5.5, 4.5], "texture": "#0"},
				"up": {"uv": [0, 0, 0, 0], "rotation": 90, "texture": "#0"},
				"down": {"uv": [6.5, 4.5, 7, 4], "rotation": 270, "texture": "#0"}
			}
		},
		{
			"from": [7.32525, 9.9, 7.74954],
			"to": [8.32525, 12.9, 8.24954],
			"rotation": {"angle": 45, "axis": "z", "origin": [7.87525, 12.5, 7.99954]},
			"faces": {
				"north": {"uv": [7, 5, 8, 7.5], "texture": "#0"},
				"east": {"uv": [7, 5, 7.5, 7.5], "texture": "#0"},
				"south": {"uv": [8, 5, 7, 7.5], "texture": "#0"},
				"west": {"uv": [7.5, 5, 8, 7.5], "texture": "#0"},
				"up": {"uv": [7, 5, 8, 5.5], "rotation": 180, "texture": "#0"},
				"down": {"uv": [8, 7.5, 7, 7], "texture": "#0"}
			}
		},
		{
			"from": [7.47525, 14.15, 7.24954],
			"to": [8.47525, 15.15, 8.74954],
			"rotation": {"angle": -22.5, "axis": "z", "origin": [7.87525, 12.5, 7.99954]},
			"faces": {
				"north": {"uv": [6, 4.5, 7, 5.5], "texture": "#0"},
				"east": {"uv": [4.5, 5.5, 6, 6.5], "texture": "#0"},
				"south": {"uv": [7, 4.5, 6, 5.5], "texture": "#0"},
				"west": {"uv": [4.5, 6.5, 6, 7.5], "texture": "#0"},
				"up": {"uv": [4.5, 5.5, 6, 4.5], "rotation": 90, "texture": "#0"},
				"down": {"uv": [9, 1, 11, 0], "rotation": 270, "texture": "#0"}
			}
		},
		{
			"from": [-1.62475, 4.5, 7.24954],
			"to": [2.87525, 6, 8.74954],
			"rotation": {"angle": -45, "axis": "z", "origin": [14.12525, 0.75, 0.74954]},
			"faces": {
				"north": {"uv": [4.5, 12, 0, 13.5], "texture": "#0"},
				"east": {"uv": [4, 12, 4.5, 13.5], "texture": "#0"},
				"south": {"uv": [0, 12, 4.5, 13.5], "texture": "#0"},
				"west": {"uv": [0, 12, 0.5, 13.5], "texture": "#0"},
				"up": {"uv": [0, 11, 4.5, 12.5], "rotation": 180, "texture": "#0"},
				"down": {"uv": [0, 13, 4.5, 14.5], "texture": "#0"}
			}
		},
		{
			"from": [5.47195, 14.43145, 7.49954],
			"to": [6.47195, 16.93145, 8.49954],
			"rotation": {"angle": 22.5, "axis": "z", "origin": [5.97195, 15.68145, 7.99954]},
			"faces": {
				"north": {"uv": [3.5, 9, 4.5, 6.5], "texture": "#0"},
				"east": {"uv": [4, 9, 3.5, 6.5], "texture": "#0"},
				"south": {"uv": [4.5, 9, 3.5, 6.5], "texture": "#0"},
				"west": {"uv": [4.5, 9, 4, 6.5], "texture": "#0"},
				"up": {"uv": [3.5, 8.5, 4.5, 9], "rotation": 90, "texture": "#0"},
				"down": {"uv": [0, 0, 0, 0], "rotation": 270, "texture": "#0"}
			}
		},
		{
			"from": [5.37425, 1.9, 7.74954],
			"to": [5.37525, 15.4, 8.24954],
			"rotation": {"angle": 0, "axis": "y", "origin": [16.37525, 0, -0.00046]},
			"faces": {
				"north": {"uv": [0, 0, 0, 0], "texture": "#0"},
				"east": {"uv": [15.5, 0, 16, 13.5], "texture": "#0"},
				"south": {"uv": [0, 0, 0, 0], "texture": "#0"},
				"west": {"uv": [15.5, 0, 16, 13.5], "texture": "#0"},
				"up": {"uv": [0, 0, 0, 0], "rotation": 90, "texture": "#0"},
				"down": {"uv": [0, 0, 0, 0], "rotation": 270, "texture": "#0"}
			}
		},
		{
			"from": [6.87525, -4, 6.99954],
			"to": [8.87525, -2, 8.99954],
			"rotation": {"angle": -45, "axis": "z", "origin": [15.62525, 0.75, 0.74954]},
			"faces": {
				"north": {"uv": [5.5, 0, 7.5, 2], "texture": "#0"},
				"east": {"uv": [3.5, 0, 5.5, 2], "texture": "#0"},
				"south": {"uv": [7.5, 0, 5.5, 2], "texture": "#0"},
				"west": {"uv": [7, 0, 9, 2], "texture": "#0"},
				"up": {"uv": [0, 0, 0, 0], "rotation": 90, "texture": "#0"},
				"down": {"uv": [0, 0, 0, 0], "rotation": 270, "texture": "#0"}
			}
		},
		{
			"from": [8.62525, -4, 7.49954],
			"to": [9.12525, -2, 8.49954],
			"rotation": {"angle": -45, "axis": "z", "origin": [15.62525, 0.75, 0.74954]},
			"faces": {
				"north": {"uv": [4.5, 0, 5, 2], "texture": "#0"},
				"east": {"uv": [4, 0, 5, 2], "texture": "#0"},
				"south": {"uv": [4.5, 0, 4, 2], "texture": "#0"},
				"west": {"uv": [4, 0, 5, 2], "texture": "#0"},
				"up": {"uv": [5, 0, 4, 0.5], "rotation": 90, "texture": "#0"},
				"down": {"uv": [5, 1.5, 4, 2], "rotation": 270, "texture": "#0"}
			}
		},
		{
			"from": [7.69963, 0.62132, 7.49954],
			"to": [7.70063, 2.12132, 8.49954],
			"rotation": {"angle": -22.5, "axis": "z", "origin": [8.20063, 2.87132, 7.99954]},
			"faces": {
				"north": {"uv": [0, 0, 0, 0], "texture": "#0"},
				"east": {"uv": [7, 2, 8, 3.5], "texture": "#0"},
				"south": {"uv": [0, 0, 0, 0], "texture": "#0"},
				"west": {"uv": [8, 2, 7, 3.5], "texture": "#0"},
				"up": {"uv": [0, 0, 0, 0], "rotation": 90, "texture": "#0"},
				"down": {"uv": [0, 0, 0, 0], "rotation": 270, "texture": "#0"}
			}
		},
		{
			"from": [7.58441, 0.81162, 7.49954],
			"to": [7.58541, 2.31162, 8.49954],
			"rotation": {"angle": 0, "axis": "y", "origin": [7.66466, 2.67684, 7.99954]},
			"faces": {
				"north": {"uv": [0, 0, 0, 0], "texture": "#0"},
				"east": {"uv": [7, 2, 8, 3.5], "texture": "#0"},
				"south": {"uv": [0, 0, 0, 0], "texture": "#0"},
				"west": {"uv": [8, 2, 7, 3.5], "texture": "#0"},
				"up": {"uv": [0, 0, 0, 0], "rotation": 90, "texture": "#0"},
				"down": {"uv": [0, 0, 0, 0], "rotation": 270, "texture": "#0"}
			}
		},
		{
			"from": [7.58441, -0.68838, 7.49954],
			"to": [7.58541, 0.81162, 8.49954],
			"rotation": {"angle": 22.5, "axis": "z", "origin": [7.58541, 0.81162, 7.99954]},
			"faces": {
				"north": {"uv": [0, 0, 0, 0], "texture": "#0"},
				"east": {"uv": [7, 3.5, 8, 5], "texture": "#0"},
				"south": {"uv": [0, 0, 0, 0], "texture": "#0"},
				"west": {"uv": [8, 3.5, 7, 5], "texture": "#0"},
				"up": {"uv": [0, 0, 0, 0], "rotation": 90, "texture": "#0"},
				"down": {"uv": [0, 0, 0, 0], "rotation": 270, "texture": "#0"}
			}
		},
		{
			"from": [6.88425, -0.5, 7.49954],
			"to": [6.88525, 1, 8.49954],
			"rotation": {"angle": 0, "axis": "y", "origin": [7.66466, 2.67684, 7.99954]},
			"faces": {
				"north": {"uv": [0, 0, 0, 0], "texture": "#0"},
				"east": {"uv": [7, 3.5, 8, 5], "texture": "#0"},
				"south": {"uv": [0, 0, 0, 0], "texture": "#0"},
				"west": {"uv": [8, 3.5, 7, 5], "texture": "#0"},
				"up": {"uv": [0, 0, 0, 0], "rotation": 90, "texture": "#0"},
				"down": {"uv": [0, 0, 0, 0], "rotation": 270, "texture": "#0"}
			}
		},
		{
			"from": [8.37525, 2.25, 7.99954],
			"to": [10.37525, 4.25, 8.00054],
			"rotation": {"angle": 0, "axis": "y", "origin": [16.37525, 0, -0.00046]},
			"faces": {
				"north": {"uv": [3.5, 0, 1.5, 2], "texture": "#0"},
				"east": {"uv": [0, 0, 0, 0], "texture": "#0"},
				"south": {"uv": [1.5, 0, 3.5, 2], "texture": "#0"},
				"west": {"uv": [0, 0, 0, 0], "texture": "#0"},
				"up": {"uv": [0, 0, 0, 0], "rotation": 90, "texture": "#0"},
				"down": {"uv": [0, 0, 0, 0], "rotation": 270, "texture": "#0"}
			}
		},
		{
			"from": [5.94583, 11.46421, 9.49954],
			"to": [9.44583, 12.96421, 9.50054],
			"rotation": {"angle": 22.5, "axis": "y", "origin": [7.69583, 12.21421, 8.99954]},
			"faces": {
				"north": {"uv": [3.5, 14.5, 0, 16], "texture": "#0"},
				"east": {"uv": [0, 0, 0, 1.5], "texture": "#0"},
				"south": {"uv": [0, 14.5, 3.5, 16], "texture": "#0"},
				"west": {"uv": [0, 0, 0, 1.5], "texture": "#0"},
				"up": {"uv": [0, 0, 0, 3.5], "rotation": 90, "texture": "#0"},
				"down": {"uv": [0, 0, 0, 3.5], "rotation": 270, "texture": "#0"}
			}
		},
		{
			"from": [5.94583, 11.46421, 6.49954],
			"to": [9.44583, 12.96421, 6.50054],
			"rotation": {"angle": -22.5, "axis": "y", "origin": [7.69583, 12.21421, 6.99954]},
			"faces": {
				"north": {"uv": [3.5, 14.5, 0, 16], "texture": "#0"},
				"east": {"uv": [0, 0, 0, 1.5], "texture": "#0"},
				"south": {"uv": [0, 14.5, 3.5, 16], "texture": "#0"},
				"west": {"uv": [0, 0, 0, 1.5], "texture": "#0"},
				"up": {"uv": [0, 0, 0, 3.5], "rotation": 90, "texture": "#0"},
				"down": {"uv": [0, 0, 0, 3.5], "rotation": 270, "texture": "#0"}
			}
		}
	],
	"display": {
		"thirdperson_righthand": {
			"rotation": [67.5, 0, 22.5],
			"translation": [-4.25, -11.5, 11.75],
			"scale": [2, 2, 2]
		},
		"thirdperson_lefthand": {
			"rotation": [67.5, 0, -22.5],
			"translation": [-6.75, -11.5, 11.75],
			"scale": [2, 2, 2]
		},
		"firstperson_righthand": {
			"rotation": [5, 90, -6],
			"translation": [13, 0, -13],
			"scale": [2, 2, 2]
		},
		"firstperson_lefthand": {
			"rotation": [5, -90, -6],
			"translation": [13, 0, -13],
			"scale": [2, 2, 2]
		},
		"ground": {
			"rotation": [45, 45, 0],
			"translation": [0, 5, 0]
		},
		"gui": {
			"rotation": [-20, 160, 30],
			"translation": [-1, 0.75, 0]
		},
		"fixed": {
			"rotation": [0, 90, 0],
			"translation": [0, -0.5, -1.5]
		}
	}
}