{
	"credit": "Made Raycifer",
	"textures": {
		"0": "./end_of_the_line"
	},
	"elements": [
		{
			"from": [10.1134, 10.75, 7.74954],
			"to": [13.1134, 14.25, 7.74954],
			"rotation": {"angle": 22.5, "axis": "z", "origin": [11.6134, 11.25, 7.74954]},
			"faces": {
				"north": {"uv": [9.5, 12.5, 12.5, 16], "texture": "#0"},
				"east": {"uv": [0, 0, 0, 0], "rotation": 270, "texture": "#0"},
				"south": {"uv": [12.5, 12.5, 9.5, 16], "texture": "#0"},
				"west": {"uv": [0, 0, 0, 0], "rotation": 270, "texture": "#0"},
				"up": {"uv": [0, 0, 0, 0], "rotation": 270, "texture": "#0"},
				"down": {"uv": [0, 0, 0, 0], "rotation": 270, "texture": "#0"}
			}
		},
		{
			"from": [6.2134, 13.5, 7.24954],
			"to": [8.7134, 16.5, 8.74954],
			"rotation": {"angle": 45, "axis": "z", "origin": [8.8634, 14.75, 7.99954]},
			"faces": {
				"north": {"uv": [0, 3, 2.5, 6], "texture": "#0"},
				"east": {"uv": [6.5, 0, 8, 3], "texture": "#0"},
				"south": {"uv": [2.5, 3, 0, 6], "texture": "#0"},
				"west": {"uv": [2, 3, 3.5, 6], "texture": "#0"},
				"up": {"uv": [2, 0, 3.5, 2.5], "rotation": 90, "texture": "#0"},
				"down": {"uv": [2.5, 5.5, 0, 6], "texture": "#0"}
			}
		},
		{
			"from": [5.1134, 15.75, 7.99954],
			"to": [5.6134, 19.25, 8.00054],
			"rotation": {"angle": 45, "axis": "z", "origin": [7.3634, 16.75, 7.99954]},
			"faces": {
				"north": {"uv": [1, 0, 1.5, 3.5], "texture": "#0"},
				"east": {"uv": [0, 0, 0, 0], "rotation": 270, "texture": "#0"},
				"south": {"uv": [1, 0, 1.5, 3.5], "texture": "#0"},
				"west": {"uv": [0, 0, 0, 0], "rotation": 270, "texture": "#0"},
				"up": {"uv": [0, 0, 0, 0], "rotation": 270, "texture": "#0"},
				"down": {"uv": [0, 0, 0, 0], "rotation": 270, "texture": "#0"}
			}
		},
		{
			"from": [5.7124, -0.3, 7.74954],
			"to": [5.7134, 15.7, 8.24954],
			"rotation": {"angle": 0, "axis": "y", "origin": [8.1134, 5, 7.74954]},
			"faces": {
				"north": {"uv": [0, 0, 0, 0], "rotation": 270, "texture": "#0"},
				"east": {"uv": [15.5, 0, 16, 16], "texture": "#0"},
				"south": {"uv": [0, 0, 0, 0], "rotation": 270, "texture": "#0"},
				"west": {"uv": [15.5, 0, 16, 16], "texture": "#0"},
				"up": {"uv": [0, 0, 0, 0], "rotation": 270, "texture": "#0"},
				"down": {"uv": [0, 0, 0, 0], "rotation": 270, "texture": "#0"}
			}
		},
		{
			"from": [8.6634, 8.35, 6.99954],
			"to": [11.1634, 12.85, 8.99954],
			"rotation": {"angle": 22.5, "axis": "z", "origin": [8.4134, 9.35, 7.99954]},
			"faces": {
				"north": {"uv": [0, 7, 2.5, 11.5], "texture": "#0"},
				"east": {"uv": [14, 6.5, 12, 11], "texture": "#0"},
				"south": {"uv": [2.5, 7, 0, 11.5], "texture": "#0"},
				"west": {"uv": [2, 7, 4, 11.5], "texture": "#0"},
				"up": {"uv": [3.5, 0, 5, 2.5], "rotation": 90, "texture": "#0"},
				"down": {"uv": [10, 11, 8, 8.5], "rotation": 270, "texture": "#0"}
			}
		},
		{
			"from": [9.0134, 5.2, 7.24954],
			"to": [11.0134, 9.7, 8.74954],
			"rotation": {"angle": 0, "axis": "y", "origin": [7.8634, 6, 7.49954]},
			"faces": {
				"north": {"uv": [0, 6.5, 2, 11], "texture": "#0"},
				"east": {"uv": [0, 11.5, 1.5, 16], "texture": "#0"},
				"south": {"uv": [2, 6.5, 0, 11], "texture": "#0"},
				"west": {"uv": [5.5, 6.5, 7, 11], "texture": "#0"},
				"up": {"uv": [0, 0, 0, 0], "rotation": 90, "texture": "#0"},
				"down": {"uv": [5, 2, 6.5, 0], "rotation": 270, "texture": "#0"}
			}
		},
		{
			"from": [7.6134, 2.85, 7.49954],
			"to": [9.1134, 6.35, 8.49954],
			"rotation": {"angle": -22.5, "axis": "z", "origin": [7.1134, 2.1, 7.99954]},
			"faces": {
				"north": {"uv": [4, 7.5, 5.5, 11], "texture": "#0"},
				"east": {"uv": [4, 7.5, 4.5, 11], "texture": "#0"},
				"south": {"uv": [5.5, 7.5, 4, 11], "texture": "#0"},
				"west": {"uv": [5, 7.5, 5.5, 11], "texture": "#0"},
				"up": {"uv": [4, 7.5, 4.5, 8.5], "rotation": 90, "texture": "#0"},
				"down": {"uv": [5.5, 10.5, 4, 11], "texture": "#0"}
			}
		},
		{
			"from": [3.46929, -2.33345, 7.99954],
			"to": [5.96929, 1.16655, 8.00054],
			"rotation": {"angle": 22.5, "axis": "z", "origin": [4.71929, -1.08345, 8.00004]},
			"faces": {
				"north": {"uv": [6, 13.5, 9.5, 16], "rotation": 270, "texture": "#0"},
				"east": {"uv": [0, 0, 0, 0], "rotation": 270, "texture": "#0"},
				"south": {"uv": [6, 13.5, 9.5, 16], "rotation": 90, "texture": "#0"},
				"west": {"uv": [0, 0, 0, 0], "rotation": 270, "texture": "#0"},
				"up": {"uv": [0, 0, 0, 0], "rotation": 270, "texture": "#0"},
				"down": {"uv": [0, 0, 0, 0], "rotation": 270, "texture": "#0"}
			}
		},
		{
			"from": [4.63518, 2.97045, 7.74954],
			"to": [8.63518, 3.97045, 8.24954],
			"rotation": {"angle": 45, "axis": "z", "origin": [9.53518, 2.72045, 7.99954]},
			"faces": {
				"north": {"uv": [4.5, 11.5, 5.5, 15.5], "rotation": 270, "texture": "#0"},
				"east": {"uv": [0, 0, 0, 0], "rotation": 180, "texture": "#0"},
				"south": {"uv": [5.5, 11.5, 4.5, 15.5], "rotation": 90, "texture": "#0"},
				"west": {"uv": [5.5, 15.5, 4.5, 15], "rotation": 90, "texture": "#0"},
				"up": {"uv": [5, 11.5, 5.5, 15.5], "rotation": 90, "texture": "#0"},
				"down": {"uv": [4.5, 11.5, 5, 15.5], "rotation": 90, "texture": "#0"}
			}
		},
		{
			"from": [9.5134, 1.5, 7.99954],
			"to": [11.0134, 5, 8.00054],
			"rotation": {"angle": -22.5, "axis": "z", "origin": [11.1134, 2.5, 7.99954]},
			"faces": {
				"north": {"uv": [12.5, 12.5, 14, 16], "texture": "#0"},
				"east": {"uv": [0, 0, 0, 0], "rotation": 270, "texture": "#0"},
				"south": {"uv": [14, 12.5, 12.5, 16], "texture": "#0"},
				"west": {"uv": [0, 0, 0, 0], "rotation": 270, "texture": "#0"},
				"up": {"uv": [0, 0, 0, 0], "rotation": 270, "texture": "#0"},
				"down": {"uv": [0, 0, 0, 0], "rotation": 270, "texture": "#0"}
			}
		},
		{
			"from": [6.17274, 2.29558, 7.99954],
			"to": [7.67274, 5.79558, 8.00054],
			"rotation": {"angle": -45, "axis": "z", "origin": [5.32274, 3.54558, 7.99954]},
			"faces": {
				"north": {"uv": [14, 12.5, 15.5, 16], "texture": "#0"},
				"east": {"uv": [0, 0, 0, 0], "rotation": 270, "texture": "#0"},
				"south": {"uv": [15.5, 12.5, 14, 16], "texture": "#0"},
				"west": {"uv": [0, 0, 0, 0], "rotation": 270, "texture": "#0"},
				"up": {"uv": [0, 0, 0, 0], "rotation": 270, "texture": "#0"},
				"down": {"uv": [0, 0, 0, 0], "rotation": 270, "texture": "#0"}
			}
		},
		{
			"from": [7.8634, 9.5, 8.99954],
			"to": [9.3634, 12, 9.00054],
			"rotation": {"angle": -22.5, "axis": "x", "origin": [8.3634, 11.75, 8.49954]},
			"faces": {
				"north": {"uv": [8.5, 11, 7, 13.5], "texture": "#0"},
				"east": {"uv": [0, 0, 0, 0], "rotation": 270, "texture": "#0"},
				"south": {"uv": [7, 11, 8.5, 13.5], "texture": "#0"},
				"west": {"uv": [0, 0, 0, 0], "rotation": 270, "texture": "#0"},
				"up": {"uv": [0, 0, 0, 0], "rotation": 270, "texture": "#0"},
				"down": {"uv": [0, 0, 0, 0], "rotation": 270, "texture": "#0"}
			}
		},
		{
			"from": [7.8634, 9.30866, 7.0376],
			"to": [9.3634, 11.80866, 7.0386],
			"rotation": {"angle": 22.5, "axis": "x", "origin": [8.3634, 11.75, 7.99954]},
			"faces": {
				"north": {"uv": [8.5, 11, 7, 13.5], "texture": "#0"},
				"east": {"uv": [0, 0, 0, 0], "rotation": 270, "texture": "#0"},
				"south": {"uv": [7, 11, 8.5, 13.5], "texture": "#0"},
				"west": {"uv": [0, 0, 0, 0], "rotation": 270, "texture": "#0"},
				"up": {"uv": [0, 0, 0, 0], "rotation": 270, "texture": "#0"},
				"down": {"uv": [0, 0, 0, 0], "rotation": 270, "texture": "#0"}
			}
		},
		{
			"from": [7.64081, 13.75, 6.99954],
			"to": [7.64181, 14.25, 8.99954],
			"rotation": {"angle": 45, "axis": "z", "origin": [7.89181, 16.25, 7.99954]},
			"faces": {
				"north": {"uv": [0, 0, 0, 0], "rotation": 270, "texture": "#0"},
				"east": {"uv": [12, 5, 14, 5.5], "texture": "#0"},
				"south": {"uv": [0, 0, 0, 0], "rotation": 270, "texture": "#0"},
				"west": {"uv": [12, 5, 14, 5.5], "texture": "#0"},
				"up": {"uv": [0, 0, 0, 0], "rotation": 270, "texture": "#0"},
				"down": {"uv": [0, 0, 0, 0], "rotation": 270, "texture": "#0"}
			}
		},
		{
			"from": [5.64181, 13.75, 8.99954],
			"to": [7.64181, 14.25, 9.00054],
			"rotation": {"angle": 45, "axis": "z", "origin": [7.89181, 16.25, 7.99954]},
			"faces": {
				"north": {"uv": [12, 5, 10, 5.5], "texture": "#0"},
				"east": {"uv": [0, 0, 0, 0], "rotation": 270, "texture": "#0"},
				"south": {"uv": [10, 5, 12, 5.5], "texture": "#0"},
				"west": {"uv": [0, 0, 0, 0], "rotation": 270, "texture": "#0"},
				"up": {"uv": [0, 0, 0, 0], "rotation": 270, "texture": "#0"},
				"down": {"uv": [0, 0, 0, 0], "rotation": 270, "texture": "#0"}
			}
		},
		{
			"from": [5.64181, 13.75, 6.99954],
			"to": [7.64181, 14.25, 7.00054],
			"rotation": {"angle": 45, "axis": "z", "origin": [7.89181, 16.25, 7.99954]},
			"faces": {
				"north": {"uv": [12, 5, 10, 5.5], "texture": "#0"},
				"east": {"uv": [0, 0, 0, 0], "rotation": 270, "texture": "#0"},
				"south": {"uv": [10, 5, 12, 5.5], "texture": "#0"},
				"west": {"uv": [0, 0, 0, 0], "rotation": 270, "texture": "#0"},
				"up": {"uv": [0, 0, 0, 0], "rotation": 270, "texture": "#0"},
				"down": {"uv": [0, 0, 0, 0], "rotation": 270, "texture": "#0"}
			}
		},
		{
			"from": [7.64181, 12.75, 8.74954],
			"to": [8.14181, 13.25, 9.24954],
			"rotation": {"angle": 0, "axis": "y", "origin": [8.64181, 0, 7.24954]},
			"faces": {
				"north": {"uv": [9.5, 5, 10, 5.5], "texture": "#0"},
				"east": {"uv": [9.5, 5, 10, 5.5], "texture": "#0"},
				"south": {"uv": [9.5, 5, 10, 5.5], "texture": "#0"},
				"west": {"uv": [9.5, 5, 10, 5.5], "texture": "#0"},
				"up": {"uv": [9.5, 5, 10, 5.5], "rotation": 90, "texture": "#0"},
				"down": {"uv": [9.5, 5, 10, 5.5], "rotation": 270, "texture": "#0"}
			}
		},
		{
			"from": [7.64181, 12.75, 6.74954],
			"to": [8.14181, 13.25, 7.24954],
			"rotation": {"angle": 0, "axis": "y", "origin": [8.64181, 0, 7.24954]},
			"faces": {
				"north": {"uv": [9.5, 5, 10, 5.5], "texture": "#0"},
				"east": {"uv": [9.5, 5, 10, 5.5], "texture": "#0"},
				"south": {"uv": [9.5, 5, 10, 5.5], "texture": "#0"},
				"west": {"uv": [9.5, 5, 10, 5.5], "texture": "#0"},
				"up": {"uv": [9.5, 5, 10, 5.5], "rotation": 90, "texture": "#0"},
				"down": {"uv": [9.5, 5, 10, 5.5], "rotation": 270, "texture": "#0"}
			}
		},
		{
			"from": [7.89181, 10, 6.74954],
			"to": [7.89181, 13, 7.24954],
			"rotation": {"angle": 0, "axis": "y", "origin": [8.14181, 0, 7.99954]},
			"faces": {
				"north": {"uv": [0, 0, 0, 0], "rotation": 270, "texture": "#0"},
				"east": {"uv": [14.5, 0, 15, 3], "texture": "#0"},
				"south": {"uv": [0, 0, 0, 0], "rotation": 270, "texture": "#0"},
				"west": {"uv": [14.5, 0, 15, 3], "texture": "#0"},
				"up": {"uv": [0, 0, 0, 0], "rotation": 270, "texture": "#0"},
				"down": {"uv": [0, 0, 0, 0], "rotation": 270, "texture": "#0"}
			}
		},
		{
			"from": [7.89181, 10, 8.74954],
			"to": [7.89181, 13, 9.24954],
			"rotation": {"angle": 0, "axis": "y", "origin": [8.14181, 0, 7.99954]},
			"faces": {
				"north": {"uv": [0, 0, 0, 0], "rotation": 270, "texture": "#0"},
				"east": {"uv": [14.5, 0, 15, 3], "texture": "#0"},
				"south": {"uv": [0, 0, 0, 0], "rotation": 270, "texture": "#0"},
				"west": {"uv": [14.5, 0, 15, 3], "texture": "#0"},
				"up": {"uv": [0, 0, 0, 0], "rotation": 270, "texture": "#0"},
				"down": {"uv": [0, 0, 0, 0], "rotation": 270, "texture": "#0"}
			}
		},
		{
			"from": [8.04181, 6, 7.49954],
			"to": [8.54181, 7.5, 8.49954],
			"rotation": {"angle": 0, "axis": "y", "origin": [8.14181, 0, 7.49954]},
			"faces": {
				"north": {"uv": [8.5, 3, 9, 4.5], "texture": "#0"},
				"east": {"uv": [8.5, 3, 9, 4.5], "texture": "#0"},
				"south": {"uv": [8.5, 3, 9, 4.5], "texture": "#0"},
				"west": {"uv": [8.5, 3, 9, 4.5], "texture": "#0"},
				"up": {"uv": [8.5, 3, 9, 3.5], "rotation": 90, "texture": "#0"},
				"down": {"uv": [8.5, 4, 9, 4.5], "rotation": 270, "texture": "#0"}
			}
		},
		{
			"from": [7.04181, 7, 7.49954],
			"to": [7.54181, 9.5, 8.49954],
			"rotation": {"angle": 0, "axis": "y", "origin": [8.14181, 0, 7.49954]},
			"faces": {
				"north": {"uv": [9.5, 1, 10, 3.5], "texture": "#0"},
				"east": {"uv": [9.5, 1, 10, 3.5], "texture": "#0"},
				"south": {"uv": [9.5, 1, 10, 3.5], "texture": "#0"},
				"west": {"uv": [9.5, 1, 10, 3.5], "texture": "#0"},
				"up": {"uv": [9.5, 1.5, 10, 2], "rotation": 90, "texture": "#0"},
				"down": {"uv": [9.5, 3, 10, 3.5], "rotation": 270, "texture": "#0"}
			}
		},
		{
			"from": [7.64181, 8.75, 7.24954],
			"to": [8.64181, 10.25, 8.74954],
			"rotation": {"angle": 22.5, "axis": "z", "origin": [7.89181, 9.5, 7.99954]},
			"faces": {
				"north": {"uv": [11.5, 1, 13, 2], "rotation": 90, "texture": "#0"},
				"east": {"uv": [7, 1, 8, 2.5], "texture": "#0"},
				"south": {"uv": [11.5, 2, 13, 1], "rotation": 90, "texture": "#0"},
				"west": {"uv": [11.5, 0, 13, 1.5], "texture": "#0"},
				"up": {"uv": [11.5, 2, 13, 1], "rotation": 90, "texture": "#0"},
				"down": {"uv": [11.5, 1, 13, 2], "rotation": 270, "texture": "#0"}
			}
		},
		{
			"from": [8.04181, 6.05, 7.24954],
			"to": [9.04181, 7.55, 8.74954],
			"rotation": {"angle": 0, "axis": "y", "origin": [7.89181, 9.5, 7.99954]},
			"faces": {
				"north": {"uv": [11.5, 1, 13, 2], "rotation": 90, "texture": "#0"},
				"east": {"uv": [7, 1, 8, 2.5], "texture": "#0"},
				"south": {"uv": [11.5, 2, 13, 1], "rotation": 90, "texture": "#0"},
				"west": {"uv": [11.5, 0, 13, 1.5], "texture": "#0"},
				"up": {"uv": [11.5, 2, 13, 1], "rotation": 90, "texture": "#0"},
				"down": {"uv": [11.5, 1, 13, 2], "rotation": 270, "texture": "#0"}
			}
		},
		{
			"from": [7.54181, 6.5, 7.49954],
			"to": [8.04181, 10, 8.49954],
			"rotation": {"angle": 0, "axis": "y", "origin": [10.64181, 0, 7.49954]},
			"faces": {
				"north": {"uv": [9, 0.5, 9.5, 4], "texture": "#0"},
				"east": {"uv": [9, 0.5, 9.5, 4], "texture": "#0"},
				"south": {"uv": [9, 0.5, 9.5, 4], "texture": "#0"},
				"west": {"uv": [9, 0.5, 9.5, 4], "texture": "#0"},
				"up": {"uv": [9, 0.5, 9.5, 1], "rotation": 90, "texture": "#0"},
				"down": {"uv": [9, 3.5, 9.5, 4], "rotation": 270, "texture": "#0"}
			}
		},
		{
			"from": [8.19181, 5.25, 6.74954],
			"to": [9.19181, 6.75, 7.74954],
			"rotation": {"angle": 22.5, "axis": "x", "origin": [7.89181, 5.75, 6.99954]},
			"faces": {
				"north": {"uv": [4.5, 3, 5.5, 4.5], "texture": "#0"},
				"east": {"uv": [5.5, 3, 4.5, 4.5], "texture": "#0"},
				"south": {"uv": [4.5, 3, 5.5, 4.5], "texture": "#0"},
				"west": {"uv": [5.5, 3, 4.5, 4.5], "texture": "#0"},
				"up": {"uv": [6.5, 3, 5.5, 4], "rotation": 90, "texture": "#0"},
				"down": {"uv": [5.5, 4, 6.5, 5], "rotation": 270, "texture": "#0"}
			}
		},
		{
			"from": [8.19181, 5.25, 8.24954],
			"to": [9.19181, 6.75, 9.24954],
			"rotation": {"angle": -22.5, "axis": "x", "origin": [7.89181, 5.75, 8.99954]},
			"faces": {
				"north": {"uv": [5.5, 3, 4.5, 4.5], "texture": "#0"},
				"east": {"uv": [4.5, 3, 5.5, 4.5], "texture": "#0"},
				"south": {"uv": [5.5, 3, 4.5, 4.5], "texture": "#0"},
				"west": {"uv": [4.5, 3, 5.5, 4.5], "texture": "#0"},
				"up": {"uv": [5.5, 3, 6.5, 4], "rotation": 90, "texture": "#0"},
				"down": {"uv": [6.5, 4, 5.5, 5], "rotation": 270, "texture": "#0"}
			}
		},
		{
			"from": [11.4124, 8.35, 6.99954],
			"to": [11.4134, 9.85, 8.99954],
			"rotation": {"angle": 22.5, "axis": "z", "origin": [8.4134, 9.35, 7.99954]},
			"faces": {
				"north": {"uv": [0, 0, 0, 0], "rotation": 270, "texture": "#0"},
				"east": {"uv": [13.5, 2.5, 11.5, 4], "texture": "#0"},
				"south": {"uv": [0, 0, 0, 0], "rotation": 270, "texture": "#0"},
				"west": {"uv": [13.5, 2.5, 11.5, 4], "texture": "#0"},
				"up": {"uv": [0, 0, 0, 0], "rotation": 270, "texture": "#0"},
				"down": {"uv": [0, 0, 0, 0], "rotation": 270, "texture": "#0"}
			}
		},
		{
			"from": [11.1634, 8.85, 6.49954],
			"to": [11.6634, 9.35, 6.99954],
			"rotation": {"angle": 22.5, "axis": "z", "origin": [8.4134, 9.35, 7.99954]},
			"faces": {
				"north": {"uv": [12, 3.5, 12.5, 4], "texture": "#0"},
				"east": {"uv": [12, 3.5, 12.5, 4], "texture": "#0"},
				"south": {"uv": [12, 3.5, 12.5, 4], "texture": "#0"},
				"west": {"uv": [12, 3.5, 12.5, 4], "texture": "#0"},
				"up": {"uv": [12, 3.5, 12.5, 4], "rotation": 90, "texture": "#0"},
				"down": {"uv": [12, 3.5, 12.5, 4], "rotation": 270, "texture": "#0"}
			}
		},
		{
			"from": [7.9134, 9.95, 6.74954],
			"to": [11.4134, 10.45, 6.75054],
			"rotation": {"angle": 0, "axis": "x", "origin": [8.4134, 9.35, 7.99954]},
			"faces": {
				"north": {"uv": [14, 0, 14.5, 3.5], "rotation": 90, "texture": "#0"},
				"east": {"uv": [0, 0, 0, 0], "rotation": 270, "texture": "#0"},
				"south": {"uv": [14, 0, 14.5, 3.5], "rotation": 90, "texture": "#0"},
				"west": {"uv": [0, 0, 0, 0], "rotation": 270, "texture": "#0"},
				"up": {"uv": [0, 0, 0, 0], "rotation": 270, "texture": "#0"},
				"down": {"uv": [0, 0, 0, 0], "rotation": 270, "texture": "#0"}
			}
		},
		{
			"from": [7.9134, 9.95, 9.24954],
			"to": [11.4134, 10.45, 9.25054],
			"rotation": {"angle": 0, "axis": "y", "origin": [8.4134, 9.35, 7.99954]},
			"faces": {
				"north": {"uv": [14, 0, 14.5, 3.5], "rotation": 90, "texture": "#0"},
				"east": {"uv": [0, 0, 0, 0], "rotation": 270, "texture": "#0"},
				"south": {"uv": [14, 0, 14.5, 3.5], "rotation": 90, "texture": "#0"},
				"west": {"uv": [0, 0, 0, 0], "rotation": 270, "texture": "#0"},
				"up": {"uv": [0, 0, 0, 0], "rotation": 270, "texture": "#0"},
				"down": {"uv": [0, 0, 0, 0], "rotation": 270, "texture": "#0"}
			}
		},
		{
			"from": [9.50945, 6.11372, 9.04954],
			"to": [10.00945, 10.36372, 9.05054],
			"rotation": {"angle": -45, "axis": "z", "origin": [10.45945, 8.41372, 9.04954]},
			"faces": {
				"north": {"uv": [15, 0, 14.5, 4], "texture": "#0"},
				"east": {"uv": [0, 0, 0, 0], "rotation": 270, "texture": "#0"},
				"south": {"uv": [15, 0, 14.5, 4], "texture": "#0"},
				"west": {"uv": [0, 0, 0, 0], "rotation": 270, "texture": "#0"},
				"up": {"uv": [0, 0, 0, 0], "rotation": 270, "texture": "#0"},
				"down": {"uv": [0, 0, 0, 0], "rotation": 270, "texture": "#0"}
			}
		},
		{
			"from": [9.50945, 6.11372, 6.94954],
			"to": [10.00945, 10.11372, 6.95054],
			"rotation": {"angle": -45, "axis": "z", "origin": [10.45945, 8.41372, 6.94954]},
			"faces": {
				"north": {"uv": [15, 0, 14.5, 4], "texture": "#0"},
				"east": {"uv": [0, 0, 0, 0], "rotation": 270, "texture": "#0"},
				"south": {"uv": [15, 0, 14.5, 4], "texture": "#0"},
				"west": {"uv": [0, 0, 0, 0], "rotation": 270, "texture": "#0"},
				"up": {"uv": [0, 0, 0, 0], "rotation": 270, "texture": "#0"},
				"down": {"uv": [0, 0, 0, 0], "rotation": 270, "texture": "#0"}
			}
		},
		{
			"from": [11.1634, 8.85, 8.99954],
			"to": [11.6634, 9.35, 9.49954],
			"rotation": {"angle": 22.5, "axis": "z", "origin": [8.4134, 9.35, 7.99954]},
			"faces": {
				"north": {"uv": [12, 3.5, 12.5, 4], "texture": "#0"},
				"east": {"uv": [12, 3.5, 12.5, 4], "texture": "#0"},
				"south": {"uv": [12, 3.5, 12.5, 4], "texture": "#0"},
				"west": {"uv": [12, 3.5, 12.5, 4], "texture": "#0"},
				"up": {"uv": [12, 3.5, 12.5, 4], "rotation": 90, "texture": "#0"},
				"down": {"uv": [12, 3.5, 12.5, 4], "rotation": 270, "texture": "#0"}
			}
		},
		{
			"from": [8.24181, 6.8, 6.74954],
			"to": [8.74181, 7.3, 7.24954],
			"rotation": {"angle": 0, "axis": "y", "origin": [8.64181, 0, 7.24954]},
			"faces": {
				"north": {"uv": [9.5, 5, 10, 5.5], "texture": "#0"},
				"east": {"uv": [9.5, 5, 10, 5.5], "texture": "#0"},
				"south": {"uv": [9.5, 5, 10, 5.5], "texture": "#0"},
				"west": {"uv": [9.5, 5, 10, 5.5], "texture": "#0"},
				"up": {"uv": [9.5, 5, 10, 5.5], "rotation": 90, "texture": "#0"},
				"down": {"uv": [9.5, 5, 10, 5.5], "rotation": 270, "texture": "#0"}
			}
		},
		{
			"from": [8.24181, 6.8, 8.74954],
			"to": [8.74181, 7.3, 9.24954],
			"rotation": {"angle": 0, "axis": "y", "origin": [8.64181, 0, 7.24954]},
			"faces": {
				"north": {"uv": [9.5, 5, 10, 5.5], "texture": "#0"},
				"east": {"uv": [9.5, 5, 10, 5.5], "texture": "#0"},
				"south": {"uv": [9.5, 5, 10, 5.5], "texture": "#0"},
				"west": {"uv": [9.5, 5, 10, 5.5], "texture": "#0"},
				"up": {"uv": [9.5, 5, 10, 5.5], "rotation": 90, "texture": "#0"},
				"down": {"uv": [9.5, 5, 10, 5.5], "rotation": 270, "texture": "#0"}
			}
		},
		{
			"from": [8.74181, 6.8, 8.99954],
			"to": [11.24181, 7.3, 9.00054],
			"rotation": {"angle": 0, "axis": "y", "origin": [8.64181, 0, 7.24954]},
			"faces": {
				"north": {"uv": [14, 0.5, 14.5, 3], "rotation": 90, "texture": "#0"},
				"east": {"uv": [0, 0, 0, 0], "rotation": 270, "texture": "#0"},
				"south": {"uv": [14, 0.5, 14.5, 3], "rotation": 90, "texture": "#0"},
				"west": {"uv": [0, 0, 0, 0], "rotation": 270, "texture": "#0"},
				"up": {"uv": [0, 0, 0, 0], "rotation": 270, "texture": "#0"},
				"down": {"uv": [0, 0, 0, 0], "rotation": 270, "texture": "#0"}
			}
		},
		{
			"from": [8.74181, 6.8, 6.99954],
			"to": [11.24181, 7.3, 7.00054],
			"rotation": {"angle": 0, "axis": "y", "origin": [8.64181, 0, 7.24954]},
			"faces": {
				"north": {"uv": [14, 0.5, 14.5, 3], "rotation": 90, "texture": "#0"},
				"east": {"uv": [0, 0, 0, 0], "rotation": 270, "texture": "#0"},
				"south": {"uv": [14, 0.5, 14.5, 3], "rotation": 90, "texture": "#0"},
				"west": {"uv": [0, 0, 0, 0], "rotation": 270, "texture": "#0"},
				"up": {"uv": [0, 0, 0, 0], "rotation": 270, "texture": "#0"},
				"down": {"uv": [0, 0, 0, 0], "rotation": 270, "texture": "#0"}
			}
		},
		{
			"from": [11.24081, 6.8, 6.99954],
			"to": [11.24181, 7.3, 8.99954],
			"rotation": {"angle": 0, "axis": "y", "origin": [8.64181, 0, 7.24954]},
			"faces": {
				"north": {"uv": [0, 0, 0, 0], "rotation": 270, "texture": "#0"},
				"east": {"uv": [11.5, 3.5, 13.5, 4], "texture": "#0"},
				"south": {"uv": [0, 0, 0, 0], "rotation": 270, "texture": "#0"},
				"west": {"uv": [9.5, 5, 10, 5.5], "texture": "#0"},
				"up": {"uv": [0, 0, 0, 0], "rotation": 270, "texture": "#0"},
				"down": {"uv": [0, 0, 0, 0], "rotation": 270, "texture": "#0"}
			}
		}
	],
	"display": {
		"thirdperson_righthand": {
			"rotation": [67.5, 0, 22.5],
			"translation": [-5, -12, 12],
			"scale": [2, 2, 2]
		},
		"thirdperson_lefthand": {
			"rotation": [67.5, 0, -22.5],
			"translation": [-6, -12, 12],
			"scale": [2, 2, 2]
		},
		"firstperson_righthand": {
			"rotation": [5, 90, -6],
			"translation": [9.5, 5.5, -9.25],
			"scale": [2, 2, 2]
		},
		"firstperson_lefthand": {
			"rotation": [5, -90, -6],
			"translation": [9.5, 5.5, -9.25],
			"scale": [2, 2, 2]
		},
		"ground": {
			"rotation": [45, 45, 0],
			"translation": [0, 5, 0]
		},
		"gui": {
			"rotation": [-20, 160, 30],
			"translation": [-0.75, 2.25, 0],
			"scale": [1.5, 1.5, 1.5]
		},
		"fixed": {
			"rotation": [0, 90, 0],
			"translation": [0, 1, -1.5]
		}
	},
	"groups": [
		{
			"name": "group",
			"origin": [8, -2.27955, 6.57822],
			"color": 0,
			"children": [0, 1, 2, 3, 4, 5, 6, 7, 8]
		},
		9,
		10,
		11,
		12,
		13,
		14,
		15,
		16,
		17,
		18,
		19,
		{
			"name": "group",
			"origin": [7.5, 0, 7],
			"color": 0,
			"children": [20, 21, 22, 23, 24]
		},
		25,
		26,
		27,
		28,
		29,
		30,
		31,
		32,
		33,
		34,
		35,
		36,
		37,
		38
	]
}