{
	"credit": "Made by Raycifer",
	"texture_size": [32, 32],
	"textures": {
		"0": "./favonius_greatsword"
	},
	"elements": [
		{
			"from": [3.75, 0, 7.49975],
			"to": [7.25, 1, 8.49975],
			"rotation": {"angle": 0, "axis": "y", "origin": [16.75, 0, -0.00025]},
			"faces": {
				"north": {"uv": [2.25, 1.25, 4, 1.75], "texture": "#0"},
				"east": {"uv": [0, 0, 0, 0], "texture": "#0"},
				"south": {"uv": [4, 1.75, 2.25, 2.25], "texture": "#0"},
				"west": {"uv": [0, 0, 0, 0], "texture": "#0"},
				"up": {"uv": [2.25, 1.75, 4, 2.25], "rotation": 180, "texture": "#0"},
				"down": {"uv": [4, 1.25, 2.25, 1.75], "texture": "#0"}
			}
		},
		{
			"from": [12.25, -0.25, 7.49975],
			"to": [13.25, 1.25, 8.49975],
			"rotation": {"angle": 0, "axis": "y", "origin": [16.75, 0, -0.00025]},
			"faces": {
				"north": {"uv": [4.75, 2.5, 4.25, 3.25], "texture": "#0"},
				"east": {"uv": [4.5, 2.5, 4.75, 3.25], "texture": "#0"},
				"south": {"uv": [4.25, 2.5, 4.75, 3.25], "texture": "#0"},
				"west": {"uv": [4.5, 2.5, 4.75, 3.25], "texture": "#0"},
				"up": {"uv": [4.5, 2.5, 4.75, 2.75], "rotation": 90, "texture": "#0"},
				"down": {"uv": [4.5, 3, 4.75, 3.25], "rotation": 270, "texture": "#0"}
			}
		},
		{
			"from": [8.75, 0, 7.49975],
			"to": [12.25, 1, 8.49975],
			"rotation": {"angle": 0, "axis": "y", "origin": [16.75, 0, -0.00025]},
			"faces": {
				"north": {"uv": [4, 1.25, 2.25, 1.75], "texture": "#0"},
				"east": {"uv": [0, 0, 0, 0], "texture": "#0"},
				"south": {"uv": [2.25, 1.75, 4, 2.25], "texture": "#0"},
				"west": {"uv": [0, 0, 0, 0], "texture": "#0"},
				"up": {"uv": [4, 1.75, 2.25, 2.25], "rotation": 180, "texture": "#0"},
				"down": {"uv": [2.25, 1.25, 4, 1.75], "texture": "#0"}
			}
		},
		{
			"from": [2.75, -0.25, 7.49975],
			"to": [3.75, 1.25, 8.49975],
			"rotation": {"angle": 0, "axis": "y", "origin": [16.75, 0, -0.00025]},
			"faces": {
				"north": {"uv": [4.25, 2.5, 4.75, 3.25], "texture": "#0"},
				"east": {"uv": [4.5, 2.5, 4.75, 3.25], "texture": "#0"},
				"south": {"uv": [4.75, 2.5, 4.25, 3.25], "texture": "#0"},
				"west": {"uv": [4.5, 2.5, 4.75, 3.25], "texture": "#0"},
				"up": {"uv": [4.5, 2.5, 4.75, 2.75], "rotation": 90, "texture": "#0"},
				"down": {"uv": [4.5, 3, 4.75, 3.25], "rotation": 270, "texture": "#0"}
			}
		},
		{
			"from": [6.75, 1, 7.99975],
			"to": [9.25, 20.5, 8.00075],
			"rotation": {"angle": 0, "axis": "y", "origin": [16.75, 0, -0.00025]},
			"faces": {
				"north": {"uv": [1.5, 0.25, 0.25, 10], "texture": "#0"},
				"east": {"uv": [0, 0, 0, 0], "texture": "#0"},
				"south": {"uv": [0.25, 0.25, 1.5, 10], "texture": "#0"},
				"west": {"uv": [0, 0, 0, 0], "texture": "#0"},
				"up": {"uv": [0, 0, 0, 0], "rotation": 90, "texture": "#0"},
				"down": {"uv": [0, 0, 0, 0], "rotation": 270, "texture": "#0"}
			}
		},
		{
			"from": [7.25, -4.5, 7.49975],
			"to": [8.75, -0.25, 8.49975],
			"rotation": {"angle": 0, "axis": "y", "origin": [16.75, 0, -0.00025]},
			"faces": {
				"north": {"uv": [1.5, 0.25, 2.25, 2.5], "texture": "#0"},
				"east": {"uv": [2, 0.25, 2.25, 2.5], "texture": "#0"},
				"south": {"uv": [1.5, 0.25, 2.25, 2.5], "texture": "#0"},
				"west": {"uv": [2, 0.25, 2.25, 2.5], "texture": "#0"},
				"up": {"uv": [0, 0, 0, 0], "rotation": 90, "texture": "#0"},
				"down": {"uv": [1.5, 2.25, 2.25, 2.5], "texture": "#0"}
			}
		},
		{
			"from": [8.25, 0, 7.24975],
			"to": [10.25, 1, 8.74975],
			"rotation": {"angle": 22.5, "axis": "z", "origin": [8.25, 0.5, 8.24975]},
			"faces": {
				"north": {"uv": [3.5, 2.25, 2.5, 2.75], "texture": "#0"},
				"east": {"uv": [2.5, 2.25, 3.25, 2.75], "texture": "#0"},
				"south": {"uv": [2.5, 2.25, 3.5, 2.75], "texture": "#0"},
				"west": {"uv": [2.5, 2.25, 3.25, 2.75], "texture": "#0"},
				"up": {"uv": [3.5, 2.25, 2.5, 2.5], "rotation": 180, "texture": "#0"},
				"down": {"uv": [2.5, 2.5, 3.5, 2.75], "texture": "#0"}
			}
		},
		{
			"from": [5.75, 0, 7.24975],
			"to": [7.75, 1, 8.74975],
			"rotation": {"angle": -22.5, "axis": "z", "origin": [7.75, 0.5, 8.24975]},
			"faces": {
				"north": {"uv": [2.5, 2.25, 3.5, 2.75], "texture": "#0"},
				"east": {"uv": [2.5, 2.25, 3.25, 2.75], "texture": "#0"},
				"south": {"uv": [3.5, 2.25, 2.5, 2.75], "texture": "#0"},
				"west": {"uv": [2.5, 2.25, 3.25, 2.75], "texture": "#0"},
				"up": {"uv": [2.5, 2.25, 3.5, 2.5], "rotation": 180, "texture": "#0"},
				"down": {"uv": [3.5, 2.5, 2.5, 2.75], "texture": "#0"}
			}
		},
		{
			"from": [7.5, 0.75, 7.49975],
			"to": [8.5, 1.75, 8.49975],
			"rotation": {"angle": -45, "axis": "z", "origin": [8, 1.25, 7.99975]},
			"faces": {
				"north": {"uv": [5.75, 0.75, 5.25, 1.25], "texture": "#0"},
				"east": {"uv": [5.25, 0.75, 5.75, 1.25], "texture": "#0"},
				"south": {"uv": [5.25, 0.75, 5.75, 1.25], "texture": "#0"},
				"west": {"uv": [5.25, 0.75, 5.5, 1.25], "texture": "#0"},
				"up": {"uv": [5.75, 0.75, 5.25, 1], "rotation": 180, "texture": "#0"},
				"down": {"uv": [5.25, 0.75, 5.75, 1.25], "rotation": 270, "texture": "#0"}
			}
		},
		{
			"from": [7.25, -8, 7.24975],
			"to": [8.75, -7, 8.74975],
			"rotation": {"angle": 0, "axis": "y", "origin": [16.75, 0, -0.00025]},
			"faces": {
				"north": {"uv": [3, 0.75, 3.75, 1.25], "texture": "#0"},
				"east": {"uv": [3, 0.75, 2.25, 1.25], "texture": "#0"},
				"south": {"uv": [5.25, 0.75, 4.5, 1.25], "texture": "#0"},
				"west": {"uv": [3.75, 0.75, 4.5, 1.25], "texture": "#0"},
				"up": {"uv": [5, 1.25, 5.75, 2], "rotation": 180, "texture": "#0"},
				"down": {"uv": [5, 2, 5.75, 2.75], "rotation": 270, "texture": "#0"}
			}
		},
		{
			"from": [7.75, -5.5, 7.24975],
			"to": [8.25, -4.5, 8.74975],
			"rotation": {"angle": 0, "axis": "y", "origin": [16.75, 0, -0.00025]},
			"faces": {
				"north": {"uv": [5.5, 2.75, 5.75, 3.25], "texture": "#0"},
				"east": {"uv": [5.5, 2.75, 5.75, 3.25], "texture": "#0"},
				"south": {"uv": [5.5, 2.75, 5.75, 3.25], "texture": "#0"},
				"west": {"uv": [5.5, 2.75, 5.75, 3.25], "texture": "#0"},
				"up": {"uv": [5.5, 2.75, 5.75, 3], "rotation": 90, "texture": "#0"},
				"down": {"uv": [5.5, 3, 5.75, 3.25], "rotation": 270, "texture": "#0"}
			}
		},
		{
			"from": [7.25, -0.25, 6.99975],
			"to": [8.75, 0.75, 8.99975],
			"rotation": {"angle": 0, "axis": "y", "origin": [16.75, 0, -0.00025]},
			"faces": {
				"north": {"uv": [3.25, 0.25, 4, 0.75], "texture": "#0"},
				"east": {"uv": [2.25, 0.25, 3.25, 0.75], "texture": "#0"},
				"south": {"uv": [5, 0.25, 5.75, 0.75], "texture": "#0"},
				"west": {"uv": [4, 0.25, 5, 0.75], "texture": "#0"},
				"up": {"uv": [5, 1.25, 5.75, 2], "rotation": 180, "texture": "#0"},
				"down": {"uv": [5, 2, 5.75, 2.75], "rotation": 270, "texture": "#0"}
			}
		},
		{
			"from": [7.5, -7, 7.49975],
			"to": [8.5, -4.5, 8.49975],
			"rotation": {"angle": 0, "axis": "y", "origin": [16.75, 0, -0.00025]},
			"faces": {
				"north": {"uv": [2.5, 2.5, 2, 3.75], "texture": "#0"},
				"east": {"uv": [2, 2.5, 2.5, 3.75], "texture": "#0"},
				"south": {"uv": [1.5, 2.5, 2, 3.75], "texture": "#0"},
				"west": {"uv": [2, 2.5, 1.5, 3.75], "texture": "#0"},
				"up": {"uv": [0, 0, 0, 0], "rotation": 90, "texture": "#0"},
				"down": {"uv": [0, 0, 0, 0], "rotation": 270, "texture": "#0"}
			}
		},
		{
			"from": [7.999, 5.5, 7.74975],
			"to": [8, 6, 8.24975],
			"rotation": {"angle": 0, "axis": "y", "origin": [16.75, 0, -0.00025]},
			"faces": {
				"north": {"uv": [0, 0, 0, 0], "texture": "#0"},
				"east": {"uv": [4.25, 1.5, 4.5, 1.75], "texture": "#0"},
				"south": {"uv": [0, 0, 0, 0], "texture": "#0"},
				"west": {"uv": [4.25, 1.5, 4.5, 1.75], "texture": "#0"},
				"up": {"uv": [0, 0, 0, 0], "rotation": 90, "texture": "#0"},
				"down": {"uv": [0, 0, 0, 0], "rotation": 270, "texture": "#0"}
			}
		},
		{
			"from": [8.499, 4, 7.74975],
			"to": [8.5, 6.5, 8.24975],
			"rotation": {"angle": 0, "axis": "y", "origin": [16.75, 0, -0.00025]},
			"faces": {
				"north": {"uv": [0, 0, 0, 0], "texture": "#0"},
				"east": {"uv": [4.25, 1.25, 4.5, 2.5], "texture": "#0"},
				"south": {"uv": [0, 0, 0, 0], "texture": "#0"},
				"west": {"uv": [4.25, 1.25, 4.5, 2.5], "texture": "#0"},
				"up": {"uv": [0, 0, 0, 0], "rotation": 90, "texture": "#0"},
				"down": {"uv": [0, 0, 0, 0], "rotation": 270, "texture": "#0"}
			}
		},
		{
			"from": [8.749, 4, 7.74975],
			"to": [8.75, 6.5, 8.24975],
			"rotation": {"angle": 0, "axis": "y", "origin": [16.75, 0, -0.00025]},
			"faces": {
				"north": {"uv": [0, 0, 0, 0], "texture": "#0"},
				"east": {"uv": [4.5, 1.25, 4.75, 2.5], "texture": "#0"},
				"south": {"uv": [0, 0, 0, 0], "texture": "#0"},
				"west": {"uv": [4.5, 1.25, 4.75, 2.5], "texture": "#0"},
				"up": {"uv": [0, 0, 0, 0], "rotation": 90, "texture": "#0"},
				"down": {"uv": [0, 0, 0, 0], "rotation": 270, "texture": "#0"}
			}
		},
		{
			"from": [7.249, 4, 7.74975],
			"to": [7.25, 6.5, 8.24975],
			"rotation": {"angle": 0, "axis": "y", "origin": [16.75, 0, -0.00025]},
			"faces": {
				"north": {"uv": [0, 0, 0, 0], "texture": "#0"},
				"east": {"uv": [4.5, 1.25, 4.75, 2.5], "texture": "#0"},
				"south": {"uv": [0, 0, 0, 0], "texture": "#0"},
				"west": {"uv": [4.5, 1.25, 4.75, 2.5], "texture": "#0"},
				"up": {"uv": [0, 0, 0, 0], "rotation": 90, "texture": "#0"},
				"down": {"uv": [0, 0, 0, 0], "rotation": 270, "texture": "#0"}
			}
		},
		{
			"from": [7.499, 4, 7.74975],
			"to": [7.5, 6.5, 8.24975],
			"rotation": {"angle": 0, "axis": "y", "origin": [16.75, 0, -0.00025]},
			"faces": {
				"north": {"uv": [0, 0, 0, 0], "texture": "#0"},
				"east": {"uv": [4.25, 1.25, 4.5, 2.5], "texture": "#0"},
				"south": {"uv": [0, 0, 0, 0], "texture": "#0"},
				"west": {"uv": [4.25, 1.25, 4.5, 2.5], "texture": "#0"},
				"up": {"uv": [0, 0, 0, 0], "rotation": 90, "texture": "#0"},
				"down": {"uv": [0, 0, 0, 0], "rotation": 270, "texture": "#0"}
			}
		},
		{
			"from": [8, 13, 7.74975],
			"to": [8, 16, 8.24975],
			"rotation": {"angle": 0, "axis": "y", "origin": [16.75, 0, -0.00025]},
			"faces": {
				"north": {"uv": [0, 0, 0, 0.25], "texture": "#0"},
				"east": {"uv": [4.75, 1.25, 5, 2.75], "texture": "#0"},
				"south": {"uv": [0, 0, 0, 0.25], "texture": "#0"},
				"west": {"uv": [4.75, 1.25, 5, 2.75], "texture": "#0"},
				"up": {"uv": [0, 0, 0.25, 0], "rotation": 90, "texture": "#0"},
				"down": {"uv": [0, 0, 0.25, 0], "rotation": 270, "texture": "#0"}
			}
		}
	],
	"display": {
		"thirdperson_righthand": {
			"rotation": [67.5, 180, 157.5],
			"translation": [-6, -8.75, 15],
			"scale": [2, 2, 2]
		},
		"thirdperson_lefthand": {
			"rotation": [67.5, 180, -157.5],
			"translation": [-5, -8.75, 15],
			"scale": [2, 2, 2]
		},
		"firstperson_righthand": {
			"rotation": [-10, -90, 0],
			"translation": [9, 13, -9],
			"scale": [2, 2, 2]
		},
		"firstperson_lefthand": {
			"rotation": [-10, 90, 0],
			"translation": [9, 13, -9],
			"scale": [2, 2, 2]
		},
		"ground": {
			"rotation": [30, -30, 45],
			"translation": [0, 6.5, 0]
		},
		"gui": {
			"rotation": [45, 45, -45],
			"translation": [1.5, 1.75, 0]
		},
		"fixed": {
			"rotation": [0, 90, 0],
			"translation": [0, 2, -0.25]
		}
	}
}