{
	"credit": "Made by Raycifer",
	"textures": {
		"0": "./memory_of_dust"
	},
	"elements": [
		{
			"from": [0.75, 7.325, 7.5],
			"to": [1.75, 8.825, 8.5],
			"rotation": {"angle": 0, "axis": "y", "origin": [8, 8, 8]},
			"faces": {
				"north": {"uv": [1.5, 6.5, 0.5, 8], "texture": "#0"},
				"east": {"uv": [1, 6.5, 1.5, 8], "texture": "#0"},
				"south": {"uv": [0.5, 6.5, 1.5, 8], "texture": "#0"},
				"west": {"uv": [0.5, 6.5, 1, 8], "texture": "#0"},
				"up": {"uv": [0.5, 6.5, 1.5, 7], "texture": "#0"},
				"down": {"uv": [0.5, 6.5, 1.5, 7], "texture": "#0"}
			}
		},
		{
			"from": [15.25, 7.825, 8],
			"to": [16.75, 8.325, 8.001],
			"rotation": {"angle": 0, "axis": "y", "origin": [8, 8, 8]},
			"faces": {
				"north": {"uv": [3, 7, 1.5, 7.5], "texture": "#0"},
				"east": {"uv": [0, 0, 0, 0], "texture": "#0"},
				"south": {"uv": [1.5, 7, 3, 7.5], "texture": "#0"},
				"west": {"uv": [0, 0, 0, 0], "texture": "#0"},
				"up": {"uv": [0, 0, 0, 0], "texture": "#0"},
				"down": {"uv": [0, 0, 0, 0], "texture": "#0"}
			}
		},
		{
			"from": [14.25, 7.325, 7.5],
			"to": [15.25, 8.825, 8.5],
			"rotation": {"angle": 0, "axis": "y", "origin": [8, 8, 8]},
			"faces": {
				"north": {"uv": [0.5, 6.5, 1.5, 8], "texture": "#0"},
				"east": {"uv": [0.5, 6.5, 1, 8], "texture": "#0"},
				"south": {"uv": [1.5, 6.5, 0.5, 8], "texture": "#0"},
				"west": {"uv": [1, 6.5, 1.5, 8], "texture": "#0"},
				"up": {"uv": [0.5, 6.5, 1.5, 7], "texture": "#0"},
				"down": {"uv": [0.5, 6.5, 1.5, 7], "texture": "#0"}
			}
		},
		{
			"from": [13.25, 7.575, 7.75],
			"to": [14.25, 8.575, 8.25],
			"rotation": {"angle": 0, "axis": "y", "origin": [8, 8, 8]},
			"faces": {
				"north": {"uv": [0.5, 6.5, 1, 7.5], "texture": "#0"},
				"east": {"uv": [0.5, 6.5, 1, 7.5], "texture": "#0"},
				"south": {"uv": [0.5, 6.5, 1, 7.5], "texture": "#0"},
				"west": {"uv": [0.5, 6.5, 1, 7.5], "texture": "#0"},
				"up": {"uv": [0.5, 6.5, 1, 7], "texture": "#0"},
				"down": {"uv": [0.5, 7, 1, 7.5], "texture": "#0"}
			}
		},
		{
			"from": [1.75, 7.575, 7.75],
			"to": [2.75, 8.575, 8.25],
			"rotation": {"angle": 0, "axis": "y", "origin": [8, 8, 8]},
			"faces": {
				"north": {"uv": [0.5, 6.5, 1, 7.5], "texture": "#0"},
				"east": {"uv": [0.5, 6.5, 1, 7.5], "texture": "#0"},
				"south": {"uv": [0.5, 6.5, 1, 7.5], "texture": "#0"},
				"west": {"uv": [0.5, 6.5, 1, 7.5], "texture": "#0"},
				"up": {"uv": [0.5, 6.5, 1, 7], "texture": "#0"},
				"down": {"uv": [0.5, 7, 1, 7.5], "texture": "#0"}
			}
		},
		{
			"from": [-0.75, 7.825, 8],
			"to": [0.75, 8.325, 8.001],
			"rotation": {"angle": 0, "axis": "y", "origin": [8, 8, 8]},
			"faces": {
				"north": {"uv": [1.5, 7, 3, 7.5], "texture": "#0"},
				"east": {"uv": [0, 0, 0, 0], "texture": "#0"},
				"south": {"uv": [3, 7, 1.5, 7.5], "texture": "#0"},
				"west": {"uv": [0, 0, 0, 0], "texture": "#0"},
				"up": {"uv": [0, 0, 0, 0], "texture": "#0"},
				"down": {"uv": [0, 0, 0, 0], "texture": "#0"}
			}
		},
		{
			"from": [5.75, 5.825, 5.75],
			"to": [10.25, 10.325, 10.25],
			"rotation": {"angle": 22.5, "axis": "y", "origin": [8, 8, 8]},
			"faces": {
				"north": {"uv": [16, 11.5, 11.5, 16], "texture": "#0"},
				"east": {"uv": [11.5, 11.5, 16, 16], "texture": "#0"},
				"south": {"uv": [7, 11.5, 11.5, 16], "texture": "#0"},
				"west": {"uv": [11.5, 11.5, 7, 16], "texture": "#0"},
				"up": {"uv": [7, 11.5, 11.5, 7], "texture": "#0"},
				"down": {"uv": [11.5, 11.5, 16, 7], "texture": "#0"}
			}
		},
		{
			"from": [4.75, 4.825, 7.25],
			"to": [11.25, 11.325, 7.75],
			"rotation": {"angle": 22.5, "axis": "y", "origin": [8, 8, 8]},
			"faces": {
				"north": {"uv": [14.5, 0.5, 15, 7], "texture": "#0"},
				"east": {"uv": [14.5, 0.5, 15, 7], "texture": "#0"},
				"south": {"uv": [14.5, 0.5, 15, 7], "texture": "#0"},
				"west": {"uv": [14.5, 0.5, 15, 7], "texture": "#0"},
				"up": {"uv": [14.5, 0.5, 15, 1], "texture": "#0"},
				"down": {"uv": [14.5, 6.5, 15, 7], "texture": "#0"}
			}
		},
		{
			"from": [4.75, 4.825, 8.25],
			"to": [11.25, 11.325, 8.75],
			"rotation": {"angle": 22.5, "axis": "y", "origin": [8, 8, 8]},
			"faces": {
				"north": {"uv": [15.5, 0.5, 16, 7], "texture": "#0"},
				"east": {"uv": [15.5, 0.5, 16, 7], "texture": "#0"},
				"south": {"uv": [15.5, 0.5, 16, 7], "texture": "#0"},
				"west": {"uv": [15.5, 0.5, 16, 7], "texture": "#0"},
				"up": {"uv": [15.5, 0.5, 16, 1], "texture": "#0"},
				"down": {"uv": [15.5, 6.5, 16, 7], "texture": "#0"}
			}
		},
		{
			"from": [5, 5.075, 7.75],
			"to": [11, 11.075, 8.25],
			"rotation": {"angle": 22.5, "axis": "y", "origin": [8, 8, 8]},
			"faces": {
				"north": {"uv": [0, 0, 0, 0], "texture": "#0"},
				"east": {"uv": [14, 1, 14.5, 7], "texture": "#0"},
				"south": {"uv": [0, 0, 0, 0], "texture": "#0"},
				"west": {"uv": [14, 1, 14.5, 7], "texture": "#0"},
				"up": {"uv": [13.5, 1, 14, 7], "rotation": 90, "texture": "#0"},
				"down": {"uv": [13, 1, 13.5, 7], "rotation": 90, "texture": "#0"}
			}
		},
		{
			"from": [7.25, 4.825, 4.75],
			"to": [7.75, 11.325, 7.25],
			"rotation": {"angle": 22.5, "axis": "y", "origin": [8, 8, 8]},
			"faces": {
				"north": {"uv": [15.5, 0.5, 16, 7], "texture": "#0"},
				"east": {"uv": [15.5, 0.5, 16, 7], "texture": "#0"},
				"south": {"uv": [0, 0, 0, 0], "texture": "#0"},
				"west": {"uv": [15.5, 0.5, 16, 7], "texture": "#0"},
				"up": {"uv": [15.5, 0.5, 16, 1], "texture": "#0"},
				"down": {"uv": [15.5, 6.5, 16, 7], "texture": "#0"}
			}
		},
		{
			"from": [8.25, 4.825, 4.75],
			"to": [8.75, 11.325, 7.25],
			"rotation": {"angle": 22.5, "axis": "y", "origin": [8, 8, 8]},
			"faces": {
				"north": {"uv": [14.5, 0.5, 15, 7], "texture": "#0"},
				"east": {"uv": [14.5, 0.5, 15, 7], "texture": "#0"},
				"south": {"uv": [0, 0, 0, 0], "texture": "#0"},
				"west": {"uv": [14.5, 0.5, 15, 7], "texture": "#0"},
				"up": {"uv": [14.5, 0.5, 15, 1], "texture": "#0"},
				"down": {"uv": [14.5, 6.5, 15, 7], "texture": "#0"}
			}
		},
		{
			"from": [7.25, 4.825, 8.75],
			"to": [7.75, 11.325, 11.25],
			"rotation": {"angle": 22.5, "axis": "y", "origin": [8, 8, 8]},
			"faces": {
				"north": {"uv": [0, 0, 0, 0], "texture": "#0"},
				"east": {"uv": [15, 0.5, 14.5, 7], "texture": "#0"},
				"south": {"uv": [15, 0.5, 14.5, 7], "texture": "#0"},
				"west": {"uv": [15, 0.5, 14.5, 7], "texture": "#0"},
				"up": {"uv": [15, 0.5, 14.5, 1], "texture": "#0"},
				"down": {"uv": [15, 0.5, 14.5, 1], "texture": "#0"}
			}
		},
		{
			"from": [8.25, 4.825, 8.75],
			"to": [8.75, 11.325, 11.25],
			"rotation": {"angle": 22.5, "axis": "y", "origin": [8, 8, 8]},
			"faces": {
				"north": {"uv": [0, 0, 0, 0], "texture": "#0"},
				"east": {"uv": [15.5, 0.5, 16, 7], "texture": "#0"},
				"south": {"uv": [15.5, 0.5, 16, 7], "texture": "#0"},
				"west": {"uv": [15.5, 0.5, 16, 7], "texture": "#0"},
				"up": {"uv": [15.5, 0.5, 16, 1], "texture": "#0"},
				"down": {"uv": [15.5, 0.5, 16, 1], "texture": "#0"}
			}
		},
		{
			"from": [7.75, 5.075, 8.5],
			"to": [8.25, 11.075, 11],
			"rotation": {"angle": 22.5, "axis": "y", "origin": [8, 8, 8]},
			"faces": {
				"north": {"uv": [0, 0, 0, 0], "texture": "#0"},
				"east": {"uv": [0, 0, 0, 0], "texture": "#0"},
				"south": {"uv": [14, 1, 14.5, 7], "texture": "#0"},
				"west": {"uv": [0, 0, 0, 0], "texture": "#0"},
				"up": {"uv": [13.5, 3.5, 14, 1], "texture": "#0"},
				"down": {"uv": [13, 1, 13.5, 3.5], "texture": "#0"}
			}
		},
		{
			"from": [7.75, 5.075, 5],
			"to": [8.25, 11.075, 7.5],
			"rotation": {"angle": 22.5, "axis": "y", "origin": [8, 8, 8]},
			"faces": {
				"north": {"uv": [14, 1, 14.5, 7], "texture": "#0"},
				"east": {"uv": [0, 0, 0, 0], "texture": "#0"},
				"south": {"uv": [0, 0, 0, 0], "texture": "#0"},
				"west": {"uv": [0, 0, 0, 0], "texture": "#0"},
				"up": {"uv": [13.5, 4.5, 14, 7], "texture": "#0"},
				"down": {"uv": [13, 4.5, 13.5, 7], "texture": "#0"}
			}
		},
		{
			"from": [8.75, 7.325, 8.75],
			"to": [11.25, 7.825, 11.25],
			"rotation": {"angle": 22.5, "axis": "y", "origin": [8, 8, 8]},
			"faces": {
				"north": {"uv": [0, 0, 0, 0], "texture": "#0"},
				"east": {"uv": [5.5, 11, 3, 11.5], "texture": "#0"},
				"south": {"uv": [3, 11, 5.5, 11.5], "texture": "#0"},
				"west": {"uv": [0, 0, 0, 0], "texture": "#0"},
				"up": {"uv": [3, 9, 5.5, 11.5], "texture": "#0"},
				"down": {"uv": [3, 11.5, 5.5, 9], "texture": "#0"}
			}
		},
		{
			"from": [8.75, 8.325, 8.75],
			"to": [11.25, 8.825, 11.25],
			"rotation": {"angle": 22.5, "axis": "y", "origin": [8, 8, 8]},
			"faces": {
				"north": {"uv": [0, 0, 0, 0], "texture": "#0"},
				"east": {"uv": [3, 11, 0.5, 11.5], "texture": "#0"},
				"south": {"uv": [0.5, 11, 3, 11.5], "texture": "#0"},
				"west": {"uv": [0, 0, 0, 0], "texture": "#0"},
				"up": {"uv": [0.5, 9, 3, 11.5], "texture": "#0"},
				"down": {"uv": [0.5, 11.5, 3, 9], "texture": "#0"}
			}
		},
		{
			"from": [8.5, 7.825, 8.5],
			"to": [11, 8.325, 11],
			"rotation": {"angle": 22.5, "axis": "y", "origin": [8, 8, 8]},
			"faces": {
				"north": {"uv": [0, 0, 0, 0], "rotation": 90, "texture": "#0"},
				"east": {"uv": [0.5, 14.5, 3, 15], "texture": "#0"},
				"south": {"uv": [4, 15.5, 6.5, 16], "texture": "#0"},
				"west": {"uv": [0, 0, 0, 0], "rotation": 90, "texture": "#0"},
				"up": {"uv": [0.5, 6.5, 3, 9], "texture": "#0"},
				"down": {"uv": [0.5, 8.5, 3, 9], "texture": "#0"}
			}
		},
		{
			"from": [8.75, 7.325, 4.75],
			"to": [11.25, 7.825, 7.25],
			"rotation": {"angle": 22.5, "axis": "y", "origin": [8, 8, 8]},
			"faces": {
				"north": {"uv": [5.5, 11, 3, 11.5], "texture": "#0"},
				"east": {"uv": [3, 11, 5.5, 11.5], "texture": "#0"},
				"south": {"uv": [0, 0, 0, 0], "texture": "#0"},
				"west": {"uv": [0, 0, 0, 0], "texture": "#0"},
				"up": {"uv": [3, 11.5, 5.5, 9], "texture": "#0"},
				"down": {"uv": [3, 9, 5.5, 11.5], "texture": "#0"}
			}
		},
		{
			"from": [8.75, 8.325, 4.75],
			"to": [11.25, 8.825, 7.25],
			"rotation": {"angle": 22.5, "axis": "y", "origin": [8, 8, 8]},
			"faces": {
				"north": {"uv": [3, 11, 0.5, 11.5], "texture": "#0"},
				"east": {"uv": [0.5, 11, 3, 11.5], "texture": "#0"},
				"south": {"uv": [0, 0, 0, 0], "texture": "#0"},
				"west": {"uv": [0, 0, 0, 0], "texture": "#0"},
				"up": {"uv": [0.5, 11.5, 3, 9], "texture": "#0"},
				"down": {"uv": [0.5, 9, 3, 11.5], "texture": "#0"}
			}
		},
		{
			"from": [8.5, 7.825, 5],
			"to": [11, 8.325, 7.5],
			"rotation": {"angle": 22.5, "axis": "y", "origin": [8, 8, 8]},
			"faces": {
				"north": {"uv": [6.5, 14.5, 4, 15], "texture": "#0"},
				"east": {"uv": [4, 14.5, 6.5, 15], "texture": "#0"},
				"south": {"uv": [3, 11, 3.5, 13.5], "rotation": 90, "texture": "#0"},
				"west": {"uv": [3, 11, 3.5, 13.5], "rotation": 90, "texture": "#0"},
				"up": {"uv": [0.5, 6.5, 3, 9], "texture": "#0"},
				"down": {"uv": [0.5, 8.5, 3, 9], "texture": "#0"}
			}
		},
		{
			"from": [4.75, 7.325, 4.75],
			"to": [7.25, 7.825, 7.25],
			"rotation": {"angle": 22.5, "axis": "y", "origin": [8, 8, 8]},
			"faces": {
				"north": {"uv": [3, 11, 5.5, 11.5], "texture": "#0"},
				"east": {"uv": [0, 0, 0, 0], "texture": "#0"},
				"south": {"uv": [0, 0, 0, 0], "texture": "#0"},
				"west": {"uv": [5.5, 11, 3, 11.5], "texture": "#0"},
				"up": {"uv": [5.5, 11.5, 3, 9], "texture": "#0"},
				"down": {"uv": [5.5, 9, 3, 11.5], "texture": "#0"}
			}
		},
		{
			"from": [4.75, 8.325, 4.75],
			"to": [7.25, 8.825, 7.25],
			"rotation": {"angle": 22.5, "axis": "y", "origin": [8, 8, 8]},
			"faces": {
				"north": {"uv": [0.5, 11, 3, 11.5], "texture": "#0"},
				"east": {"uv": [0, 0, 0, 0], "texture": "#0"},
				"south": {"uv": [0, 0, 0, 0], "texture": "#0"},
				"west": {"uv": [3, 11, 0.5, 11.5], "texture": "#0"},
				"up": {"uv": [3, 11.5, 0.5, 9], "texture": "#0"},
				"down": {"uv": [3, 9, 0.5, 11.5], "texture": "#0"}
			}
		},
		{
			"from": [5, 7.825, 5],
			"to": [7.5, 8.325, 7.5],
			"rotation": {"angle": 22.5, "axis": "y", "origin": [8, 8, 8]},
			"faces": {
				"north": {"uv": [3, 14.5, 0.5, 15], "texture": "#0"},
				"east": {"uv": [3.5, 11, 3, 13.5], "rotation": 90, "texture": "#0"},
				"south": {"uv": [3, 11, 3.5, 13.5], "rotation": 90, "texture": "#0"},
				"west": {"uv": [6.5, 15.5, 4, 16], "texture": "#0"},
				"up": {"uv": [0.5, 6.5, 3, 9], "texture": "#0"},
				"down": {"uv": [0.5, 8.5, 3, 9], "texture": "#0"}
			}
		},
		{
			"from": [4.75, 7.325, 8.75],
			"to": [7.25, 7.825, 11.25],
			"rotation": {"angle": 22.5, "axis": "y", "origin": [8, 8, 8]},
			"faces": {
				"north": {"uv": [0, 0, 0, 0], "texture": "#0"},
				"east": {"uv": [0, 0, 0, 0], "texture": "#0"},
				"south": {"uv": [5.5, 11, 3, 11.5], "texture": "#0"},
				"west": {"uv": [3, 11, 5.5, 11.5], "texture": "#0"},
				"up": {"uv": [5.5, 9, 3, 11.5], "texture": "#0"},
				"down": {"uv": [5.5, 11.5, 3, 9], "texture": "#0"}
			}
		},
		{
			"from": [4.75, 8.325, 8.75],
			"to": [7.25, 8.825, 11.25],
			"rotation": {"angle": 22.5, "axis": "y", "origin": [8, 8, 8]},
			"faces": {
				"north": {"uv": [0, 0, 0, 0], "texture": "#0"},
				"east": {"uv": [0, 0, 0, 0], "texture": "#0"},
				"south": {"uv": [3, 11, 0.5, 11.5], "texture": "#0"},
				"west": {"uv": [0.5, 11, 3, 11.5], "texture": "#0"},
				"up": {"uv": [3, 9, 0.5, 11.5], "texture": "#0"},
				"down": {"uv": [3, 11.5, 0.5, 9], "texture": "#0"}
			}
		},
		{
			"from": [5, 7.825, 8.5],
			"to": [7.5, 8.325, 11],
			"rotation": {"angle": 22.5, "axis": "y", "origin": [8, 8, 8]},
			"faces": {
				"north": {"uv": [0, 0, 0, 0], "rotation": 90, "texture": "#0"},
				"east": {"uv": [0, 0, 0, 0], "rotation": 90, "texture": "#0"},
				"south": {"uv": [0.5, 15.5, 3, 16], "texture": "#0"},
				"west": {"uv": [3, 15.5, 0.5, 16], "texture": "#0"},
				"up": {"uv": [0.5, 6.5, 3, 9], "texture": "#0"},
				"down": {"uv": [0.5, 8.5, 3, 9], "texture": "#0"}
			}
		},
		{
			"from": [5.84698, 12.49212, 8],
			"to": [11.84698, 13.99212, 8.001],
			"rotation": {"angle": -22.5, "axis": "z", "origin": [8, 8, 8]},
			"faces": {
				"north": {"uv": [0.5, 0.5, 6.5, 2], "texture": "#0"},
				"east": {"uv": [0, 0, 0, 1], "texture": "#0"},
				"south": {"uv": [6.5, 0.5, 0.5, 2], "texture": "#0"},
				"west": {"uv": [0, 0, 0, 1], "texture": "#0"},
				"up": {"uv": [0, 0, 3, 0], "texture": "#0"},
				"down": {"uv": [0, 0, 3, 0], "texture": "#0"}
			}
		},
		{
			"from": [4.15302, 12.49212, 8],
			"to": [10.15302, 13.99212, 8.001],
			"rotation": {"angle": 22.5, "axis": "z", "origin": [8, 8, 8]},
			"faces": {
				"north": {"uv": [6.5, 2, 0.5, 3.5], "texture": "#0"},
				"east": {"uv": [0, 0, 0, 1], "texture": "#0"},
				"south": {"uv": [0.5, 2, 6.5, 3.5], "texture": "#0"},
				"west": {"uv": [0, 0, 0, 1], "texture": "#0"},
				"up": {"uv": [0, 0, 3, 0], "texture": "#0"},
				"down": {"uv": [0, 0, 3, 0], "texture": "#0"}
			}
		},
		{
			"from": [5.90438, 2.14647, 8],
			"to": [11.90438, 3.64647, 8.001],
			"rotation": {"angle": 22.5, "axis": "z", "origin": [8, 8, 8]},
			"faces": {
				"north": {"uv": [0.5, 3.5, 6.5, 5], "texture": "#0"},
				"east": {"uv": [0, 0, 0, 1], "texture": "#0"},
				"south": {"uv": [6.5, 3.5, 0.5, 5], "texture": "#0"},
				"west": {"uv": [0, 0, 0, 1], "texture": "#0"},
				"up": {"uv": [0, 0, 3, 0], "texture": "#0"},
				"down": {"uv": [0, 0, 3, 0], "texture": "#0"}
			}
		},
		{
			"from": [4.09562, 2.14647, 8],
			"to": [10.09562, 3.64647, 8.001],
			"rotation": {"angle": -22.5, "axis": "z", "origin": [8, 8, 8]},
			"faces": {
				"north": {"uv": [6.5, 5, 0.5, 6.5], "texture": "#0"},
				"east": {"uv": [0, 0, 0, 1], "texture": "#0"},
				"south": {"uv": [0.5, 5, 6.5, 6.5], "texture": "#0"},
				"west": {"uv": [0, 0, 0, 1], "texture": "#0"},
				"up": {"uv": [0, 0, 3, 0], "texture": "#0"},
				"down": {"uv": [0, 0, 3, 0], "texture": "#0"}
			}
		},
		{
			"from": [2, 4.825, 8],
			"to": [3.5, 11.325, 8.001],
			"rotation": {"angle": 0, "axis": "y", "origin": [8, 8, 8]},
			"faces": {
				"north": {"uv": [8.5, 0.5, 10, 7], "texture": "#0"},
				"east": {"uv": [0, 0, 0, 1], "texture": "#0"},
				"south": {"uv": [10, 0.5, 8.5, 7], "texture": "#0"},
				"west": {"uv": [0, 0, 0, 1], "texture": "#0"},
				"up": {"uv": [0, 0, 3, 0], "texture": "#0"},
				"down": {"uv": [0, 0, 3, 0], "texture": "#0"}
			}
		},
		{
			"from": [12.5, 4.825, 8],
			"to": [14, 11.325, 8.001],
			"rotation": {"angle": 0, "axis": "y", "origin": [8, 8, 8]},
			"faces": {
				"north": {"uv": [6.5, 0.5, 8, 7], "texture": "#0"},
				"east": {"uv": [0, 0, 0, 1], "texture": "#0"},
				"south": {"uv": [8, 0.5, 6.5, 7], "texture": "#0"},
				"west": {"uv": [0, 0, 0, 1], "texture": "#0"},
				"up": {"uv": [0, 0, 3, 0], "texture": "#0"},
				"down": {"uv": [0, 0, 3, 0], "texture": "#0"}
			}
		},
		{
			"from": [7.75, -0.675, 8],
			"to": [9.25, 1.825, 8.001],
			"rotation": {"angle": 0, "axis": "y", "origin": [8, 8, 8]},
			"faces": {
				"north": {"uv": [3, 6.5, 4.5, 9], "texture": "#0"},
				"east": {"uv": [0, 0, 0, 1], "texture": "#0"},
				"south": {"uv": [4.5, 6.5, 3, 9], "texture": "#0"},
				"west": {"uv": [0, 0, 0, 1], "texture": "#0"},
				"up": {"uv": [0, 0, 3, 0], "texture": "#0"},
				"down": {"uv": [0, 0, 3, 0], "texture": "#0"}
			}
		},
		{
			"from": [6.75, 14.175, 8],
			"to": [7.75, 16.675, 8.001],
			"rotation": {"angle": 0, "axis": "y", "origin": [8, 8, 8]},
			"faces": {
				"north": {"uv": [4.5, 6.5, 5.5, 9], "texture": "#0"},
				"east": {"uv": [0, 0, 0, 1], "texture": "#0"},
				"south": {"uv": [5.5, 6.5, 4.5, 9], "texture": "#0"},
				"west": {"uv": [0, 0, 0, 1], "texture": "#0"},
				"up": {"uv": [0, 0, 3, 0], "texture": "#0"},
				"down": {"uv": [0, 0, 3, 0], "texture": "#0"}
			}
		},
		{
			"from": [9, 13.975, 8],
			"to": [10, 15.475, 8.001],
			"rotation": {"angle": 0, "axis": "y", "origin": [8, 8, 8]},
			"faces": {
				"north": {"uv": [5.5, 6.5, 6.5, 8], "texture": "#0"},
				"east": {"uv": [0, 0, 0, 1], "texture": "#0"},
				"south": {"uv": [6.5, 6.5, 5.5, 8], "texture": "#0"},
				"west": {"uv": [0, 0, 0, 1], "texture": "#0"},
				"up": {"uv": [0, 0, 3, 0], "texture": "#0"},
				"down": {"uv": [0, 0, 3, 0], "texture": "#0"}
			}
		}
	],
	"display": {
		"thirdperson_righthand": {
			"rotation": [66.5, 0, 0],
			"translation": [10.5, 8.25, 5.75],
			"scale": [1.5, 1.5, 1.5]
		},
		"thirdperson_lefthand": {
			"rotation": [66.5, 0, 0],
			"translation": [6, 8.25, 5.75],
			"scale": [1.5, 1.5, 1.5]
		},
		"firstperson_righthand": {
			"translation": [22, 2, -21.5],
			"scale": [2, 2, 2]
		},
		"firstperson_lefthand": {
			"translation": [22, 2, -21.5],
			"scale": [2, 2, 2]
		},
		"ground": {
			"rotation": [45, -45, 45],
			"translation": [0, 5, 0]
		},
		"gui": {
			"rotation": [-20, 160, 30],
			"scale": [2, 2, 2]
		},
		"fixed": {
			"translation": [0, 0, -1.5],
			"scale": [2, 2, 2]
		}
	},
	"groups": [
		0,
		1,
		2,
		3,
		4,
		5,
		{
			"name": "center",
			"origin": [-1.25, 0, 5.75],
			"color": 0,
			"children": [
				6,
				{
					"name": "WE",
					"origin": [8, 1.5, 8],
					"color": 0,
					"children": [7, 8, 9]
				},
				{
					"name": "NS",
					"origin": [8, 1.5, 8],
					"color": 0,
					"children": [10, 11, 12, 13, 14, 15]
				},
				{
					"name": "UD",
					"origin": [-1.25, 0, 5.75],
					"color": 0,
					"children": [16, 17, 18, 19, 20, 21, 22, 23, 24, 25, 26, 27]
				}
			]
		},
		{
			"name": "particles",
			"origin": [6, 5.5, 8],
			"color": 0,
			"children": [28, 29, 30, 31, 32, 33, 34, 35, 36]
		}
	]
}