{
	"credit": "Made by Raycifer",
	"textures": {
		"0": "./mistsplitter_reforged"
	},
	"elements": [
		{
			"from": [6.25957, 4.5, 7.99975],
			"to": [9.25957, 20.5, 8.00075],
			"rotation": {"angle": 0, "axis": "y", "origin": [16.00957, 0, -0.00025]},
			"faces": {
				"north": {"uv": [0, 0, 3, 16], "texture": "#0"},
				"east": {"uv": [0, 0, 0, 0], "texture": "#0"},
				"south": {"uv": [3, 0, 0, 16], "texture": "#0"},
				"west": {"uv": [0, 0, 0, 0], "texture": "#0"},
				"up": {"uv": [0, 0, 0, 0], "rotation": 90, "texture": "#0"},
				"down": {"uv": [0, 0, 0, 0], "rotation": 270, "texture": "#0"}
			}
		},
		{
			"from": [4.75957, 1, 7.99975],
			"to": [6.75957, 5, 8.00075],
			"rotation": {"angle": 0, "axis": "y", "origin": [16.00957, 0, -0.00025]},
			"faces": {
				"north": {"uv": [5, 0, 7, 4], "texture": "#0"},
				"east": {"uv": [0, 0, 0, 0], "texture": "#0"},
				"south": {"uv": [7, 0, 5, 4], "texture": "#0"},
				"west": {"uv": [0, 0, 0, 0], "texture": "#0"},
				"up": {"uv": [0, 0, 0, 0], "rotation": 90, "texture": "#0"},
				"down": {"uv": [0, 0, 0, 0], "rotation": 270, "texture": "#0"}
			}
		},
		{
			"from": [9.25957, 1.8, 7.99975],
			"to": [11.25957, 4.8, 8.00075],
			"rotation": {"angle": 22.5, "axis": "z", "origin": [10.25957, 3.25, 7.99975]},
			"faces": {
				"north": {"uv": [3, 0, 5, 3], "texture": "#0"},
				"east": {"uv": [0, 0, 0, 0], "texture": "#0"},
				"south": {"uv": [5, 0, 3, 3], "texture": "#0"},
				"west": {"uv": [0, 0, 0, 0], "texture": "#0"},
				"up": {"uv": [0, 0, 0, 0], "rotation": 90, "texture": "#0"},
				"down": {"uv": [0, 0, 0, 0], "rotation": 270, "texture": "#0"}
			}
		},
		{
			"from": [8.75957, 1.25, 7.49975],
			"to": [10.75957, 1.75, 8.49975],
			"rotation": {"angle": -22.5, "axis": "z", "origin": [9.75957, 1.75, 7.99975]},
			"faces": {
				"north": {"uv": [7.5, 8, 9.5, 8.5], "texture": "#0"},
				"east": {"uv": [7.5, 8, 8, 8.5], "texture": "#0"},
				"south": {"uv": [9.5, 8, 7.5, 8.5], "texture": "#0"},
				"west": {"uv": [9, 8, 9.5, 8.5], "texture": "#0"},
				"up": {"uv": [7.5, 8, 9.5, 8.5], "rotation": 180, "texture": "#0"},
				"down": {"uv": [9.5, 8, 7.5, 8.5], "texture": "#0"}
			}
		},
		{
			"from": [9.25957, 1.75, 7.49975],
			"to": [10.25957, 2.25, 8.49975],
			"rotation": {"angle": -22.5, "axis": "z", "origin": [9.75957, 1.75, 7.99975]},
			"faces": {
				"north": {"uv": [8, 7.5, 9, 8], "texture": "#0"},
				"east": {"uv": [8, 7.5, 8.5, 8], "texture": "#0"},
				"south": {"uv": [9, 7.5, 8, 8], "texture": "#0"},
				"west": {"uv": [8.5, 7.5, 9, 8], "texture": "#0"},
				"up": {"uv": [8, 7.5, 9, 8], "rotation": 180, "texture": "#0"},
				"down": {"uv": [9, 7.5, 8, 8], "texture": "#0"}
			}
		},
		{
			"from": [7.00957, 1.25, 6.99975],
			"to": [9.00957, 1.251, 8.99975],
			"rotation": {"angle": 0, "axis": "y", "origin": [16.00957, 0, -0.00025]},
			"faces": {
				"north": {"uv": [0, 0, 0, 0], "texture": "#0"},
				"east": {"uv": [0, 0, 0, 0], "texture": "#0"},
				"south": {"uv": [0, 0, 0, 0], "texture": "#0"},
				"west": {"uv": [0, 0, 0, 0], "texture": "#0"},
				"up": {"uv": [5, 4, 3, 6], "rotation": 180, "texture": "#0"},
				"down": {"uv": [3, 4, 5, 6], "texture": "#0"}
			}
		},
		{
			"from": [6.75957, 2, 7.24975],
			"to": [7.25957, 4.5, 8.74975],
			"rotation": {"angle": 0, "axis": "y", "origin": [16.00957, 0, -0.00025]},
			"faces": {
				"north": {"uv": [5.5, 6.5, 6, 9], "texture": "#0"},
				"east": {"uv": [4.5, 9.5, 6, 12], "texture": "#0"},
				"south": {"uv": [5.5, 6.5, 6, 9], "texture": "#0"},
				"west": {"uv": [4.5, 9.5, 6, 12], "texture": "#0"},
				"up": {"uv": [5.5, 6.5, 6, 7], "rotation": 90, "texture": "#0"},
				"down": {"uv": [4.5, 11.5, 6, 12], "rotation": 270, "texture": "#0"}
			}
		},
		{
			"from": [6.25957, 2.5, 7.24975],
			"to": [6.75957, 4, 8.74975],
			"rotation": {"angle": 0, "axis": "y", "origin": [16.00957, 0, -0.00025]},
			"faces": {
				"north": {"uv": [6, 7, 6.5, 8.5], "texture": "#0"},
				"east": {"uv": [6, 7, 6.5, 8.5], "texture": "#0"},
				"south": {"uv": [6, 7, 6.5, 8.5], "texture": "#0"},
				"west": {"uv": [6, 7, 6.5, 8.5], "texture": "#0"},
				"up": {"uv": [6, 7, 6.5, 7.5], "rotation": 90, "texture": "#0"},
				"down": {"uv": [6, 8, 6.5, 8.5], "rotation": 270, "texture": "#0"}
			}
		},
		{
			"from": [7.25957, 1.5, 7.24975],
			"to": [8.75957, 2.5, 8.74975],
			"rotation": {"angle": 0, "axis": "y", "origin": [16.00957, 0, -0.00025]},
			"faces": {
				"north": {"uv": [4, 6, 5.5, 7], "texture": "#0"},
				"east": {"uv": [4.5, 12, 6, 13], "texture": "#0"},
				"south": {"uv": [5.5, 6, 4, 7], "texture": "#0"},
				"west": {"uv": [4.5, 13, 6, 14], "texture": "#0"},
				"up": {"uv": [3, 9.5, 4.5, 11], "rotation": 180, "texture": "#0"},
				"down": {"uv": [3, 11, 4.5, 12.5], "rotation": 180, "texture": "#0"}
			}
		},
		{
			"from": [7.25957, 4, 7.24975],
			"to": [8.75957, 5, 8.74975],
			"rotation": {"angle": 0, "axis": "y", "origin": [16.00957, 0, -0.00025]},
			"faces": {
				"north": {"uv": [4, 6, 5.5, 7], "texture": "#0"},
				"east": {"uv": [4.5, 12, 6, 13], "texture": "#0"},
				"south": {"uv": [5.5, 6, 4, 7], "texture": "#0"},
				"west": {"uv": [4.5, 13, 6, 14], "texture": "#0"},
				"up": {"uv": [3, 9.5, 4.5, 11], "rotation": 180, "texture": "#0"},
				"down": {"uv": [3, 11, 4.5, 12.5], "rotation": 180, "texture": "#0"}
			}
		},
		{
			"from": [8.75957, 2, 7.24975],
			"to": [9.25957, 4.5, 8.74975],
			"rotation": {"angle": 0, "axis": "y", "origin": [16.00957, 0, -0.00025]},
			"faces": {
				"north": {"uv": [3.5, 6.5, 4, 9], "texture": "#0"},
				"east": {"uv": [3.5, 6.5, 4, 9], "texture": "#0"},
				"south": {"uv": [3.5, 6.5, 4, 9], "texture": "#0"},
				"west": {"uv": [6, 9, 7.5, 11.5], "texture": "#0"},
				"up": {"uv": [3.5, 6.5, 4, 7], "rotation": 90, "texture": "#0"},
				"down": {"uv": [3.5, 8.5, 4, 9], "rotation": 270, "texture": "#0"}
			}
		},
		{
			"from": [9.25957, 2.5, 7.24975],
			"to": [9.75957, 4, 8.74975],
			"rotation": {"angle": 0, "axis": "y", "origin": [16.00957, 0, -0.00025]},
			"faces": {
				"north": {"uv": [3, 7, 3.5, 8.5], "texture": "#0"},
				"east": {"uv": [3, 7, 3.5, 8.5], "texture": "#0"},
				"south": {"uv": [3, 7, 3.5, 8.5], "texture": "#0"},
				"west": {"uv": [0, 0, 0, 0], "texture": "#0"},
				"up": {"uv": [3, 7, 3.5, 7.5], "rotation": 90, "texture": "#0"},
				"down": {"uv": [3, 8, 3.5, 8.5], "rotation": 270, "texture": "#0"}
			}
		},
		{
			"from": [6.75957, 4.5, 7.74975],
			"to": [7.25957, 5.5, 8.24975],
			"rotation": {"angle": 0, "axis": "y", "origin": [16.00957, 0, -0.00025]},
			"faces": {
				"north": {"uv": [7, 7.5, 7.5, 8.5], "texture": "#0"},
				"east": {"uv": [7, 7.5, 7.5, 8.5], "texture": "#0"},
				"south": {"uv": [7, 7.5, 7.5, 8.5], "texture": "#0"},
				"west": {"uv": [1.5, 14, 2, 15], "texture": "#0"},
				"up": {"uv": [1.5, 14, 2, 14.5], "rotation": 90, "texture": "#0"},
				"down": {"uv": [0, 0, 0, 0], "rotation": 270, "texture": "#0"}
			}
		},
		{
			"from": [7.25957, 2.5, 7.74975],
			"to": [7.75957, 3, 8.24975],
			"rotation": {"angle": 0, "axis": "y", "origin": [16.00957, 0, -0.00025]},
			"faces": {
				"north": {"uv": [6, 5, 6.5, 5.5], "texture": "#0"},
				"east": {"uv": [7.5, 5, 8, 5.5], "texture": "#0"},
				"south": {"uv": [6, 5, 6.5, 5.5], "texture": "#0"},
				"west": {"uv": [7.5, 5, 8, 5.5], "texture": "#0"},
				"up": {"uv": [7.5, 5, 8, 5.5], "rotation": 90, "texture": "#0"},
				"down": {"uv": [7.5, 5, 8, 5.5], "rotation": 270, "texture": "#0"}
			}
		},
		{
			"from": [8.25957, 3, 7.74975],
			"to": [8.75957, 3.5, 8.24975],
			"rotation": {"angle": 0, "axis": "y", "origin": [16.00957, 0, -0.00025]},
			"faces": {
				"north": {"uv": [5, 4.5, 5.5, 5], "texture": "#0"},
				"east": {"uv": [6.5, 4.5, 7, 5], "texture": "#0"},
				"south": {"uv": [5, 4.5, 5.5, 5], "texture": "#0"},
				"west": {"uv": [6.5, 4.5, 7, 5], "texture": "#0"},
				"up": {"uv": [6.5, 4.5, 7, 5], "rotation": 90, "texture": "#0"},
				"down": {"uv": [6.5, 4.5, 7, 5], "rotation": 270, "texture": "#0"}
			}
		},
		{
			"from": [7.75957, 3, 7.74975],
			"to": [8.25957, 4, 8.24975],
			"rotation": {"angle": 0, "axis": "y", "origin": [16.00957, 0, -0.00025]},
			"faces": {
				"north": {"uv": [5.5, 4, 6, 5], "texture": "#0"},
				"east": {"uv": [7, 4, 7.5, 5], "texture": "#0"},
				"south": {"uv": [5.5, 4, 6, 5], "texture": "#0"},
				"west": {"uv": [7, 4, 7.5, 5], "texture": "#0"},
				"up": {"uv": [7, 4, 7.5, 4.5], "rotation": 90, "texture": "#0"},
				"down": {"uv": [7, 4.5, 7.5, 5], "rotation": 270, "texture": "#0"}
			}
		},
		{
			"name": "handle",
			"from": [7.50957, -4.5, 7.49975],
			"to": [8.50957, 1.5, 8.49975],
			"rotation": {"angle": 0, "axis": "y", "origin": [16.00957, 0, -0.00025]},
			"faces": {
				"north": {"uv": [8, 9.5, 9, 15.5], "texture": "#0"},
				"east": {"uv": [7.5, 9.5, 8, 15.5], "texture": "#0"},
				"south": {"uv": [9, 9.5, 8, 15.5], "texture": "#0"},
				"west": {"uv": [8.5, 9.5, 9, 15.5], "texture": "#0"},
				"up": {"uv": [0, 0, 0, 0], "rotation": 90, "texture": "#0"},
				"down": {"uv": [8.5, 15, 9, 15.5], "rotation": 270, "texture": "#0"}
			}
		}
	],
	"display": {
		"thirdperson_righthand": {
			"rotation": [67.5, 180, 157.5],
			"translation": [-7.25, -9.75, 12.75],
			"scale": [2, 2, 2]
		},
		"thirdperson_lefthand": {
			"rotation": [67.5, 180, -157.5],
			"translation": [-3.75, -9.75, 12.75],
			"scale": [2, 2, 2]
		},
		"firstperson_righthand": {
			"rotation": [0, 90, 10],
			"translation": [9, 5, -9],
			"scale": [2, 2, 2]
		},
		"firstperson_lefthand": {
			"rotation": [0, -90, 10],
			"translation": [9, 5, -9],
			"scale": [2, 2, 2]
		},
		"ground": {
			"rotation": [45, -45, 45],
			"translation": [0, 6, 0]
		},
		"gui": {
			"rotation": [45, 45, -45],
			"translation": [0, 1, 0]
		},
		"fixed": {
			"rotation": [0, 90, 0],
			"translation": [0, 0, -1]
		}
	},
	"groups": [
		0,
		1,
		2,
		{
			"name": "handguard",
			"origin": [0, 0, 0],
			"color": 0,
			"children": [
				3,
				4,
				5,
				6,
				7,
				8,
				9,
				10,
				11,
				12,
				{
					"name": "emblem",
					"origin": [0, 0, 0],
					"color": 0,
					"children": [13, 14, 15]
				}
			]
		},
		16
	]
}