{
	"credit": "Made by Raycifer",
	"texture_size": [32, 32],
	"textures": {
		"0": "./dragons_bane"
	},
	"elements": [
		{
			"from": [5.25, 15.5, 8],
			"to": [10.75, 27.5, 8.001],
			"faces": {
				"north": {"uv": [0, 0, 2.75, 6], "texture": "#0"},
				"east": {"uv": [0, 0, 0, 0], "texture": "#0"},
				"south": {"uv": [0, 0, 2.75, 6], "texture": "#0"},
				"west": {"uv": [0, 0, 0, 0], "texture": "#0"},
				"up": {"uv": [0, 0, 0, 0], "texture": "#0"},
				"down": {"uv": [0, 0, 0, 0], "texture": "#0"}
			}
		},
		{
			"from": [7.25, -14, 7.5],
			"to": [8.75, 15.5, 8.5],
			"faces": {
				"north": {"uv": [3.5, 0, 2.75, 14.75], "texture": "#0"},
				"east": {"uv": [3.5, 0, 3.25, 14.75], "texture": "#0"},
				"south": {"uv": [2.75, 0, 3.5, 14.75], "texture": "#0"},
				"west": {"uv": [3, 0, 2.75, 14.75], "texture": "#0"},
				"up": {"uv": [2.75, 0, 3.5, 0.25], "texture": "#0"},
				"down": {"uv": [2.75, 14.5, 3.5, 14.75], "texture": "#0"}
			}
		},
		{
			"from": [7.25, -15, 8],
			"to": [8.75, -14, 8.001],
			"faces": {
				"north": {"uv": [3.5, 0, 4.25, 0.5], "texture": "#0"},
				"east": {"uv": [0, 0, 0, 0], "texture": "#0"},
				"south": {"uv": [3.5, 0, 4.25, 0.5], "texture": "#0"},
				"west": {"uv": [0, 0, 0, 0], "texture": "#0"},
				"up": {"uv": [0, 0, 0, 0], "texture": "#0"},
				"down": {"uv": [0, 0, 0, 0], "texture": "#0"}
			}
		},
		{
			"from": [8, -15.5, 7.25],
			"to": [8.001, -14, 8.75],
			"faces": {
				"north": {"uv": [0, 0, 0, 0], "texture": "#0"},
				"east": {"uv": [3.5, 0.5, 4.25, 1.25], "texture": "#0"},
				"south": {"uv": [0, 0, 0, 0], "texture": "#0"},
				"west": {"uv": [3.5, 0.5, 4.25, 1.25], "texture": "#0"},
				"up": {"uv": [0, 0, 0, 0], "texture": "#0"},
				"down": {"uv": [0, 0, 0, 0], "texture": "#0"}
			}
		},
		{
			"from": [5.25, 15, 6.25],
			"to": [7.25, 16.5, 6.251],
			"faces": {
				"north": {"uv": [6.25, 0.25, 7.25, 1], "texture": "#0"},
				"east": {"uv": [0, 0, 0, 0], "texture": "#0"},
				"south": {"uv": [7.25, 0.25, 6.25, 1], "texture": "#0"},
				"west": {"uv": [0, 0, 0, 0], "texture": "#0"},
				"up": {"uv": [0, 0, 0, 0], "texture": "#0"},
				"down": {"uv": [0, 0, 0, 0], "texture": "#0"}
			}
		},
		{
			"from": [5.25, 15, 7.749],
			"to": [7.25, 16.49999, 7.75],
			"faces": {
				"north": {"uv": [6.25, 0.25, 7.25, 1], "texture": "#0"},
				"east": {"uv": [0, 0, 0, 0], "texture": "#0"},
				"south": {"uv": [7.25, 0.25, 6.25, 1], "texture": "#0"},
				"west": {"uv": [0, 0, 0, 0], "texture": "#0"},
				"up": {"uv": [0, 0, 0, 0], "texture": "#0"},
				"down": {"uv": [0, 0, 0, 0], "texture": "#0"}
			}
		},
		{
			"from": [6.25, 14, 6.25],
			"to": [8.25, 15.5001, 7.75],
			"faces": {
				"north": {"uv": [5, 1, 6, 1.75], "texture": "#0"},
				"east": {"uv": [4.25, 1, 5, 1.75], "texture": "#0"},
				"south": {"uv": [6, 1, 5, 1.75], "texture": "#0"},
				"west": {"uv": [6, 1, 6.75, 1.75], "texture": "#0"},
				"up": {"uv": [6, 0.25, 5, 1], "texture": "#0"},
				"down": {"uv": [5, 1.75, 6, 2.5], "texture": "#0"}
			}
		},
		{
			"from": [5.25, 11.5, 6.25],
			"to": [6.25, 15, 7.75],
			"faces": {
				"north": {"uv": [5.25, 2.5, 5, 4.25], "texture": "#0"},
				"east": {"uv": [5.75, 2.5, 5, 4.25], "texture": "#0"},
				"south": {"uv": [5.75, 2.5, 5.5, 4.25], "texture": "#0"},
				"west": {"uv": [5, 2.5, 5.75, 4.25], "texture": "#0"},
				"up": {"uv": [5, 2.5, 4.5, 3.25], "texture": "#0"},
				"down": {"uv": [4.75, 3.5, 4.5, 3.75], "texture": "#0"}
			}
		},
		{
			"from": [5.25, 11.5, 7.75],
			"to": [6.25, 13, 9.75],
			"faces": {
				"north": {"uv": [0, 0, 0, 0], "texture": "#0"},
				"east": {"uv": [6.75, 3.5, 5.75, 4.25], "texture": "#0"},
				"south": {"uv": [7.75, 4.25, 7.25, 5], "texture": "#0"},
				"west": {"uv": [5.75, 3.5, 6.75, 4.25], "texture": "#0"},
				"up": {"uv": [5, 4, 4.5, 5], "texture": "#0"},
				"down": {"uv": [5, 6, 4.5, 5], "texture": "#0"}
			}
		},
		{
			"from": [9.75, 9, 7.25],
			"to": [10.75, 13, 8.75],
			"faces": {
				"north": {"uv": [7.75, 5, 7.5, 7], "texture": "#0"},
				"east": {"uv": [7, 5, 7.75, 7], "texture": "#0"},
				"south": {"uv": [7.25, 5, 7, 7], "texture": "#0"},
				"west": {"uv": [7.75, 5, 7, 7], "texture": "#0"},
				"up": {"uv": [5, 3.25, 4.5, 2.5], "texture": "#0"},
				"down": {"uv": [5, 4, 4.5, 3.25], "texture": "#0"}
			}
		},
		{
			"from": [6.25, 6.5, 7.25],
			"to": [7.25, 10.5, 8.75],
			"faces": {
				"north": {"uv": [7.25, 2.25, 7, 4.25], "texture": "#0"},
				"east": {"uv": [7.75, 2.25, 7, 4.25], "texture": "#0"},
				"south": {"uv": [7.5, 2.25, 7.75, 4.25], "texture": "#0"},
				"west": {"uv": [7, 2.25, 7.75, 4.25], "texture": "#0"},
				"up": {"uv": [4.875, 4.25, 4.625, 4.625], "texture": "#0"},
				"down": {"uv": [5, 5.75, 4.5, 5], "texture": "#0"}
			}
		},
		{
			"from": [6.25, 11.5, 8.75],
			"to": [10.75, 13, 9.75],
			"faces": {
				"north": {"uv": [5, 4.25, 7.25, 5], "texture": "#0"},
				"east": {"uv": [6.5, 5, 7, 5.75], "texture": "#0"},
				"south": {"uv": [7.25, 4.25, 5, 5], "texture": "#0"},
				"west": {"uv": [0, 0, 0, 0], "texture": "#0"},
				"up": {"uv": [7.25, 4.5, 5, 4.25], "texture": "#0"},
				"down": {"uv": [7.25, 5, 5, 4.75], "texture": "#0"}
			}
		},
		{
			"from": [6.25, 9, 6.25],
			"to": [10.75, 10.5, 7.25],
			"faces": {
				"north": {"uv": [4.5, 6.25, 6.75, 7], "texture": "#0"},
				"east": {"uv": [7.75, 6.25, 8.25, 7], "texture": "#0"},
				"south": {"uv": [6.75, 6.25, 4.5, 7], "texture": "#0"},
				"west": {"uv": [6.5, 2.25, 7, 3], "texture": "#0"},
				"up": {"uv": [6.75, 6.25, 4.5, 6.5], "texture": "#0"},
				"down": {"uv": [6.75, 6.75, 4.5, 7], "texture": "#0"}
			}
		},
		{
			"from": [4.75, 12.5, 7],
			"to": [5.25, 15, 7.001],
			"faces": {
				"north": {"uv": [3.5, 1.25, 3.75, 2.5], "texture": "#0"},
				"east": {"uv": [0, 0, 0, 0], "texture": "#0"},
				"south": {"uv": [3.5, 1.25, 3.75, 2.5], "texture": "#0"},
				"west": {"uv": [0, 0, 0, 0], "texture": "#0"},
				"up": {"uv": [0, 0, 0, 0], "texture": "#0"},
				"down": {"uv": [0, 0, 0, 0], "texture": "#0"}
			}
		},
		{
			"from": [4.75, 12.25, 6.75],
			"to": [5.25, 12.251, 9.25],
			"faces": {
				"north": {"uv": [0, 0, 0, 0], "texture": "#0"},
				"east": {"uv": [0, 0, 0, 0], "texture": "#0"},
				"south": {"uv": [0, 0, 0, 0], "texture": "#0"},
				"west": {"uv": [0, 0, 0, 0], "texture": "#0"},
				"up": {"uv": [4, 1.25, 3.75, 2.5], "texture": "#0"},
				"down": {"uv": [4, 1.25, 3.75, 2.5], "texture": "#0"}
			}
		},
		{
			"from": [9.25, 16.5, 7.75],
			"to": [9.75, 17, 8.25],
			"faces": {
				"north": {"uv": [0.5, 5.25, 0.75, 5.5], "texture": "#0"},
				"east": {"uv": [0.5, 5.25, 0.75, 5.5], "texture": "#0"},
				"south": {"uv": [0.5, 5.25, 0.75, 5.5], "texture": "#0"},
				"west": {"uv": [0.5, 5.25, 0.75, 5.5], "texture": "#0"},
				"up": {"uv": [0.5, 5.25, 0.75, 5.5], "texture": "#0"},
				"down": {"uv": [0.5, 5.25, 0.75, 5.5], "texture": "#0"}
			}
		},
		{
			"from": [8.25, 15.5, 7.75],
			"to": [9.25, 16, 8.25],
			"faces": {
				"north": {"uv": [0.75, 5.75, 1.25, 6], "texture": "#0"},
				"east": {"uv": [0.75, 5.75, 1.25, 6], "texture": "#0"},
				"south": {"uv": [0.75, 5.75, 1.25, 6], "texture": "#0"},
				"west": {"uv": [0.75, 5.75, 1.25, 6], "texture": "#0"},
				"up": {"uv": [0.75, 5.75, 1.25, 6], "texture": "#0"},
				"down": {"uv": [0.75, 5.75, 1.25, 6], "texture": "#0"}
			}
		},
		{
			"from": [8.75, 16, 7.75],
			"to": [9.75, 16.5, 8.25],
			"faces": {
				"north": {"uv": [0.5, 5.5, 1, 5.75], "texture": "#0"},
				"east": {"uv": [0.5, 5.5, 0.75, 5.75], "texture": "#0"},
				"south": {"uv": [1, 5.5, 0.5, 5.75], "texture": "#0"},
				"west": {"uv": [0.75, 5.5, 1, 5.75], "texture": "#0"},
				"up": {"uv": [1, 5.5, 0.5, 5.75], "texture": "#0"},
				"down": {"uv": [1, 5.5, 0.5, 5.75], "texture": "#0"}
			}
		},
		{
			"from": [6.75, 15.5, 7.75],
			"to": [7.75, 16, 8.25],
			"rotation": {"angle": 0, "axis": "y", "origin": [16, 0, 0]},
			"faces": {
				"north": {"uv": [1.25, 5.75, 0.75, 6], "texture": "#0"},
				"east": {"uv": [1.25, 5.75, 0.75, 6], "texture": "#0"},
				"south": {"uv": [1.25, 5.75, 0.75, 6], "texture": "#0"},
				"west": {"uv": [1.25, 5.75, 0.75, 6], "texture": "#0"},
				"up": {"uv": [1.25, 5.75, 0.75, 6], "texture": "#0"},
				"down": {"uv": [1.25, 5.75, 0.75, 6], "texture": "#0"}
			}
		},
		{
			"from": [6.25, 16.5, 7.75],
			"to": [6.75, 17, 8.25],
			"rotation": {"angle": 0, "axis": "y", "origin": [16, 0, 0]},
			"faces": {
				"north": {"uv": [0.75, 5.25, 0.5, 5.5], "texture": "#0"},
				"east": {"uv": [0.75, 5.25, 0.5, 5.5], "texture": "#0"},
				"south": {"uv": [0.75, 5.25, 0.5, 5.5], "texture": "#0"},
				"west": {"uv": [0.75, 5.25, 0.5, 5.5], "texture": "#0"},
				"up": {"uv": [0.75, 5.25, 0.5, 5.5], "texture": "#0"},
				"down": {"uv": [0.75, 5.25, 0.5, 5.5], "texture": "#0"}
			}
		},
		{
			"from": [6.25, 16, 7.75],
			"to": [7.25, 16.5, 8.25],
			"rotation": {"angle": 0, "axis": "y", "origin": [16, 0, 0]},
			"faces": {
				"north": {"uv": [1, 5.5, 0.5, 5.75], "texture": "#0"},
				"east": {"uv": [1, 5.5, 0.75, 5.75], "texture": "#0"},
				"south": {"uv": [0.5, 5.5, 1, 5.75], "texture": "#0"},
				"west": {"uv": [0.75, 5.5, 0.5, 5.75], "texture": "#0"},
				"up": {"uv": [0.5, 5.5, 1, 5.75], "texture": "#0"},
				"down": {"uv": [0.5, 5.5, 1, 5.75], "texture": "#0"}
			}
		},
		{
			"from": [7.75, 15.5, 7.5],
			"to": [8.25, 17, 8.5],
			"faces": {
				"north": {"uv": [1.25, 5.25, 1.5, 6], "texture": "#0"},
				"east": {"uv": [1.25, 5.25, 1.5, 6], "texture": "#0"},
				"south": {"uv": [1.25, 5.25, 1.5, 6], "texture": "#0"},
				"west": {"uv": [1.25, 5.25, 1.5, 6], "texture": "#0"},
				"up": {"uv": [1.25, 5.25, 1.5, 5.5], "texture": "#0"},
				"down": {"uv": [1.25, 5.75, 1.5, 6], "texture": "#0"}
			}
		},
		{
			"from": [7.25, 16, 7.5],
			"to": [7.75, 16.5, 8.5],
			"faces": {
				"north": {"uv": [1, 5.5, 1.25, 5.75], "texture": "#0"},
				"east": {"uv": [1, 5.5, 1.25, 5.75], "texture": "#0"},
				"south": {"uv": [1, 5.5, 1.25, 5.75], "texture": "#0"},
				"west": {"uv": [1, 5.5, 1.25, 5.75], "texture": "#0"},
				"up": {"uv": [1, 5.5, 1.25, 5.75], "texture": "#0"},
				"down": {"uv": [1, 5.5, 1.25, 5.75], "texture": "#0"}
			}
		},
		{
			"from": [8.25, 16, 7.5],
			"to": [8.75, 16.5, 8.5],
			"faces": {
				"north": {"uv": [1, 5.5, 1.25, 5.75], "texture": "#0"},
				"east": {"uv": [1, 5.5, 1.25, 5.75], "texture": "#0"},
				"south": {"uv": [1, 5.5, 1.25, 5.75], "texture": "#0"},
				"west": {"uv": [1, 5.5, 1.25, 5.75], "texture": "#0"},
				"up": {"uv": [1, 5.5, 1.25, 5.75], "texture": "#0"},
				"down": {"uv": [1, 5.5, 1.25, 5.75], "texture": "#0"}
			}
		}
	],
	"display": {
		"thirdperson_righthand": {
			"rotation": [67.5, 0, 45],
			"translation": [-9, -7.5, 15],
			"scale": [1.5, 1.5, 1.5]
		},
		"thirdperson_lefthand": {
			"rotation": [67.5, 0, -45],
			"translation": [0.5, -7.5, 15],
			"scale": [1.5, 1.5, 1.5]
		},
		"firstperson_righthand": {
			"rotation": [10, -90, 0],
			"translation": [7, -5, -5],
			"scale": [1.4, 1.4, 1.4]
		},
		"firstperson_lefthand": {
			"rotation": [10, 90, 0],
			"translation": [7, -5, -5],
			"scale": [1.4, 1.4, 1.4]
		},
		"ground": {
			"rotation": [45, 45, 0],
			"translation": [0, 4, 0],
			"scale": [0.8, 0.8, 0.8]
		},
		"gui": {
			"rotation": [-20, 160, 30],
			"translation": [1, 1, 0],
			"scale": [0.8, 0.8, 0.8]
		}
	},
	"groups": [
		0,
		1,
		2,
		3,
		{
			"name": "Dragon",
			"origin": [0, 0, 0],
			"color": 0,
			"children": [4, 5, 6, 7, 8, 9, 10, 11, 12, 13, 14]
		},
		{
			"name": "Guard",
			"origin": [0, 0, 0],
			"color": 0,
			"children": [15, 16, 17, 18, 19, 20]
		},
		21,
		22,
		23
	]
}