{
	"credit": "Made by Raycifer",
	"texture_size": [32, 32],
	"textures": {
		"0": "./wolfs_gravestone"
	},
	"elements": [
		{
			"from": [5.25, 8, 8],
			"to": [10.75, 27.5, 8.001],
			"faces": {
				"north": {"uv": [0.25, 0.25, 3, 10], "texture": "#0"},
				"east": {"uv": [0, 0, 0.25, 0.25], "texture": "#0"},
				"south": {"uv": [3, 0.25, 0.25, 10], "texture": "#0"},
				"west": {"uv": [0, 0, 0.25, 0.25], "texture": "#0"},
				"up": {"uv": [0, 0, 0.25, 0.25], "texture": "#0"},
				"down": {"uv": [0, 0, 0.25, 0.25], "texture": "#0"}
			}
		},
		{
			"from": [7.25, 1.25, 7.5],
			"to": [8.75, 5.75, 8.5],
			"faces": {
				"north": {"uv": [3.25, 4.75, 4, 7], "texture": "#0"},
				"east": {"uv": [3.25, 4.75, 3.5, 7], "texture": "#0"},
				"south": {"uv": [4, 4.75, 3.25, 7], "texture": "#0"},
				"west": {"uv": [3.75, 4.75, 4, 7], "texture": "#0"},
				"up": {"uv": [0, 0, 0, 0], "texture": "#0"},
				"down": {"uv": [3.25, 6.75, 4, 7], "texture": "#0"}
			}
		},
		{
			"from": [2.75, 6, 7.25],
			"to": [4.25, 7.5, 8.75],
			"rotation": {"angle": 45, "axis": "z", "origin": [3, 7.25, 8]},
			"faces": {
				"north": {"uv": [3.25, 3.25, 4, 4], "rotation": 90, "texture": "#0"},
				"east": {"uv": [4, 3.25, 3.25, 4], "rotation": 270, "texture": "#0"},
				"south": {"uv": [4, 4, 3.25, 3.25], "rotation": 270, "texture": "#0"},
				"west": {"uv": [4, 3.25, 3.25, 4], "rotation": 270, "texture": "#0"},
				"up": {"uv": [4.75, 3.25, 4, 4], "rotation": 270, "texture": "#0"},
				"down": {"uv": [4.75, 3.25, 5.5, 4], "rotation": 270, "texture": "#0"}
			}
		},
		{
			"from": [3.75, 6.5, 7.5],
			"to": [6.25, 8, 8.5],
			"faces": {
				"north": {"uv": [3.25, 4, 4.5, 4.75], "texture": "#0"},
				"east": {"uv": [3.25, 4, 4.5, 4.75], "texture": "#0"},
				"south": {"uv": [3.25, 4, 4.5, 4.75], "texture": "#0"},
				"west": {"uv": [3.25, 4, 4.5, 4.75], "texture": "#0"},
				"up": {"uv": [3.25, 4, 4.5, 4.25], "texture": "#0"},
				"down": {"uv": [3.25, 4.5, 4.5, 4.75], "texture": "#0"}
			}
		},
		{
			"from": [9.75, 6.5, 7.5],
			"to": [12.25, 8, 8.5],
			"faces": {
				"north": {"uv": [3.25, 4, 4.5, 4.75], "texture": "#0"},
				"east": {"uv": [3.25, 4, 4.5, 4.75], "texture": "#0"},
				"south": {"uv": [3.25, 4, 4.5, 4.75], "texture": "#0"},
				"west": {"uv": [3.25, 4, 4.5, 4.75], "texture": "#0"},
				"up": {"uv": [3.25, 4, 4.5, 4.25], "texture": "#0"},
				"down": {"uv": [3.25, 4.5, 4.5, 4.75], "texture": "#0"}
			}
		},
		{
			"from": [11.79594, 6.5, 7.25],
			"to": [13.29594, 8, 8.75],
			"rotation": {"angle": -45, "axis": "z", "origin": [12.54594, 7.25, 8]},
			"faces": {
				"north": {"uv": [3.25, 4, 4, 3.25], "rotation": 90, "texture": "#0"},
				"east": {"uv": [3.25, 3.25, 4, 4], "rotation": 90, "texture": "#0"},
				"south": {"uv": [3.25, 4, 4, 3.25], "rotation": 90, "texture": "#0"},
				"west": {"uv": [3.25, 3.25, 4, 4], "rotation": 90, "texture": "#0"},
				"up": {"uv": [4, 4, 4.75, 3.25], "texture": "#0"},
				"down": {"uv": [4.75, 3.25, 5.5, 4], "texture": "#0"}
			}
		},
		{
			"from": [8.1, 0.25, 7.5],
			"to": [9.1, 1.25, 8.5],
			"rotation": {"angle": 45, "axis": "z", "origin": [7.75, -1.25, 8]},
			"faces": {
				"north": {"uv": [5, 4, 5.5, 4.5], "texture": "#0"},
				"east": {"uv": [5, 4, 5.25, 4.5], "texture": "#0"},
				"south": {"uv": [5.5, 4, 5, 4.5], "texture": "#0"},
				"west": {"uv": [5.25, 4, 5.5, 4.5], "texture": "#0"},
				"up": {"uv": [5, 4, 5.25, 4.5], "rotation": 90, "texture": "#0"},
				"down": {"uv": [5.25, 4, 5.5, 4.5], "rotation": 90, "texture": "#0"}
			}
		},
		{
			"from": [7.5, -0.25, 7.75],
			"to": [8.5, 1.25, 8.25],
			"faces": {
				"north": {"uv": [4.5, 4, 5, 4.75], "texture": "#0"},
				"east": {"uv": [4.5, 4, 4.75, 4.75], "texture": "#0"},
				"south": {"uv": [5, 4, 4.5, 4.75], "texture": "#0"},
				"west": {"uv": [4.75, 4, 5, 4.75], "texture": "#0"},
				"up": {"uv": [0, 0, 0, 0], "texture": "#0"},
				"down": {"uv": [0, 0, 0, 0], "texture": "#0"}
			}
		},
		{
			"from": [7, 0.25, 7.75],
			"to": [7.5, 1.25, 8.25],
			"faces": {
				"north": {"uv": [4.75, 4, 5, 4.5], "texture": "#0"},
				"east": {"uv": [0, 0, 0, 0], "texture": "#0"},
				"south": {"uv": [5, 4, 4.75, 4.5], "texture": "#0"},
				"west": {"uv": [0, 0, 0, 0], "texture": "#0"},
				"up": {"uv": [4.75, 4, 5, 4.25], "texture": "#0"},
				"down": {"uv": [4.75, 4.25, 5, 4.5], "texture": "#0"}
			}
		},
		{
			"from": [8.5, 0.25, 7.75],
			"to": [9, 1.25, 8.25],
			"faces": {
				"north": {"uv": [4.75, 4, 5, 4.5], "texture": "#0"},
				"east": {"uv": [0, 0, 0, 0], "texture": "#0"},
				"south": {"uv": [5, 4, 4.75, 4.5], "texture": "#0"},
				"west": {"uv": [0, 0, 0, 0], "texture": "#0"},
				"up": {"uv": [4.75, 4, 5, 4.25], "texture": "#0"},
				"down": {"uv": [4.75, 4.25, 5, 4.5], "texture": "#0"}
			}
		},
		{
			"from": [8.1, -1.25, 7.5],
			"to": [9.1, -0.25, 8.5],
			"rotation": {"angle": 45, "axis": "z", "origin": [7.75, -1.25, 8]},
			"faces": {
				"north": {"uv": [5, 4.5, 5.5, 5], "texture": "#0"},
				"east": {"uv": [5, 4.5, 5.25, 5], "texture": "#0"},
				"south": {"uv": [5, 4.5, 5.5, 5], "texture": "#0"},
				"west": {"uv": [5.25, 4.5, 5.5, 5], "texture": "#0"},
				"up": {"uv": [5, 4.5, 5.25, 5], "rotation": 90, "texture": "#0"},
				"down": {"uv": [5.25, 4.5, 5.5, 5], "rotation": 90, "texture": "#0"}
			}
		},
		{
			"from": [9.6, -1.25, 7.5],
			"to": [10.6, -0.25, 8.5],
			"rotation": {"angle": 45, "axis": "z", "origin": [7.75, -1.25, 8]},
			"faces": {
				"north": {"uv": [5, 4, 5.5, 4.5], "texture": "#0"},
				"east": {"uv": [5, 4, 5.25, 4.5], "texture": "#0"},
				"south": {"uv": [5.5, 4, 5, 4.5], "texture": "#0"},
				"west": {"uv": [5.25, 4, 5.5, 4.5], "texture": "#0"},
				"up": {"uv": [5, 4, 5.25, 4.5], "rotation": 90, "texture": "#0"},
				"down": {"uv": [5.25, 4, 5.5, 4.5], "rotation": 90, "texture": "#0"}
			}
		},
		{
			"from": [5.68934, 7.31066, 7.75],
			"to": [7.18934, 9.31066, 8.25],
			"rotation": {"angle": 22.5, "axis": "z", "origin": [5.93934, 8.31066, 8]},
			"faces": {
				"north": {"uv": [5, 2, 4.25, 3], "texture": "#0"},
				"east": {"uv": [4.75, 3, 5, 2], "texture": "#0"},
				"south": {"uv": [4.25, 2, 5, 3], "texture": "#0"},
				"west": {"uv": [4.25, 3, 4.5, 2], "texture": "#0"},
				"up": {"uv": [5, 2.25, 4.25, 2], "rotation": 180, "texture": "#0"},
				"down": {"uv": [0, 0, 0, 0], "rotation": 180, "texture": "#0"}
			}
		},
		{
			"from": [5.18934, 7.81066, 7.75],
			"to": [5.68934, 8.81066, 8.25],
			"rotation": {"angle": 22.5, "axis": "z", "origin": [5.93934, 8.31066, 8]},
			"faces": {
				"north": {"uv": [3.25, 2.75, 3.5, 3.25], "texture": "#0"},
				"east": {"uv": [0, 0, 0, 0], "rotation": 90, "texture": "#0"},
				"south": {"uv": [3.25, 2.75, 3.5, 3.25], "texture": "#0"},
				"west": {"uv": [3.25, 2.75, 3.5, 3.25], "texture": "#0"},
				"up": {"uv": [3.25, 2.75, 3.5, 3], "texture": "#0"},
				"down": {"uv": [0, 0, 0, 0], "rotation": 180, "texture": "#0"}
			}
		},
		{
			"from": [5.43934, 8.81066, 8],
			"to": [5.93934, 9.81066, 8.001],
			"rotation": {"angle": 45, "axis": "z", "origin": [5.93934, 8.31066, 8]},
			"faces": {
				"north": {"uv": [3.5, 2.75, 3.75, 3.25], "texture": "#0"},
				"east": {"uv": [0, 0, 0, 0], "texture": "#0"},
				"south": {"uv": [3.75, 2.75, 3.5, 3.25], "texture": "#0"},
				"west": {"uv": [0, 0, 0, 0], "texture": "#0"},
				"up": {"uv": [0, 0, 0, 0], "texture": "#0"},
				"down": {"uv": [0, 0, 0, 0], "texture": "#0"}
			}
		},
		{
			"from": [5.93934, 3.41066, 8],
			"to": [6.43934, 4.41066, 8.001],
			"rotation": {"angle": 45, "axis": "z", "origin": [5.93934, 8.31066, 8]},
			"faces": {
				"north": {"uv": [3.75, 2.75, 4, 3.25], "texture": "#0"},
				"east": {"uv": [0, 0, 0, 0], "texture": "#0"},
				"south": {"uv": [4, 2.75, 3.75, 3.25], "texture": "#0"},
				"west": {"uv": [0, 0, 0, 0], "texture": "#0"},
				"up": {"uv": [0, 0, 0, 0], "texture": "#0"},
				"down": {"uv": [0, 0, 0, 0], "texture": "#0"}
			}
		},
		{
			"from": [4.18934, 5.56066, 7.75],
			"to": [6.18934, 7.06066, 8.25],
			"rotation": {"angle": 22.5, "axis": "z", "origin": [5.93934, 8.31066, 8]},
			"faces": {
				"north": {"uv": [4.25, 2, 3.25, 2.75], "texture": "#0"},
				"east": {"uv": [0, 0, 0, 0], "rotation": 90, "texture": "#0"},
				"south": {"uv": [3.25, 2, 4.25, 2.75], "texture": "#0"},
				"west": {"uv": [3.25, 2, 3.5, 2.75], "texture": "#0"},
				"up": {"uv": [0, 0, 0, 0], "rotation": 180, "texture": "#0"},
				"down": {"uv": [3.25, 2.75, 4.25, 2.5], "rotation": 180, "texture": "#0"}
			}
		},
		{
			"from": [8.65128, 8.752, 7.75],
			"to": [10.15128, 10.752, 8.25],
			"rotation": {"angle": -22.5, "axis": "z", "origin": [6.40128, 8.502, 8]},
			"faces": {
				"north": {"uv": [4.25, 2, 5, 3], "texture": "#0"},
				"east": {"uv": [4.5, 2, 4.25, 3], "texture": "#0"},
				"south": {"uv": [5, 2, 4.25, 3], "texture": "#0"},
				"west": {"uv": [5, 2, 4.75, 3], "texture": "#0"},
				"up": {"uv": [4.25, 2.25, 5, 2], "texture": "#0"},
				"down": {"uv": [0, 0, 0, 0], "texture": "#0"}
			}
		},
		{
			"from": [10.15128, 9.252, 7.75],
			"to": [10.65128, 10.252, 8.25],
			"rotation": {"angle": -22.5, "axis": "z", "origin": [6.40128, 8.502, 8]},
			"faces": {
				"north": {"uv": [3.25, 2.75, 3.5, 3.25], "texture": "#0"},
				"east": {"uv": [3.25, 3.25, 3.5, 2.75], "texture": "#0"},
				"south": {"uv": [3.25, 3.25, 3.5, 2.75], "texture": "#0"},
				"west": {"uv": [0, 0, 0, 0], "rotation": 90, "texture": "#0"},
				"up": {"uv": [3.25, 3, 3.5, 2.75], "texture": "#0"},
				"down": {"uv": [0, 0, 0, 0], "texture": "#0"}
			}
		},
		{
			"from": [9.15128, 11.502, 8],
			"to": [9.65128, 12.502, 8.001],
			"rotation": {"angle": -45, "axis": "z", "origin": [6.40128, 8.502, 8]},
			"faces": {
				"north": {"uv": [3.5, 2.75, 3.75, 3.25], "texture": "#0"},
				"east": {"uv": [0, 0, 0, 0], "texture": "#0"},
				"south": {"uv": [3.75, 2.75, 3.5, 3.25], "texture": "#0"},
				"west": {"uv": [0, 0, 0, 0], "texture": "#0"},
				"up": {"uv": [0, 0, 0, 0], "texture": "#0"},
				"down": {"uv": [0, 0, 0, 0], "texture": "#0"}
			}
		},
		{
			"from": [8.65128, 6.102, 8],
			"to": [9.15128, 7.102, 8.001],
			"rotation": {"angle": -45, "axis": "z", "origin": [6.40128, 8.502, 8]},
			"faces": {
				"north": {"uv": [3.75, 2.75, 4, 3.25], "texture": "#0"},
				"east": {"uv": [0, 0, 0, 0], "texture": "#0"},
				"south": {"uv": [4, 2.75, 3.75, 3.25], "texture": "#0"},
				"west": {"uv": [0, 0, 0, 0], "texture": "#0"},
				"up": {"uv": [0, 0, 0, 0], "texture": "#0"},
				"down": {"uv": [0, 0, 0, 0], "texture": "#0"}
			}
		},
		{
			"from": [9.65128, 7.002, 7.75],
			"to": [11.65128, 8.502, 8.25],
			"rotation": {"angle": -22.5, "axis": "z", "origin": [6.40128, 8.502, 8]},
			"faces": {
				"north": {"uv": [3.25, 2, 4.25, 2.75], "texture": "#0"},
				"east": {"uv": [4, 2, 4.25, 2.75], "texture": "#0"},
				"south": {"uv": [4.25, 2, 3.25, 2.75], "texture": "#0"},
				"west": {"uv": [0, 0, 0, 0], "rotation": 90, "texture": "#0"},
				"up": {"uv": [0, 0, 0, 0], "rotation": 180, "texture": "#0"},
				"down": {"uv": [3.25, 2.75, 4.25, 2.5], "texture": "#0"}
			}
		},
		{
			"from": [7.25, 6.5, 7.5],
			"to": [8.75, 8, 8.5],
			"rotation": {"angle": 45, "axis": "z", "origin": [8, 7.25, 7.5]},
			"faces": {
				"north": {"uv": [3.75, 0.75, 4.5, 1.5], "texture": "#0"},
				"east": {"uv": [3.75, 0.75, 4, 1.5], "texture": "#0"},
				"south": {"uv": [4.5, 0.75, 3.75, 1.5], "texture": "#0"},
				"west": {"uv": [4.25, 0.75, 4.5, 1.5], "texture": "#0"},
				"up": {"uv": [4.5, 0.75, 3.75, 1], "texture": "#0"},
				"down": {"uv": [4.5, 1.25, 3.75, 1.5], "texture": "#0"}
			}
		},
		{
			"from": [7.25, 5.5, 7.25],
			"to": [8.75, 6.5, 8.75],
			"rotation": {"angle": 45, "axis": "z", "origin": [8, 7.25, 7.5]},
			"faces": {
				"north": {"uv": [4.5, 1.5, 5, 0.75], "rotation": 90, "texture": "#0"},
				"east": {"uv": [3, 9, 3.25, 9.75], "texture": "#0"},
				"south": {"uv": [4.5, 0.75, 5, 1.5], "rotation": 90, "texture": "#0"},
				"west": {"uv": [3.5, 9, 3.75, 9.75], "texture": "#0"},
				"up": {"uv": [4.5, 0.75, 4.75, 1.5], "rotation": 90, "texture": "#0"},
				"down": {"uv": [4.75, 0.75, 5, 1.5], "rotation": 90, "texture": "#0"}
			}
		},
		{
			"from": [7.25, 8, 7.25],
			"to": [8.75, 9, 8.75],
			"rotation": {"angle": 45, "axis": "z", "origin": [8, 7.25, 7.5]},
			"faces": {
				"north": {"uv": [3.25, 1.5, 3.75, 0.75], "rotation": 90, "texture": "#0"},
				"east": {"uv": [3.25, 0.75, 3.75, 1], "rotation": 90, "texture": "#0"},
				"south": {"uv": [3.25, 0.75, 3.75, 1.5], "rotation": 90, "texture": "#0"},
				"west": {"uv": [3.5, 9, 3.75, 9.75], "texture": "#0"},
				"up": {"uv": [3.25, 0.75, 3.5, 1.5], "rotation": 90, "texture": "#0"},
				"down": {"uv": [3.5, 0.75, 3.75, 1.5], "rotation": 90, "texture": "#0"}
			}
		},
		{
			"from": [6.25, 5.5, 7.25],
			"to": [7.25, 9, 8.75],
			"rotation": {"angle": 45, "axis": "z", "origin": [8, 7.25, 7.5]},
			"faces": {
				"north": {"uv": [3.25, 2, 5, 1.5], "rotation": 90, "texture": "#0"},
				"east": {"uv": [3.25, 1.5, 5, 1.75], "rotation": 90, "texture": "#0"},
				"south": {"uv": [3.25, 1.5, 5, 2], "rotation": 90, "texture": "#0"},
				"west": {"uv": [3.25, 1.75, 5, 2], "rotation": 90, "texture": "#0"},
				"up": {"uv": [3.25, 1.5, 3.5, 2], "rotation": 90, "texture": "#0"},
				"down": {"uv": [4.75, 1.5, 5, 2], "rotation": 90, "texture": "#0"}
			}
		},
		{
			"from": [8.75, 5.5, 7.25],
			"to": [9.75, 8, 8.75],
			"rotation": {"angle": 45, "axis": "z", "origin": [8, 7.25, 7.5]},
			"faces": {
				"north": {"uv": [3.75, 0.75, 5, 0.25], "rotation": 90, "texture": "#0"},
				"east": {"uv": [3.75, 0.25, 5, 0.5], "rotation": 90, "texture": "#0"},
				"south": {"uv": [3.75, 0.25, 5, 0.75], "rotation": 90, "texture": "#0"},
				"west": {"uv": [3.75, 0.5, 5, 0.75], "rotation": 90, "texture": "#0"},
				"up": {"uv": [3.75, 0.25, 4, 0.75], "rotation": 90, "texture": "#0"},
				"down": {"uv": [4.75, 0.25, 5, 0.75], "rotation": 90, "texture": "#0"}
			}
		}
	],
	"display": {
		"thirdperson_righthand": {
			"rotation": [0, -90, 0],
			"translation": [0, 8, 0],
			"scale": [2, 2, 2]
		},
		"thirdperson_lefthand": {
			"rotation": [0, 90, 0],
			"translation": [0, 8, 0],
			"scale": [2, 2, 2]
		},
		"firstperson_righthand": {
			"rotation": [0, -90, 10],
			"translation": [9, 0, -9],
			"scale": [2, 2, 2]
		},
		"firstperson_lefthand": {
			"rotation": [0, 90, -10],
			"translation": [9, 0, -9],
			"scale": [2, 2, 2]
		},
		"ground": {
			"rotation": [45, -45, 45],
			"translation": [0, 2, 0]
		},
		"gui": {
			"rotation": [-20, 160, 30],
			"translation": [-1, -4.5, 0]
		},
		"fixed": {
			"translation": [0, -5.5, -0.5]
		}
	},
	"groups": [
		0,
		1,
		{
			"name": "handguard",
			"origin": [12.54594, 7.25, 8],
			"color": 0,
			"children": [2, 3, 4, 5]
		},
		{
			"name": "handle bottom",
			"origin": [7.75, -1.25, 8],
			"color": 0,
			"children": [6, 7, 8, 9, 10, 11]
		},
		{
			"name": "handle middle",
			"origin": [0, 0, 0],
			"color": 0,
			"children": [12, 13, 14, 15, 16, 17, 18, 19, 20, 21, 22, 23, 24, 25, 26]
		}
	]
}