{
	"credit": "Made by Raycifer",
	"textures": {
		"1": "./engulfing_lightning"
	},
	"elements": [
		{
			"from": [6.5, 13.5, 8],
			"to": [11.5, 29.5, 8.001],
			"rotation": {"angle": 0, "axis": "y", "origin": [5.5, 16.5, 8.75]},
			"faces": {
				"north": {"uv": [0.25, 0.25, 2.75, 8.25], "texture": "#1"},
				"east": {"uv": [0, 0, 0, 0], "texture": "#1"},
				"south": {"uv": [2.75, 0.25, 0.25, 8.25], "texture": "#1"},
				"west": {"uv": [0, 0, 0, 0], "texture": "#1"},
				"up": {"uv": [0, 0, 0, 0], "texture": "#1"},
				"down": {"uv": [0, 0, 0, 0], "texture": "#1"}
			}
		},
		{
			"from": [7, -10, 7.5],
			"to": [8.5, 14.5, 8.5],
			"faces": {
				"north": {"uv": [7.25, 0, 8, 12.25], "texture": "#1"},
				"east": {"uv": [7.5, 0, 7.25, 12.25], "texture": "#1"},
				"south": {"uv": [8, 0, 7.25, 12.25], "texture": "#1"},
				"west": {"uv": [8, 0, 7.75, 12.25], "texture": "#1"},
				"up": {"uv": [8, 0, 7.25, 0.25], "texture": "#1"},
				"down": {"uv": [7.25, 12, 8, 12.25], "texture": "#1"}
			}
		},
		{
			"from": [6.5, -8.5, 7],
			"to": [9, -8, 9],
			"faces": {
				"north": {"uv": [7.25, 11.5, 8, 11.25], "texture": "#1"},
				"east": {"uv": [7.25, 11.5, 8, 11.25], "texture": "#1"},
				"south": {"uv": [7.25, 11.5, 8, 11.25], "texture": "#1"},
				"west": {"uv": [7.25, 11.5, 8, 11.25], "texture": "#1"},
				"up": {"uv": [7.25, 11.5, 8, 11.25], "texture": "#1"},
				"down": {"uv": [7.25, 11.5, 8, 11.25], "texture": "#1"}
			}
		},
		{
			"from": [7, 14.5, 7.25],
			"to": [9, 15.5, 8.75],
			"faces": {
				"north": {"uv": [9.25, 1.5, 10.25, 2], "texture": "#1"},
				"east": {"uv": [10.25, 1.5, 10, 2], "texture": "#1"},
				"south": {"uv": [10.25, 1.5, 9.25, 2], "texture": "#1"},
				"west": {"uv": [10.25, 3.25, 9.5, 3.5], "texture": "#1"},
				"up": {"uv": [9.25, 2.25, 8.25, 3], "texture": "#1"},
				"down": {"uv": [9.25, 1.75, 10.25, 2], "texture": "#1"}
			}
		},
		{
			"from": [6.5, 15, 7.25],
			"to": [7, 17, 8.75],
			"faces": {
				"north": {"uv": [10.25, 0.75, 10.5, 1.75], "texture": "#1"},
				"east": {"uv": [10.25, 0.75, 10.5, 1.75], "texture": "#1"},
				"south": {"uv": [10.25, 0.75, 10.5, 1.75], "texture": "#1"},
				"west": {"uv": [9.5, 2.25, 10.25, 3.25], "texture": "#1"},
				"up": {"uv": [10.5, 2, 10.25, 2.75], "texture": "#1"},
				"down": {"uv": [10.5, 2, 10.25, 2.75], "texture": "#1"}
			}
		},
		{
			"from": [8.5, 15.5, 7.25],
			"to": [10, 17, 8.75],
			"faces": {
				"north": {"uv": [8.75, 0.75, 9.5, 1.5], "texture": "#1"},
				"east": {"uv": [9, 0.75, 8.25, 1.5], "texture": "#1"},
				"south": {"uv": [9.5, 0.75, 8.75, 1.5], "texture": "#1"},
				"west": {"uv": [8.25, 1.5, 9, 2.25], "texture": "#1"},
				"up": {"uv": [8.25, 1, 9, 0.75], "rotation": 90, "texture": "#1"},
				"down": {"uv": [8.25, 1.25, 9, 1.5], "rotation": 90, "texture": "#1"}
			}
		},
		{
			"from": [9, 15, 7.25],
			"to": [9.5, 15.5, 8.75],
			"faces": {
				"north": {"uv": [9.25, 1.5, 9, 1.75], "texture": "#1"},
				"east": {"uv": [9.25, 1.5, 9, 1.75], "texture": "#1"},
				"south": {"uv": [9.25, 1.5, 9, 1.75], "texture": "#1"},
				"west": {"uv": [9.25, 1.5, 9, 1.75], "texture": "#1"},
				"up": {"uv": [9.25, 1.5, 9, 1.75], "texture": "#1"},
				"down": {"uv": [9.25, 1.5, 9, 1.75], "texture": "#1"}
			}
		},
		{
			"from": [7, 17, 7.25],
			"to": [9.5, 17.5, 8.75],
			"faces": {
				"north": {"uv": [9, 0.5, 10.25, 0.75], "texture": "#1"},
				"east": {"uv": [9.25, 0.5, 9, 0.75], "texture": "#1"},
				"south": {"uv": [10.25, 0.5, 9, 0.75], "texture": "#1"},
				"west": {"uv": [9.75, 1.5, 9.25, 1.75], "texture": "#1"},
				"up": {"uv": [10.25, 0.5, 9, 0.75], "texture": "#1"},
				"down": {"uv": [10.25, 0.5, 9, 0.75], "texture": "#1"}
			}
		},
		{
			"from": [4.25, 15.5, 9.1],
			"to": [6.25, 17.5, 9.101],
			"rotation": {"angle": 22.5, "axis": "y", "origin": [5.5, 16.5, 8]},
			"faces": {
				"north": {"uv": [10.5, 0.5, 11.5, 1.5], "texture": "#1"},
				"east": {"uv": [0, 0, 0, 0], "texture": "#1"},
				"south": {"uv": [11.5, 0.5, 10.5, 1.5], "texture": "#1"},
				"west": {"uv": [0, 0, 0, 0], "texture": "#1"},
				"up": {"uv": [0, 0, 0, 0], "texture": "#1"},
				"down": {"uv": [0, 0, 0, 0], "texture": "#1"}
			}
		},
		{
			"from": [4.25, 15.5, 6.899],
			"to": [6.25, 17.5, 6.9],
			"rotation": {"angle": -22.5, "axis": "y", "origin": [5.5, 16.5, 8]},
			"faces": {
				"north": {"uv": [10.5, 0.5, 11.5, 1.5], "texture": "#1"},
				"east": {"uv": [0, 0, 0, 0], "texture": "#1"},
				"south": {"uv": [11.5, 0.5, 10.5, 1.5], "texture": "#1"},
				"west": {"uv": [0, 0, 0, 0], "texture": "#1"},
				"up": {"uv": [0, 0, 0, 0], "texture": "#1"},
				"down": {"uv": [0, 0, 0, 0], "texture": "#1"}
			}
		},
		{
			"from": [5.5, 15.5, 8],
			"to": [6.5, 17, 8.001],
			"faces": {
				"north": {"uv": [11.75, 0.75, 12.25, 1.5], "texture": "#1"},
				"east": {"uv": [0, 0, 0, 1], "texture": "#1"},
				"south": {"uv": [12.25, 0.75, 11.75, 1.5], "texture": "#1"},
				"west": {"uv": [0, 0, 0, 1], "texture": "#1"},
				"up": {"uv": [0, 0, 1, 0], "texture": "#1"},
				"down": {"uv": [0, 0, 1, 0], "texture": "#1"}
			}
		},
		{
			"from": [8.5, 17.5, 7.5],
			"to": [9, 18.5, 8.5],
			"faces": {
				"north": {"uv": [9.25, 0, 9.5, 0.5], "texture": "#1"},
				"east": {"uv": [9.25, 0, 9.5, 0.5], "texture": "#1"},
				"south": {"uv": [9.25, 0, 9.5, 0.5], "texture": "#1"},
				"west": {"uv": [9.25, 0, 9.5, 0.5], "texture": "#1"},
				"up": {"uv": [9.25, 0, 9.5, 0.25], "texture": "#1"},
				"down": {"uv": [9.25, 0, 9.5, 0.5], "texture": "#1"}
			}
		},
		{
			"from": [7.5, -12.5, 8],
			"to": [8, -10, 8.001],
			"faces": {
				"north": {"uv": [7.5, 12.25, 7.75, 13.5], "texture": "#1"},
				"east": {"uv": [0, 0, 0, 2.5], "texture": "#1"},
				"south": {"uv": [7.5, 12.25, 7.75, 13.5], "texture": "#1"},
				"west": {"uv": [0, 0, 0, 2.5], "texture": "#1"},
				"up": {"uv": [0, 0, 0.5, 0], "texture": "#1"},
				"down": {"uv": [0, 0, 0.5, 0], "texture": "#1"}
			}
		}
	],
	"display": {
		"thirdperson_righthand": {
			"rotation": [67.5, 0, 45],
			"translation": [-9, -7.5, 15],
			"scale": [1.5, 1.5, 1.5]
		},
		"thirdperson_lefthand": {
			"rotation": [67.5, 0, -45],
			"translation": [-3.5, -7.5, 15],
			"scale": [1.5, 1.5, 1.5]
		},
		"firstperson_righthand": {
			"rotation": [10, -90, 0],
			"translation": [7, -8, -5],
			"scale": [1.4, 1.4, 1.4]
		},
		"firstperson_lefthand": {
			"rotation": [10, 90, 0],
			"translation": [7, -8, -5],
			"scale": [1.4, 1.4, 1.4]
		},
		"ground": {
			"rotation": [45, 45, 0],
			"translation": [0, 4, 0],
			"scale": [0.8, 0.8, 0.8]
		},
		"gui": {
			"rotation": [-20, 160, 30],
			"translation": [1, 1, 0],
			"scale": [0.8, 0.8, 0.8]
		},
		"head": {
			"rotation": [170, -12, -94],
			"translation": [-3, 0, 0],
			"scale": [2, 2, 2]
		},
		"fixed": {
			"translation": [0, -0.75, -1],
			"scale": [0.85, 0.85, 0.85]
		}
	}
}