{
	"credit": "Made by Raycifer",
	"textures": {
		"1": "./the_catch"
	},
	"elements": [
		{
			"from": [4, 15.5, 8],
			"to": [12.5, 29.5, 8.001],
			"rotation": {"angle": 0, "axis": "y", "origin": [8, 17.5, 11.5]},
			"faces": {
				"north": {"uv": [0.25, 0.125, 4.5, 7], "texture": "#1"},
				"east": {"uv": [0, 0, 0, 0], "texture": "#1"},
				"south": {"uv": [0.25, 0.125, 4.5, 7], "texture": "#1"},
				"west": {"uv": [0, 0, 0, 0], "texture": "#1"},
				"up": {"uv": [0, 0, 0, 0], "texture": "#1"},
				"down": {"uv": [0, 0, 0, 0], "texture": "#1"}
			}
		},
		{
			"from": [7.5, -8.5, 7.5],
			"to": [9, 16.5, 8.5],
			"faces": {
				"north": {"uv": [6.5, 0, 5.75, 12.25], "texture": "#1"},
				"east": {"uv": [7, 0, 6.5, 12.25], "texture": "#1"},
				"south": {"uv": [6.5, 0, 5.75, 12.25], "texture": "#1"},
				"west": {"uv": [7, 0, 6.5, 12.25], "texture": "#1"},
				"up": {"uv": [5.75, 0, 6.5, 0.25], "texture": "#1"},
				"down": {"uv": [5.75, 12, 6.5, 12.25], "texture": "#1"}
			}
		},
		{
			"from": [7, 12.5, 7],
			"to": [9.5, 12.501, 9],
			"faces": {
				"north": {"uv": [0, 0, 2.5, 0], "texture": "#1"},
				"east": {"uv": [0, 0, 2, 0], "texture": "#1"},
				"south": {"uv": [0, 0, 2.5, 0], "texture": "#1"},
				"west": {"uv": [0, 0, 2, 0], "texture": "#1"},
				"up": {"uv": [4.5, 6.5, 5.75, 7.5], "texture": "#1"},
				"down": {"uv": [4.5, 6.5, 5.75, 7.5], "texture": "#1"}
			}
		},
		{
			"from": [7, 15, 7],
			"to": [9.5, 15.5, 9],
			"faces": {
				"north": {"uv": [3.75, 9.25, 4.125, 9.375], "texture": "#1"},
				"east": {"uv": [3.75, 9.25, 4.125, 9.375], "texture": "#1"},
				"south": {"uv": [3.75, 9.25, 4.125, 9.375], "texture": "#1"},
				"west": {"uv": [3.75, 9.25, 4.125, 9.375], "texture": "#1"},
				"up": {"uv": [3.75, 9.25, 4.125, 9.375], "texture": "#1"},
				"down": {"uv": [3.75, 9.25, 4.125, 9.375], "texture": "#1"}
			}
		},
		{
			"from": [7, -8, 7],
			"to": [9.5, -7.5, 9],
			"faces": {
				"north": {"uv": [3.75, 9.25, 4.125, 9.375], "texture": "#1"},
				"east": {"uv": [3.75, 9.25, 4.125, 9.375], "texture": "#1"},
				"south": {"uv": [3.75, 9.25, 4.125, 9.375], "texture": "#1"},
				"west": {"uv": [3.75, 9.25, 4.125, 9.375], "texture": "#1"},
				"up": {"uv": [3.75, 9.25, 4.125, 9.375], "texture": "#1"},
				"down": {"uv": [3.75, 9.25, 4.125, 9.375], "texture": "#1"}
			}
		},
		{
			"from": [7.5, -10.5, 7.25],
			"to": [9, -9, 8.75],
			"faces": {
				"north": {"uv": [5.75, 12.5, 6.5, 13.25], "texture": "#1"},
				"east": {"uv": [5.75, 12.5, 6.5, 13.25], "texture": "#1"},
				"south": {"uv": [5.75, 12.5, 6.5, 13.25], "texture": "#1"},
				"west": {"uv": [5.75, 12.5, 6.5, 13.25], "texture": "#1"},
				"up": {"uv": [5.75, 12.5, 6.5, 12.75], "texture": "#1"},
				"down": {"uv": [5.75, 13, 6.5, 13.25], "texture": "#1"}
			}
		},
		{
			"from": [9.5, -9.5, 7.75],
			"to": [9.501, -9, 8.25],
			"faces": {
				"north": {"uv": [0, 0, 0, 0], "texture": "#1"},
				"east": {"uv": [6.25, 12.75, 6.5, 13], "texture": "#1"},
				"south": {"uv": [0, 0, 0, 0.5], "texture": "#1"},
				"west": {"uv": [6.25, 12.75, 6.5, 13], "texture": "#1"},
				"up": {"uv": [0, 0, 0, 0.5], "texture": "#1"},
				"down": {"uv": [0, 0, 0, 0.5], "texture": "#1"}
			}
		},
		{
			"from": [7, -9.5, 7.75],
			"to": [7.001, -9, 8.25],
			"faces": {
				"north": {"uv": [0, 0, 0, 0], "texture": "#1"},
				"east": {"uv": [6.25, 12.75, 6.5, 13], "texture": "#1"},
				"south": {"uv": [0, 0, 0, 0.5], "texture": "#1"},
				"west": {"uv": [6.25, 12.75, 6.5, 13], "texture": "#1"},
				"up": {"uv": [0, 0, 0, 0.5], "texture": "#1"},
				"down": {"uv": [0, 0, 0, 0.5], "texture": "#1"}
			}
		},
		{
			"from": [8, -9, 7.25],
			"to": [8.5, -8.5, 7.251],
			"faces": {
				"north": {"uv": [6.25, 12.75, 6.5, 13], "texture": "#1"},
				"east": {"uv": [0, 0, 0, 0], "texture": "#1"},
				"south": {"uv": [6.25, 12.75, 6.5, 13], "texture": "#1"},
				"west": {"uv": [0, 0, 0, 0], "texture": "#1"},
				"up": {"uv": [0, 0, 0, 0.5], "texture": "#1"},
				"down": {"uv": [0, 0, 0, 0.5], "texture": "#1"}
			}
		},
		{
			"from": [8, -9, 8.75],
			"to": [8.5, -8.5, 8.751],
			"faces": {
				"north": {"uv": [6.25, 12.75, 6.5, 13], "texture": "#1"},
				"east": {"uv": [0, 0, 0, 0], "texture": "#1"},
				"south": {"uv": [6.25, 12.75, 6.5, 13], "texture": "#1"},
				"west": {"uv": [0, 0, 0, 0], "texture": "#1"},
				"up": {"uv": [0, 0, 0, 0.5], "texture": "#1"},
				"down": {"uv": [0, 0, 0, 0.5], "texture": "#1"}
			}
		},
		{
			"from": [7, -10, 8],
			"to": [9.5, -8.5, 8.001],
			"faces": {
				"north": {"uv": [4.5, 5.5, 5.75, 6.25], "texture": "#1"},
				"east": {"uv": [0, 0, 0, 1.5], "texture": "#1"},
				"south": {"uv": [4.5, 5.5, 5.75, 6.25], "texture": "#1"},
				"west": {"uv": [0, 0, 0, 1.5], "texture": "#1"},
				"up": {"uv": [0, 0, 2.5, 0], "texture": "#1"},
				"down": {"uv": [0, 0, 2.5, 0], "texture": "#1"}
			}
		}
	],
	"display": {
		"thirdperson_righthand": {
			"rotation": [67.5, 0, 45],
			"translation": [-5, -7.5, 15],
			"scale": [1.5, 1.5, 1.5]
		},
		"thirdperson_lefthand": {
			"rotation": [67.5, 0, -45],
			"translation": [-5, -7.5, 15],
			"scale": [1.5, 1.5, 1.5]
		},
		"firstperson_righthand": {
			"rotation": [10, 90, 0],
			"translation": [7, -5, -4],
			"scale": [1.4, 1.4, 1.4]
		},
		"firstperson_lefthand": {
			"rotation": [10, -90, 0],
			"translation": [7, -5, -4],
			"scale": [1.4, 1.4, 1.4]
		},
		"ground": {
			"rotation": [45, 45, 0],
			"translation": [0, 4, 0],
			"scale": [0.8, 0.8, 0.8]
		},
		"gui": {
			"rotation": [-20, 160, 30],
			"translation": [1, 1, 0],
			"scale": [0.8, 0.8, 0.8]
		},
		"head": {
			"rotation": [-84, 103, 8],
			"translation": [0, -2, 0],
			"scale": [2, 2, 2]
		},
		"fixed": {
			"translation": [0, -0.75, -1],
			"scale": [0.85, 0.85, 0.85]
		}
	}
}