{
	"credit": "Made by Raycifer",
	"textures": {
		"0": "./skyward_harp",
		"particle": "./skyward_harp"
	},
	"elements": [
		{
			"from": [9.84817, 7, 7.4995],
			"to": [10.84817, 10, 8.4995],
			"rotation": {"angle": 0, "axis": "y", "origin": [10.34817, 8.5, 7.9995]},
			"faces": {
				"north": {"uv": [9.5, 2, 8.5, 5], "texture": "#0"},
				"east": {"uv": [8.5, 2, 9.5, 5], "texture": "#0"},
				"south": {"uv": [10.5, 2, 9.5, 5], "texture": "#0"},
				"west": {"uv": [9.5, 2, 10.5, 5], "texture": "#0"},
				"up": {"uv": [0, 0, 0, 0], "rotation": 90, "texture": "#0"},
				"down": {"uv": [0, 0, 0, 0], "rotation": 270, "texture": "#0"}
			}
		},
		{
			"from": [9.84817, 11, 7.4995],
			"to": [10.84817, 12, 8.4995],
			"rotation": {"angle": 0, "axis": "y", "origin": [18.34817, 4, -0.0005]},
			"faces": {
				"north": {"uv": [9.5, 3, 8.5, 4], "texture": "#0"},
				"east": {"uv": [8.5, 3, 9.5, 4], "texture": "#0"},
				"south": {"uv": [10.5, 3, 9.5, 4], "texture": "#0"},
				"west": {"uv": [9.5, 3, 10.5, 4], "texture": "#0"},
				"up": {"uv": [0, 0, 0, 0], "rotation": 90, "texture": "#0"},
				"down": {"uv": [0, 0, 0, 0], "rotation": 270, "texture": "#0"}
			}
		},
		{
			"from": [9.34817, 6, 6.9995],
			"to": [11.34817, 7, 8.9995],
			"rotation": {"angle": 0, "axis": "y", "origin": [18.34817, 4, -0.0005]},
			"faces": {
				"north": {"uv": [8.5, 1, 10.5, 2], "texture": "#0"},
				"east": {"uv": [10.5, 1, 8.5, 2], "texture": "#0"},
				"south": {"uv": [8.5, 1, 10.5, 2], "texture": "#0"},
				"west": {"uv": [10.5, 1, 8.5, 2], "texture": "#0"},
				"up": {"uv": [14, 1, 12, 3], "rotation": 90, "texture": "#0"},
				"down": {"uv": [14, 3, 12, 5], "rotation": 270, "texture": "#0"}
			}
		},
		{
			"from": [9.34817, 10, 6.9995],
			"to": [11.34817, 11, 8.9995],
			"rotation": {"angle": 0, "axis": "y", "origin": [18.34817, 4, -0.0005]},
			"faces": {
				"north": {"uv": [8.5, 1, 10.5, 2], "texture": "#0"},
				"east": {"uv": [10.5, 1, 8.5, 2], "texture": "#0"},
				"south": {"uv": [8.5, 1, 10.5, 2], "texture": "#0"},
				"west": {"uv": [10.5, 1, 8.5, 2], "texture": "#0"},
				"up": {"uv": [14, 1, 12, 3], "rotation": 90, "texture": "#0"},
				"down": {"uv": [14, 3, 12, 5], "rotation": 270, "texture": "#0"}
			}
		},
		{
			"from": [10.09817, 13.75, 6.9995],
			"to": [12.09817, 14.75, 8.9995],
			"rotation": {"angle": 0, "axis": "y", "origin": [18.34817, 4, -0.0005]},
			"faces": {
				"north": {"uv": [8.5, 0, 10.5, 1], "texture": "#0"},
				"east": {"uv": [9, 0, 8.5, 1], "texture": "#0"},
				"south": {"uv": [10.5, 0, 8.5, 1], "texture": "#0"},
				"west": {"uv": [10.5, 0, 10, 1], "texture": "#0"},
				"up": {"uv": [0, 0, 0, 0], "rotation": 90, "texture": "#0"},
				"down": {"uv": [10.5, 0.5, 8.5, 1], "texture": "#0"}
			}
		},
		{
			"from": [11.84817, 12.25, 7.2495],
			"to": [13.34817, 14.75, 8.7495],
			"rotation": {"angle": -22.5, "axis": "z", "origin": [10.34817, 18, 7.4995]},
			"faces": {
				"north": {"uv": [3, 3.5, 4.5, 6], "texture": "#0"},
				"east": {"uv": [12.5, 5, 11, 7.5], "texture": "#0"},
				"south": {"uv": [4.5, 3.5, 3, 6], "texture": "#0"},
				"west": {"uv": [12.5, 5, 14, 7.5], "texture": "#0"},
				"up": {"uv": [0, 0, 0, 0], "rotation": 90, "texture": "#0"},
				"down": {"uv": [4.5, 5.5, 3, 6], "texture": "#0"}
			}
		},
		{
			"from": [9.84817, 14.75, 6.9995],
			"to": [12.34817, 18.25, 8.9995],
			"rotation": {"angle": 0, "axis": "y", "origin": [18.34817, 4, -0.0005]},
			"faces": {
				"north": {"uv": [5, 2.5, 7.5, 6], "texture": "#0"},
				"east": {"uv": [5.5, 2.5, 5, 6], "texture": "#0"},
				"south": {"uv": [7.5, 2.5, 5, 6], "texture": "#0"},
				"west": {"uv": [7.5, 2.5, 7, 6], "texture": "#0"},
				"up": {"uv": [5, 2.5, 7.5, 3], "rotation": 180, "texture": "#0"},
				"down": {"uv": [7.5, 5.5, 5, 6], "texture": "#0"}
			}
		},
		{
			"from": [9.34817, 15.25, 6.9995],
			"to": [9.84817, 17.75, 8.9995],
			"rotation": {"angle": 0, "axis": "y", "origin": [18.34817, 4, -0.0005]},
			"faces": {
				"north": {"uv": [7.5, 3, 8, 5.5], "texture": "#0"},
				"east": {"uv": [0, 0, 0, 0], "texture": "#0"},
				"south": {"uv": [7.5, 3, 8, 5.5], "texture": "#0"},
				"west": {"uv": [10, 7.5, 12, 10], "texture": "#0"},
				"up": {"uv": [7.5, 3, 8, 3.5], "rotation": 90, "texture": "#0"},
				"down": {"uv": [7.5, 5, 8, 5.5], "rotation": 270, "texture": "#0"}
			}
		},
		{
			"from": [12.34817, 15.25, 6.9995],
			"to": [12.84817, 17.75, 8.9995],
			"rotation": {"angle": 0, "axis": "y", "origin": [18.34817, 4, -0.0005]},
			"faces": {
				"north": {"uv": [5, 3, 4.5, 5.5], "texture": "#0"},
				"east": {"uv": [14, 7.5, 12, 10], "texture": "#0"},
				"south": {"uv": [5, 3, 4.5, 5.5], "texture": "#0"},
				"west": {"uv": [0, 0, 0, 0], "texture": "#0"},
				"up": {"uv": [5, 3, 4.5, 3.5], "rotation": 90, "texture": "#0"},
				"down": {"uv": [5, 5, 4.5, 5.5], "rotation": 270, "texture": "#0"}
			}
		},
		{
			"from": [9.34817, 0, 7.4995],
			"to": [10.34817, 3, 8.4995],
			"rotation": {"angle": -22.5, "axis": "z", "origin": [18.34817, 4, -0.0005]},
			"faces": {
				"north": {"uv": [9.5, 2, 8.5, 5], "texture": "#0"},
				"east": {"uv": [8.5, 2, 9.5, 5], "texture": "#0"},
				"south": {"uv": [10.5, 2, 9.5, 5], "texture": "#0"},
				"west": {"uv": [9.5, 2, 10.5, 5], "texture": "#0"},
				"up": {"uv": [0, 0, 0, 0], "rotation": 90, "texture": "#0"},
				"down": {"uv": [0, 0, 0, 0], "rotation": 270, "texture": "#0"}
			}
		},
		{
			"from": [8.09817, 2, 7.2495],
			"to": [9.59817, 4.5, 8.7495],
			"rotation": {"angle": 0, "axis": "y", "origin": [18.34817, 4, -0.0005]},
			"faces": {
				"north": {"uv": [1.5, 3.5, 3, 6], "texture": "#0"},
				"east": {"uv": [1.5, 3.5, 2, 6], "texture": "#0"},
				"south": {"uv": [3, 3.5, 1.5, 6], "texture": "#0"},
				"west": {"uv": [2.5, 3.5, 3, 6], "texture": "#0"},
				"up": {"uv": [1.5, 3.5, 3, 4], "rotation": 180, "texture": "#0"},
				"down": {"uv": [3, 5.5, 1.5, 6], "texture": "#0"}
			}
		},
		{
			"from": [8.59817, 1.5, 7.7495],
			"to": [10.09817, 4, 8.2495],
			"rotation": {"angle": 0, "axis": "y", "origin": [18.34817, 4, -0.0005]},
			"faces": {
				"north": {"uv": [0, 3.5, 1.5, 6], "texture": "#0"},
				"east": {"uv": [0, 3.5, 0.5, 6], "texture": "#0"},
				"south": {"uv": [1.5, 3.5, 0, 6], "texture": "#0"},
				"west": {"uv": [1, 3.5, 1.5, 6], "texture": "#0"},
				"up": {"uv": [0, 3.5, 1.5, 4], "rotation": 180, "texture": "#0"},
				"down": {"uv": [1.5, 5.5, 0, 6], "texture": "#0"}
			}
		},
		{
			"from": [5.84817, 6.25, 6.9995],
			"to": [8.84817, 7.75, 8.9995],
			"rotation": {"angle": 22.5, "axis": "z", "origin": [18.34817, 4, -0.0005]},
			"faces": {
				"north": {"uv": [3, 2, 0, 3.5], "texture": "#0"},
				"east": {"uv": [2.5, 2, 3, 3.5], "texture": "#0"},
				"south": {"uv": [0, 2, 3, 3.5], "texture": "#0"},
				"west": {"uv": [0, 2, 0.5, 3.5], "texture": "#0"},
				"up": {"uv": [4.5, 0, 1.5, 2], "rotation": 180, "texture": "#0"},
				"down": {"uv": [4.5, 2, 7.5, 0], "texture": "#0"}
			}
		},
		{
			"from": [-1.65183, 12.9, 7.7495],
			"to": [6.34817, 13.4, 8.2495],
			"rotation": {"angle": -22.5, "axis": "z", "origin": [18.34817, 4, 0.2495]},
			"faces": {
				"north": {"uv": [0, 11, 8, 11.5], "texture": "#0"},
				"east": {"uv": [0, 0, 0, 0], "texture": "#0"},
				"south": {"uv": [8, 11, 0, 11.5], "texture": "#0"},
				"west": {"uv": [7.5, 11, 8, 11.5], "texture": "#0"},
				"up": {"uv": [0, 0, 0, 0], "rotation": 90, "texture": "#0"},
				"down": {"uv": [8, 11, 0, 11.5], "texture": "#0"}
			}
		},
		{
			"from": [-2.15183, 13.4, 7.7495],
			"to": [6.34817, 13.9, 8.2495],
			"rotation": {"angle": -22.5, "axis": "z", "origin": [18.34817, 4, 0.2495]},
			"faces": {
				"north": {"uv": [0, 10.5, 8.5, 11], "texture": "#0"},
				"east": {"uv": [0, 0, 0, 0], "texture": "#0"},
				"south": {"uv": [8.5, 10.5, 0, 11], "texture": "#0"},
				"west": {"uv": [8, 10.5, 8.5, 11], "texture": "#0"},
				"up": {"uv": [0, 11, 8.5, 10.5], "rotation": 180, "texture": "#0"},
				"down": {"uv": [8.5, 11, 0, 10.5], "texture": "#0"}
			}
		},
		{
			"from": [-0.65183, 12.4, 7.7495],
			"to": [6.34817, 12.9, 8.2495],
			"rotation": {"angle": -22.5, "axis": "z", "origin": [18.34817, 4, 0.2495]},
			"faces": {
				"north": {"uv": [0, 11.5, 6.875, 12], "texture": "#0"},
				"east": {"uv": [0, 0, 0, 0], "texture": "#0"},
				"south": {"uv": [7, 11.5, 0, 12], "texture": "#0"},
				"west": {"uv": [6.5, 11.5, 7, 12], "texture": "#0"},
				"up": {"uv": [0, 0, 0, 0], "rotation": 90, "texture": "#0"},
				"down": {"uv": [7, 11.5, 0, 12], "texture": "#0"}
			}
		},
		{
			"from": [-0.15183, 11.9, 7.7495],
			"to": [6.34817, 12.4, 8.2495],
			"rotation": {"angle": -22.5, "axis": "z", "origin": [18.34817, 4, 0.2495]},
			"faces": {
				"north": {"uv": [0, 12, 6.5, 12.5], "texture": "#0"},
				"east": {"uv": [0, 0, 0, 0], "texture": "#0"},
				"south": {"uv": [6.5, 12, 0, 12.5], "texture": "#0"},
				"west": {"uv": [6, 12, 6.475, 12.525], "texture": "#0"},
				"up": {"uv": [0, 0, 0, 0], "rotation": 90, "texture": "#0"},
				"down": {"uv": [6.5, 12, 0, 12.5], "texture": "#0"}
			}
		},
		{
			"from": [6.09817, 15.75, 7.7495],
			"to": [10.09817, 16.25, 8.2495],
			"rotation": {"angle": 0, "axis": "y", "origin": [18.34817, 4, 0.2495]},
			"faces": {
				"north": {"uv": [0, 12.5, 4, 13], "texture": "#0"},
				"east": {"uv": [0, 0, 0, 0], "texture": "#0"},
				"south": {"uv": [4, 13, 0, 12.5], "texture": "#0"},
				"west": {"uv": [3.5, 12.5, 4, 13], "texture": "#0"},
				"up": {"uv": [0, 13, 4, 12.5], "rotation": 180, "texture": "#0"},
				"down": {"uv": [4, 12.5, 0, 13], "texture": "#0"}
			}
		},
		{
			"from": [6.59817, 15.25, 7.7495],
			"to": [10.09817, 15.75, 8.2495],
			"rotation": {"angle": 0, "axis": "y", "origin": [18.34817, 4, 0.2495]},
			"faces": {
				"north": {"uv": [0, 13, 3.5, 13.5], "texture": "#0"},
				"east": {"uv": [0, 0, 0, 0], "texture": "#0"},
				"south": {"uv": [3.5, 13, 0, 13.5], "texture": "#0"},
				"west": {"uv": [0, 0, 0, 0], "texture": "#0"},
				"up": {"uv": [0, 0, 0, 0], "rotation": 180, "texture": "#0"},
				"down": {"uv": [3.5, 13, 0, 13.5], "texture": "#0"}
			}
		},
		{
			"from": [7.59817, 14.75, 7.7495],
			"to": [10.09817, 15.25, 8.2495],
			"rotation": {"angle": 0, "axis": "y", "origin": [18.34817, 4, 0.2495]},
			"faces": {
				"north": {"uv": [0, 13.5, 2.5, 14], "texture": "#0"},
				"east": {"uv": [0, 0, 0, 0], "texture": "#0"},
				"south": {"uv": [2.5, 13.5, 0, 14], "texture": "#0"},
				"west": {"uv": [0, 0, 0, 0], "texture": "#0"},
				"up": {"uv": [0, 0, 0, 0], "rotation": 180, "texture": "#0"},
				"down": {"uv": [2.5, 13.5, 0, 14], "texture": "#0"}
			}
		},
		{
			"from": [8.09817, 14.25, 7.7495],
			"to": [10.09817, 14.75, 8.2495],
			"rotation": {"angle": 0, "axis": "y", "origin": [18.34817, 4, 0.2495]},
			"faces": {
				"north": {"uv": [0, 14, 2, 14.5], "texture": "#0"},
				"east": {"uv": [0, 0, 0, 0], "texture": "#0"},
				"south": {"uv": [2, 14, 0, 14.5], "texture": "#0"},
				"west": {"uv": [1.5, 14, 2, 14.5], "texture": "#0"},
				"up": {"uv": [0, 0, 0, 0], "rotation": 180, "texture": "#0"},
				"down": {"uv": [2, 14, 0, 14.5], "texture": "#0"}
			}
		},
		{
			"from": [12.69817, 15.65, 7.7495],
			"to": [14.69817, 16.15, 8.2495],
			"rotation": {"angle": 22.5, "axis": "z", "origin": [18.34817, 4, 0.2495]},
			"faces": {
				"north": {"uv": [0, 15, 2, 15.5], "texture": "#0"},
				"east": {"uv": [0, 0, 0, 0], "texture": "#0"},
				"south": {"uv": [2, 15, 0, 15.5], "texture": "#0"},
				"west": {"uv": [1.5, 15, 2, 15.5], "texture": "#0"},
				"up": {"uv": [0, 15.5, 2, 15], "rotation": 180, "texture": "#0"},
				"down": {"uv": [2, 15.5, 0, 15], "texture": "#0"}
			}
		},
		{
			"from": [13.19817, 16.15, 7.74951],
			"to": [14.69817, 16.65, 8.24971],
			"rotation": {"angle": 22.5, "axis": "z", "origin": [18.34817, 4, 0.2495]},
			"faces": {
				"north": {"uv": [0, 14.5, 1.5, 15], "texture": "#0"},
				"east": {"uv": [0, 0, 0, 0], "texture": "#0"},
				"south": {"uv": [1.5, 14.5, 0, 15], "texture": "#0"},
				"west": {"uv": [1, 14.5, 1.5, 15], "texture": "#0"},
				"up": {"uv": [0, 15, 1.5, 14.5], "rotation": 180, "texture": "#0"},
				"down": {"uv": [0, 0, 0, 0], "texture": "#0"}
			}
		},
		{
			"from": [6.00144, 19.18627, 7.4995],
			"to": [7.50144, 26.68627, 7.5005],
			"rotation": {"angle": 22.5, "axis": "z", "origin": [6.00144, 23.93627, 7.4995]},
			"faces": {
				"north": {"uv": [0, 9, 7.5, 10.5], "rotation": 90, "texture": "#0"},
				"east": {"uv": [0, 0, 0, 0], "texture": "#0"},
				"south": {"uv": [0, 10.5, 7.5, 9], "rotation": 90, "texture": "#0"},
				"west": {"uv": [0, 0, 0, 0], "texture": "#0"},
				"up": {"uv": [0, 0, 0, 0], "rotation": 90, "texture": "#0"},
				"down": {"uv": [0, 0, 0, 0], "rotation": 270, "texture": "#0"}
			}
		},
		{
			"from": [8.34817, 22.25, 7.4995],
			"to": [9.34817, 24.75, 7.5005],
			"rotation": {"angle": 0, "axis": "y", "origin": [1.3898, -7.32107, 7.4995]},
			"faces": {
				"north": {"uv": [7.5, 8, 8.5, 10.5], "texture": "#0"},
				"east": {"uv": [0, 0, 0, 0], "texture": "#0"},
				"south": {"uv": [8.5, 8, 7.5, 10.5], "texture": "#0"},
				"west": {"uv": [0, 0, 0, 0], "texture": "#0"},
				"up": {"uv": [0, 0, 0, 0], "rotation": 90, "texture": "#0"},
				"down": {"uv": [0, 0, 0, 0], "rotation": 270, "texture": "#0"}
			}
		},
		{
			"from": [3.51226, 20.25005, 7.4995],
			"to": [9.01226, 21.75005, 7.5005],
			"rotation": {"angle": -45, "axis": "z", "origin": [6.26226, 21.00005, 7.5]},
			"faces": {
				"north": {"uv": [1, 7.5, 6.5, 9], "rotation": 180, "texture": "#0"},
				"east": {"uv": [0, 0, 0, 0], "rotation": 180, "texture": "#0"},
				"south": {"uv": [1, 9, 6.5, 7.5], "texture": "#0"},
				"west": {"uv": [0, 0, 0, 0], "texture": "#0"},
				"up": {"uv": [0, 0, 0, 0], "rotation": 270, "texture": "#0"},
				"down": {"uv": [0, 0, 0, 0], "rotation": 270, "texture": "#0"}
			}
		},
		{
			"from": [6.00144, 19.18627, 8.4995],
			"to": [7.50144, 26.68627, 8.5005],
			"rotation": {"angle": 22.5, "axis": "z", "origin": [6.00144, 23.93627, 8.4995]},
			"faces": {
				"north": {"uv": [0, 9, 7.5, 10.5], "rotation": 90, "texture": "#0"},
				"east": {"uv": [0, 0, 0, 0], "texture": "#0"},
				"south": {"uv": [0, 10.5, 7.5, 9], "rotation": 90, "texture": "#0"},
				"west": {"uv": [0, 0, 0, 0], "texture": "#0"},
				"up": {"uv": [0, 0, 0, 0], "rotation": 90, "texture": "#0"},
				"down": {"uv": [0, 0, 0, 0], "rotation": 270, "texture": "#0"}
			}
		},
		{
			"from": [8.34817, 22.25, 8.4995],
			"to": [9.34817, 24.75, 8.5005],
			"rotation": {"angle": 0, "axis": "y", "origin": [1.3898, -7.32107, 8.4995]},
			"faces": {
				"north": {"uv": [7.5, 8, 8.5, 10.5], "texture": "#0"},
				"east": {"uv": [0, 0, 0, 0], "texture": "#0"},
				"south": {"uv": [8.5, 8, 7.5, 10.5], "texture": "#0"},
				"west": {"uv": [0, 0, 0, 0], "texture": "#0"},
				"up": {"uv": [0, 0, 0, 0], "rotation": 90, "texture": "#0"},
				"down": {"uv": [0, 0, 0, 0], "rotation": 270, "texture": "#0"}
			}
		},
		{
			"from": [6.72978, 16.01782, 8.4995],
			"to": [12.22978, 17.51782, 8.5005],
			"rotation": {"angle": -45, "axis": "z", "origin": [12.97978, 22.76782, 8.4995]},
			"faces": {
				"north": {"uv": [1, 7.5, 6.5, 9], "rotation": 180, "texture": "#0"},
				"east": {"uv": [0, 0, 0, 0], "rotation": 180, "texture": "#0"},
				"south": {"uv": [1, 9, 6.5, 7.5], "texture": "#0"},
				"west": {"uv": [0, 0, 0, 0], "texture": "#0"},
				"up": {"uv": [0, 0, 0, 0], "rotation": 270, "texture": "#0"},
				"down": {"uv": [0, 0, 0, 0], "rotation": 270, "texture": "#0"}
			}
		},
		{
			"from": [-0.40183, -1.75, 7.9995],
			"to": [1.09817, 3.75, 8.0005],
			"rotation": {"angle": -22.5, "axis": "z", "origin": [-3.84591, -9.50645, 7.9995]},
			"faces": {
				"north": {"uv": [1, 7.5, 6.5, 9], "rotation": 90, "texture": "#0"},
				"east": {"uv": [0, 0, 0, 0], "texture": "#0"},
				"south": {"uv": [1, 9, 6.5, 7.5], "rotation": 90, "texture": "#0"},
				"west": {"uv": [0, 0, 0, 0], "texture": "#0"},
				"up": {"uv": [0, 0, 0, 0], "rotation": 90, "texture": "#0"},
				"down": {"uv": [0, 0, 0, 0], "rotation": 270, "texture": "#0"}
			}
		},
		{
			"from": [-3.90183, 3.25, 7.9995],
			"to": [-2.40183, 7.75, 8.0005],
			"rotation": {"angle": -45, "axis": "z", "origin": [-6.16313, -4.3085, 7.9995]},
			"faces": {
				"north": {"uv": [1.5, 6, 6, 7.5], "rotation": 90, "texture": "#0"},
				"east": {"uv": [0, 0, 0, 0], "texture": "#0"},
				"south": {"uv": [1.5, 7.5, 6, 6], "rotation": 90, "texture": "#0"},
				"west": {"uv": [0, 0, 0, 0], "texture": "#0"},
				"up": {"uv": [0, 0, 0, 0], "rotation": 90, "texture": "#0"},
				"down": {"uv": [0, 0, 0, 0], "rotation": 270, "texture": "#0"}
			}
		},
		{
			"from": [5.59817, -1.75, 7.9995],
			"to": [6.59817, 0.75, 8.0005],
			"rotation": {"angle": 0, "axis": "y", "origin": [1.3898, -7.32107, 7.9995]},
			"faces": {
				"north": {"uv": [7.5, 8, 8.5, 10.5], "texture": "#0"},
				"east": {"uv": [0, 0, 0, 0], "texture": "#0"},
				"south": {"uv": [8.5, 8, 7.5, 10.5], "texture": "#0"},
				"west": {"uv": [0, 0, 0, 0], "texture": "#0"},
				"up": {"uv": [0, 0, 0, 0], "rotation": 90, "texture": "#0"},
				"down": {"uv": [0, 0, 0, 0], "rotation": 270, "texture": "#0"}
			}
		},
		{
			"from": [5.59717, 2.5, 7.7495],
			"to": [5.59817, 18.5, 8.2495],
			"rotation": {"angle": 0, "axis": "y", "origin": [18.34817, 4, -0.0005]},
			"faces": {
				"north": {"uv": [0, 0, 0, 0], "texture": "#0"},
				"east": {"uv": [15.5, 0, 16, 16], "texture": "#0"},
				"south": {"uv": [0, 0, 0, 0], "texture": "#0"},
				"west": {"uv": [15.5, 0, 16, 16], "texture": "#0"},
				"up": {"uv": [0, 0, 0, 0], "rotation": 90, "texture": "#0"},
				"down": {"uv": [0, 0, 0, 0], "rotation": 270, "texture": "#0"}
			}
		},
		{
			"from": [6.59717, 2.75, 7.7495],
			"to": [6.59817, 16.25, 8.2495],
			"rotation": {"angle": 0, "axis": "y", "origin": [18.34817, 4, -0.0005]},
			"faces": {
				"north": {"uv": [0, 0, 0, 0], "texture": "#0"},
				"east": {"uv": [15, 0, 15.5, 13.5], "texture": "#0"},
				"south": {"uv": [0, 0, 0, 0], "texture": "#0"},
				"west": {"uv": [15, 0, 15.5, 13.5], "texture": "#0"},
				"up": {"uv": [0, 0, 0, 0], "rotation": 90, "texture": "#0"},
				"down": {"uv": [0, 0, 0, 0], "rotation": 270, "texture": "#0"}
			}
		},
		{
			"from": [7.59717, 2.75, 7.7495],
			"to": [7.59817, 15.25, 8.2495],
			"rotation": {"angle": 0, "axis": "y", "origin": [18.34817, 4, -0.0005]},
			"faces": {
				"north": {"uv": [0, 0, 0, 0], "texture": "#0"},
				"east": {"uv": [14.5, 0, 15, 12.5], "texture": "#0"},
				"south": {"uv": [0, 0, 0, 0], "texture": "#0"},
				"west": {"uv": [14.5, 0, 15, 12.5], "texture": "#0"},
				"up": {"uv": [0, 0, 0, 0], "rotation": 90, "texture": "#0"},
				"down": {"uv": [0, 0, 0, 0], "rotation": 270, "texture": "#0"}
			}
		},
		{
			"from": [8.59717, 4.25, 7.7495],
			"to": [8.59817, 12.75, 8.2495],
			"rotation": {"angle": 0, "axis": "y", "origin": [18.34817, 4, -0.0005]},
			"faces": {
				"north": {"uv": [0, 0, 0, 0], "texture": "#0"},
				"east": {"uv": [14, 0, 14.5, 8.5], "texture": "#0"},
				"south": {"uv": [0, 0, 0, 0], "texture": "#0"},
				"west": {"uv": [14, 0, 14.5, 8.5], "texture": "#0"},
				"up": {"uv": [0, 0, 0, 0], "rotation": 90, "texture": "#0"},
				"down": {"uv": [0, 0, 0, 0], "rotation": 270, "texture": "#0"}
			}
		},
		{
			"from": [12.34817, 17.25, 7.4994],
			"to": [13.84817, 18.25, 8.4996],
			"rotation": {"angle": 0, "axis": "y", "origin": [18.34817, 0, -0.0005]},
			"faces": {
				"north": {"uv": [0, 1, 1.5, 2], "texture": "#0"},
				"east": {"uv": [0.5, 1, 0, 2], "texture": "#0"},
				"south": {"uv": [1.5, 1, 0, 2], "texture": "#0"},
				"west": {"uv": [1, 1, 1.5, 2], "texture": "#0"},
				"up": {"uv": [0, 1, 1.5, 1.5], "rotation": 180, "texture": "#0"},
				"down": {"uv": [1.5, 1.5, 0, 2], "texture": "#0"}
			}
		},
		{
			"from": [9.84817, 18, 7.4995],
			"to": [10.84817, 18.5, 8.4995],
			"rotation": {"angle": -45, "axis": "z", "origin": [10.84817, 19.25, 7.9995]},
			"faces": {
				"north": {"uv": [10.5, 15.5, 11.5, 16], "texture": "#0"},
				"east": {"uv": [10.5, 15.5, 11.5, 16], "texture": "#0"},
				"south": {"uv": [10.5, 15.5, 11.5, 16], "texture": "#0"},
				"west": {"uv": [10.5, 15.5, 11.5, 16], "texture": "#0"},
				"up": {"uv": [0, 0, 0, 0], "rotation": 90, "texture": "#0"},
				"down": {"uv": [10.5, 15.5, 11.5, 16], "rotation": 270, "texture": "#0"}
			}
		},
		{
			"from": [9.34817, 18.5, 7.4995],
			"to": [12.34817, 19, 8.4995],
			"rotation": {"angle": -45, "axis": "z", "origin": [10.84817, 19.25, 7.9995]},
			"faces": {
				"north": {"uv": [9, 15, 12, 15.5], "texture": "#0"},
				"east": {"uv": [0, 0, 0, 0], "texture": "#0"},
				"south": {"uv": [12, 15, 9, 15.5], "texture": "#0"},
				"west": {"uv": [11.5, 15, 12, 15.5], "texture": "#0"},
				"up": {"uv": [0, 0, 0, 0], "rotation": 180, "texture": "#0"},
				"down": {"uv": [12, 15, 9, 15.5], "texture": "#0"}
			}
		},
		{
			"from": [8.84817, 19, 7.4995],
			"to": [12.84817, 19.5, 8.4995],
			"rotation": {"angle": -45, "axis": "z", "origin": [10.84817, 19.25, 7.9995]},
			"faces": {
				"north": {"uv": [8.5, 14.5, 12.5, 15], "texture": "#0"},
				"east": {"uv": [0, 0, 0, 0], "texture": "#0"},
				"south": {"uv": [12.5, 14.5, 8.5, 15], "texture": "#0"},
				"west": {"uv": [12, 14.5, 12.5, 15], "texture": "#0"},
				"up": {"uv": [0, 0, 0, 0], "rotation": 180, "texture": "#0"},
				"down": {"uv": [12.5, 14.5, 8.5, 15], "texture": "#0"}
			}
		},
		{
			"from": [8.34817, 19.5, 7.4995],
			"to": [12.84817, 20, 8.4995],
			"rotation": {"angle": -45, "axis": "z", "origin": [10.84817, 19.25, 7.9995]},
			"faces": {
				"north": {"uv": [8.5, 14, 13, 14.5], "texture": "#0"},
				"east": {"uv": [8.5, 14, 9, 14.5], "texture": "#0"},
				"south": {"uv": [13, 14, 8.5, 14.5], "texture": "#0"},
				"west": {"uv": [12.5, 14, 13, 14.5], "texture": "#0"},
				"up": {"uv": [8.5, 14, 13, 14.5], "rotation": 180, "texture": "#0"},
				"down": {"uv": [13, 14, 8.5, 14.5], "texture": "#0"}
			}
		},
		{
			"from": [7.84817, 20, 7.4995],
			"to": [12.34817, 20.5, 8.4995],
			"rotation": {"angle": -45, "axis": "z", "origin": [10.84817, 19.25, 7.9995]},
			"faces": {
				"north": {"uv": [9, 13.5, 13.5, 14], "texture": "#0"},
				"east": {"uv": [9, 13.5, 9.5, 14], "texture": "#0"},
				"south": {"uv": [13.5, 13.5, 9, 14], "texture": "#0"},
				"west": {"uv": [13, 13.5, 13.5, 14], "texture": "#0"},
				"up": {"uv": [9, 13.5, 13.5, 14], "rotation": 180, "texture": "#0"},
				"down": {"uv": [13.5, 13.5, 9, 14], "texture": "#0"}
			}
		},
		{
			"from": [7.84817, 20.5, 7.4995],
			"to": [10.84817, 21, 8.4995],
			"rotation": {"angle": -45, "axis": "z", "origin": [10.84817, 19.25, 7.9995]},
			"faces": {
				"north": {"uv": [10.5, 13, 13.5, 13.5], "texture": "#0"},
				"east": {"uv": [10.5, 13, 11, 13.5], "texture": "#0"},
				"south": {"uv": [13.5, 13, 10.5, 13.5], "texture": "#0"},
				"west": {"uv": [13, 13, 13.5, 13.5], "texture": "#0"},
				"up": {"uv": [10.5, 13, 13.5, 13.5], "rotation": 180, "texture": "#0"},
				"down": {"uv": [0, 0, 0, 0], "texture": "#0"}
			}
		},
		{
			"from": [7.34817, 21, 7.4995],
			"to": [9.34817, 21.5, 8.4995],
			"rotation": {"angle": -45, "axis": "z", "origin": [10.84817, 19.25, 7.9995]},
			"faces": {
				"north": {"uv": [12, 12.5, 14, 13], "texture": "#0"},
				"east": {"uv": [12, 12.5, 12.5, 13], "texture": "#0"},
				"south": {"uv": [14, 12.5, 12, 13], "texture": "#0"},
				"west": {"uv": [13.5, 12.5, 14, 13], "texture": "#0"},
				"up": {"uv": [12, 12.5, 14, 13], "rotation": 180, "texture": "#0"},
				"down": {"uv": [14, 12.5, 12, 13], "texture": "#0"}
			}
		},
		{
			"from": [7.34817, 21.5, 7.4995],
			"to": [7.84817, 22, 8.4995],
			"rotation": {"angle": -45, "axis": "z", "origin": [10.84817, 19.25, 7.9995]},
			"faces": {
				"north": {"uv": [13.5, 12, 14, 12.5], "texture": "#0"},
				"east": {"uv": [13.5, 12, 14, 12.5], "texture": "#0"},
				"south": {"uv": [13.5, 12, 14, 12.5], "texture": "#0"},
				"west": {"uv": [13.5, 12, 14, 12.5], "texture": "#0"},
				"up": {"uv": [13.5, 12, 14, 12.5], "rotation": 90, "texture": "#0"},
				"down": {"uv": [0, 0, 0, 0], "rotation": 270, "texture": "#0"}
			}
		}
	],
	"display": {
		"thirdperson_righthand": {
			"rotation": [67.5, 0, 22.5],
			"translation": [-5, -12.5, 8.25],
			"scale": [2, 2, 2]
		},
		"thirdperson_lefthand": {
			"rotation": [67.5, 0, -22.5],
			"translation": [-6, -12.5, 8.25],
			"scale": [2, 2, 2]
		},
		"firstperson_righthand": {
			"rotation": [5, 90, -6],
			"translation": [13, 0, -13],
			"scale": [2, 2, 2]
		},
		"firstperson_lefthand": {
			"rotation": [5, -90, -6],
			"translation": [13, 0, -13],
			"scale": [2, 2, 2]
		},
		"ground": {
			"rotation": [45, 45, 0],
			"translation": [0, 5, 0]
		},
		"gui": {
			"rotation": [-20, 160, 30],
			"translation": [-1, 0.75, 0]
		},
		"fixed": {
			"rotation": [0, 90, 0],
			"translation": [0, -4.5, -1.5]
		}
	},
	"groups": [
		0,
		1,
		2,
		3,
		4,
		5,
		6,
		7,
		8,
		9,
		10,
		11,
		12,
		{
			"name": "wings",
			"origin": [0.25, 4, 0],
			"color": 0,
			"children": [
				{
					"name": "1",
					"origin": [0.25, 4, 0],
					"color": 0,
					"children": [13, 14, 15, 16]
				},
				{
					"name": "2",
					"origin": [0.25, 4, 0],
					"color": 0,
					"children": [17, 18, 19, 20]
				},
				{
					"name": "3",
					"origin": [0.25, 4, 0],
					"color": 0,
					"children": [21, 22]
				}
			]
		},
		{
			"name": "particles",
			"origin": [0, -8, 22],
			"color": 0,
			"children": [
				{
					"name": "top",
					"origin": [8, 22.76782, 5.36839],
					"color": 0,
					"children": [
						{
							"name": "left",
							"origin": [8, 22.76782, 5.36839],
							"color": 0,
							"children": [23, 24, 25]
						},
						{
							"name": "right",
							"origin": [8, 22.76782, 5.36839],
							"color": 0,
							"children": [26, 27, 28]
						}
					]
				},
				{
					"name": "bottom",
					"origin": [0, -8, 22],
					"color": 0,
					"children": [29, 30, 31]
				}
			]
		},
		{
			"name": "strings",
			"origin": [0, 4, 0],
			"color": 0,
			"children": [32, 33, 34, 35]
		},
		{
			"name": "wing piece",
			"origin": [8, 19.25, 7.5],
			"color": 0,
			"children": [36, 37, 38, 39, 40, 41, 42, 43, 44]
		}
	]
}