{
	"credit": "Made by Raycifer",
	"texture_size": [32, 32],
	"textures": {
		"0": "./amos_bow"
	},
	"elements": [
		{
			"from": [8.57564, 3, 7.4995],
			"to": [9.57564, 6, 8.4995],
			"rotation": {"angle": 0, "axis": "y", "origin": [17.57564, 0, -0.5005]},
			"faces": {
				"north": {"uv": [0.25, 0.25, 0.75, 1.75], "texture": "#0"},
				"east": {"uv": [0.75, 0.25, 0.25, 1.75], "texture": "#0"},
				"south": {"uv": [0.25, 0.25, 0.75, 1.75], "texture": "#0"},
				"west": {"uv": [0.75, 0.25, 0.25, 1.75], "texture": "#0"},
				"up": {"uv": [0, 0, 0, 0], "rotation": 90, "texture": "#0"},
				"down": {"uv": [0, 0, 0, 0], "rotation": 270, "texture": "#0"}
			}
		},
		{
			"from": [8.32564, 6, 7.2495],
			"to": [9.82564, 6.5, 8.7495],
			"rotation": {"angle": 0, "axis": "y", "origin": [17.57564, 0, -0.5005]},
			"faces": {
				"north": {"uv": [1, 5.25, 1.75, 5.5], "texture": "#0"},
				"east": {"uv": [1, 4.75, 1.75, 5], "texture": "#0"},
				"south": {"uv": [1.75, 4.75, 1, 5], "texture": "#0"},
				"west": {"uv": [1.75, 5.25, 1, 5.5], "texture": "#0"},
				"up": {"uv": [1.75, 4.75, 1, 5.5], "rotation": 90, "texture": "#0"},
				"down": {"uv": [1.75, 5.5, 1, 4.75], "rotation": 270, "texture": "#0"}
			}
		},
		{
			"from": [9.82564, 0, 7.2495],
			"to": [11.32564, 0.5, 8.7495],
			"rotation": {"angle": 0, "axis": "y", "origin": [17.57564, 0, -0.5005]},
			"faces": {
				"north": {"uv": [1, 5.25, 1.75, 5.5], "texture": "#0"},
				"east": {"uv": [1, 4.75, 1.75, 5], "texture": "#0"},
				"south": {"uv": [1.75, 4.75, 1, 5], "texture": "#0"},
				"west": {"uv": [1.75, 5.25, 1, 5.5], "texture": "#0"},
				"up": {"uv": [1.75, 4.75, 1, 5.5], "rotation": 90, "texture": "#0"},
				"down": {"uv": [1.75, 5.5, 1, 4.75], "rotation": 270, "texture": "#0"}
			}
		},
		{
			"from": [11.32564, 0.25, 7.4995],
			"to": [11.82564, 2.75, 8.4995],
			"rotation": {"angle": -22.5, "axis": "z", "origin": [11.32564, 1.75, 7.9995]},
			"faces": {
				"north": {"uv": [3, 1.5, 3.25, 2.5], "texture": "#0"},
				"east": {"uv": [2.75, 1.5, 3.25, 2.5], "texture": "#0"},
				"south": {"uv": [2.75, 1.5, 3, 2.5], "texture": "#0"},
				"west": {"uv": [3.25, 1.5, 2.75, 2.5], "texture": "#0"},
				"up": {"uv": [0, 0, 0, 0], "rotation": 90, "texture": "#0"},
				"down": {"uv": [0, 0, 0, 0], "rotation": 270, "texture": "#0"}
			}
		},
		{
			"from": [8.32564, 2, 7.2495],
			"to": [10.82564, 3, 8.7495],
			"rotation": {"angle": 0, "axis": "y", "origin": [17.57564, 0, -0.5005]},
			"faces": {
				"north": {"uv": [1.5, 1, 2.75, 1.5], "texture": "#0"},
				"east": {"uv": [0.75, 1, 1.5, 1.5], "texture": "#0"},
				"south": {"uv": [2.75, 1, 1.5, 1.5], "texture": "#0"},
				"west": {"uv": [2.75, 1, 3.5, 1.5], "texture": "#0"},
				"up": {"uv": [1.5, 1, 2.75, 0.25], "rotation": 180, "texture": "#0"},
				"down": {"uv": [2.75, 2.25, 1.5, 1.5], "texture": "#0"}
			}
		},
		{
			"from": [8.32564, 1.5, 7.4995],
			"to": [9.32564, 2, 8.4995],
			"rotation": {"angle": 0, "axis": "y", "origin": [17.57564, 0, -0.5005]},
			"faces": {
				"north": {"uv": [2.75, 1.25, 3.25, 1.5], "texture": "#0"},
				"east": {"uv": [3.25, 1.25, 2.75, 1.5], "texture": "#0"},
				"south": {"uv": [2.75, 1.25, 3.25, 1.5], "texture": "#0"},
				"west": {"uv": [3.25, 1.25, 2.75, 1.5], "texture": "#0"},
				"up": {"uv": [0, 0, 0, 0], "rotation": 90, "texture": "#0"},
				"down": {"uv": [1.25, 0.25, 0.75, 0.75], "rotation": 270, "texture": "#0"}
			}
		},
		{
			"from": [11.57564, 2.25, 7.2495],
			"to": [12.57564, 2.75, 8.7495],
			"rotation": {"angle": 0, "axis": "y", "origin": [17.57564, 0, -0.5005]},
			"faces": {
				"north": {"uv": [3.25, 2.5, 3.75, 2.75], "texture": "#0"},
				"east": {"uv": [3.5, 2.5, 2.75, 2.75], "texture": "#0"},
				"south": {"uv": [3.75, 2.5, 3.25, 2.75], "texture": "#0"},
				"west": {"uv": [4.25, 2.5, 3.5, 2.75], "texture": "#0"},
				"up": {"uv": [2.75, 2.5, 3.5, 3], "rotation": 90, "texture": "#0"},
				"down": {"uv": [2.75, 3, 3.5, 2.5], "rotation": 270, "texture": "#0"}
			}
		},
		{
			"from": [8.82564, 6.25, 7.4995],
			"to": [9.82564, 8.25, 8.4995],
			"rotation": {"angle": -22.5, "axis": "z", "origin": [9.07564, 7.25, 7.9995]},
			"faces": {
				"north": {"uv": [2.75, 1.5, 3.25, 2.5], "texture": "#0"},
				"east": {"uv": [3.25, 1.5, 2.75, 2.5], "texture": "#0"},
				"south": {"uv": [2.75, 1.5, 3.25, 2.5], "texture": "#0"},
				"west": {"uv": [3.25, 1.5, 2.75, 2.5], "texture": "#0"},
				"up": {"uv": [0, 0, 0, 0], "rotation": 90, "texture": "#0"},
				"down": {"uv": [0, 0, 0, 0], "rotation": 270, "texture": "#0"}
			}
		},
		{
			"from": [9.82564, 0.5, 7.4995],
			"to": [10.82564, 2, 8.4995],
			"rotation": {"angle": 0, "axis": "y", "origin": [10.78215, 0.463, 7.9995]},
			"faces": {
				"north": {"uv": [2.75, 1.75, 3.25, 2.5], "texture": "#0"},
				"east": {"uv": [3.25, 1.75, 2.75, 2.5], "texture": "#0"},
				"south": {"uv": [2.75, 1.75, 3.25, 2.5], "texture": "#0"},
				"west": {"uv": [3.25, 1.75, 2.75, 2.5], "texture": "#0"},
				"up": {"uv": [0, 0, 0, 0], "rotation": 90, "texture": "#0"},
				"down": {"uv": [0, 0, 0, 0], "rotation": 270, "texture": "#0"}
			}
		},
		{
			"from": [9.57564, 9.25, 7.4995],
			"to": [11.07564, 15.25, 8.4995],
			"rotation": {"angle": 0, "axis": "y", "origin": [17.57564, 0, -0.5005]},
			"faces": {
				"north": {"uv": [4.75, 1.75, 5.5, 4.75], "texture": "#0"},
				"east": {"uv": [4.25, 1.75, 4.75, 4.75], "texture": "#0"},
				"south": {"uv": [5.5, 1.75, 4.75, 4.75], "texture": "#0"},
				"west": {"uv": [5.5, 1.75, 6, 4.75], "texture": "#0"},
				"up": {"uv": [4.75, 1.75, 4.25, 2], "rotation": 90, "texture": "#0"},
				"down": {"uv": [0, 0, 0, 0], "rotation": 270, "texture": "#0"}
			}
		},
		{
			"from": [9.07564, 13.75, 7.4995],
			"to": [9.57564, 15.25, 8.4995],
			"rotation": {"angle": 0, "axis": "y", "origin": [17.57564, 0, -0.5005]},
			"faces": {
				"north": {"uv": [5.5, 1.75, 5.75, 2.5], "texture": "#0"},
				"east": {"uv": [0, 0, 0, 0], "texture": "#0"},
				"south": {"uv": [5.5, 1.75, 5.75, 2.5], "texture": "#0"},
				"west": {"uv": [5.75, 1.75, 5.5, 2.5], "texture": "#0"},
				"up": {"uv": [0, 0, 0, 0], "rotation": 90, "texture": "#0"},
				"down": {"uv": [5.75, 2.25, 5.5, 2.5], "rotation": 270, "texture": "#0"}
			}
		},
		{
			"from": [8.57564, 15.25, 7.4995],
			"to": [10.57564, 16.25, 8.4995],
			"rotation": {"angle": 0, "axis": "y", "origin": [17.57564, 0, -0.5005]},
			"faces": {
				"north": {"uv": [5, 1.25, 6, 1.75], "texture": "#0"},
				"east": {"uv": [5, 1.25, 5.5, 1.75], "texture": "#0"},
				"south": {"uv": [6, 1.25, 5, 1.75], "texture": "#0"},
				"west": {"uv": [5.75, 1.25, 6, 1.75], "texture": "#0"},
				"up": {"uv": [5.5, 1.25, 5, 1.5], "rotation": 90, "texture": "#0"},
				"down": {"uv": [6, 1.5, 5, 1.75], "texture": "#0"}
			}
		},
		{
			"from": [8.57564, 16.25, 7.4995],
			"to": [10.07564, 16.75, 8.4995],
			"rotation": {"angle": 0, "axis": "y", "origin": [17.57564, 0, -0.5005]},
			"faces": {
				"north": {"uv": [5.25, 1, 6, 1.25], "texture": "#0"},
				"east": {"uv": [5.25, 0.75, 5.5, 1], "texture": "#0"},
				"south": {"uv": [6, 1, 5.25, 1.25], "texture": "#0"},
				"west": {"uv": [0, 0, 0, 0], "texture": "#0"},
				"up": {"uv": [5.25, 0.75, 5.5, 1], "rotation": 90, "texture": "#0"},
				"down": {"uv": [0, 0, 0, 0], "rotation": 270, "texture": "#0"}
			}
		},
		{
			"from": [8.57564, 16.75, 7.4995],
			"to": [9.57564, 17.25, 8.4995],
			"rotation": {"angle": 0, "axis": "y", "origin": [17.57564, 0, -0.5005]},
			"faces": {
				"north": {"uv": [5.5, 0.75, 6, 1], "texture": "#0"},
				"east": {"uv": [5.5, 0.5, 5.75, 0.75], "texture": "#0"},
				"south": {"uv": [5.5, 0.75, 6, 1], "texture": "#0"},
				"west": {"uv": [0, 0, 0, 0], "texture": "#0"},
				"up": {"uv": [5.5, 0.5, 6, 0.75], "rotation": 180, "texture": "#0"},
				"down": {"uv": [0, 0, 0, 0], "rotation": 270, "texture": "#0"}
			}
		},
		{
			"from": [7.57564, 16.25, 7.4995],
			"to": [8.07564, 17.75, 8.4995],
			"rotation": {"angle": 0, "axis": "y", "origin": [17.57564, 0, -0.5005]},
			"faces": {
				"north": {"uv": [6.25, 0.5, 6.5, 1.25], "texture": "#0"},
				"east": {"uv": [0, 0, 0, 0], "texture": "#0"},
				"south": {"uv": [6.5, 0.5, 6.25, 1.25], "texture": "#0"},
				"west": {"uv": [6.25, 0.5, 6.5, 1.25], "texture": "#0"},
				"up": {"uv": [6.5, 0.5, 6.25, 0.75], "rotation": 90, "texture": "#0"},
				"down": {"uv": [6.25, 1, 6.5, 1.25], "rotation": 270, "texture": "#0"}
			}
		},
		{
			"from": [8.07564, 15.75, 7.4995],
			"to": [8.57564, 17.75, 8.4995],
			"rotation": {"angle": 0, "axis": "y", "origin": [17.57564, 0, -0.5005]},
			"faces": {
				"north": {"uv": [6, 0.5, 6.25, 1.5], "texture": "#0"},
				"east": {"uv": [6, 0.25, 6.25, 0.5], "texture": "#0"},
				"south": {"uv": [6.25, 0.5, 6, 1.5], "texture": "#0"},
				"west": {"uv": [6, 0.5, 6.25, 1.5], "texture": "#0"},
				"up": {"uv": [6.25, 0.25, 6, 0.5], "rotation": 90, "texture": "#0"},
				"down": {"uv": [6, 1.25, 6.25, 1.5], "rotation": 270, "texture": "#0"}
			}
		},
		{
			"from": [7.07564, 16.75, 7.4995],
			"to": [7.57564, 17.25, 8.4995],
			"rotation": {"angle": 0, "axis": "y", "origin": [17.57564, 0, -0.5005]},
			"faces": {
				"north": {"uv": [6.5, 0.75, 6.75, 1], "texture": "#0"},
				"east": {"uv": [0, 0, 0, 0], "texture": "#0"},
				"south": {"uv": [6.5, 0.75, 6.75, 1], "texture": "#0"},
				"west": {"uv": [6.5, 0.75, 6.75, 1], "texture": "#0"},
				"up": {"uv": [0, 0, 0, 0], "rotation": 90, "texture": "#0"},
				"down": {"uv": [6.5, 0.75, 6.75, 1], "rotation": 270, "texture": "#0"}
			}
		},
		{
			"from": [6.57564, 18.25, 7.4995],
			"to": [7.07564, 18.75, 8.4995],
			"rotation": {"angle": 0, "axis": "y", "origin": [17.57564, 0, -0.5005]},
			"faces": {
				"north": {"uv": [6.75, 0, 7, 0.25], "texture": "#0"},
				"east": {"uv": [6.75, 0, 7, 0.25], "texture": "#0"},
				"south": {"uv": [6.75, 0, 7, 0.25], "texture": "#0"},
				"west": {"uv": [6.75, 0, 7, 0.25], "texture": "#0"},
				"up": {"uv": [6.75, 0, 7, 0.25], "rotation": 90, "texture": "#0"},
				"down": {"uv": [6.75, 0, 7, 0.25], "rotation": 270, "texture": "#0"}
			}
		},
		{
			"from": [6.57564, 17.25, 7.4995],
			"to": [7.57564, 18.25, 8.4995],
			"rotation": {"angle": 0, "axis": "y", "origin": [17.57564, 0, -0.5005]},
			"faces": {
				"north": {"uv": [6.5, 0.25, 7, 0.75], "texture": "#0"},
				"east": {"uv": [6.5, 0.25, 6.75, 0.75], "texture": "#0"},
				"south": {"uv": [7, 0.25, 6.5, 0.75], "texture": "#0"},
				"west": {"uv": [6.75, 0.25, 7, 0.75], "texture": "#0"},
				"up": {"uv": [6.5, 0.25, 6.75, 0.5], "rotation": 90, "texture": "#0"},
				"down": {"uv": [7, 0.5, 6.5, 0.75], "texture": "#0"}
			}
		},
		{
			"from": [9.07564, 7.75, 7.2495],
			"to": [10.57564, 8.25, 8.7495],
			"rotation": {"angle": 0, "axis": "y", "origin": [17.57564, 0, -0.5005]},
			"faces": {
				"north": {"uv": [5.25, 5.75, 6, 5.5], "texture": "#0"},
				"east": {"uv": [5, 6.75, 5.75, 6.5], "texture": "#0"},
				"south": {"uv": [6, 5.75, 5.25, 5.5], "texture": "#0"},
				"west": {"uv": [4.25, 6.75, 5, 6.5], "texture": "#0"},
				"up": {"uv": [0, 0, 0, 0], "rotation": 90, "texture": "#0"},
				"down": {"uv": [5, 6.75, 4.25, 6.5], "texture": "#0"}
			}
		},
		{
			"from": [10.07564, 4.5, 7.9995],
			"to": [12.57564, 8, 8.0005],
			"rotation": {"angle": 45, "axis": "z", "origin": [12.32564, 7.75, 7.9995]},
			"faces": {
				"north": {"uv": [0.25, 1.75, 1.5, 3.5], "texture": "#0"},
				"east": {"uv": [0, 0, 0, 0], "texture": "#0"},
				"south": {"uv": [1.5, 1.75, 0.25, 3.5], "texture": "#0"},
				"west": {"uv": [0, 0, 0, 0], "texture": "#0"},
				"up": {"uv": [0, 0, 0, 0], "rotation": 90, "texture": "#0"},
				"down": {"uv": [0, 0, 0, 0], "rotation": 270, "texture": "#0"}
			}
		},
		{
			"from": [1.57564, 10.75, 7.4945],
			"to": [12.57564, 19.25, 7.4955],
			"rotation": {"angle": 0, "axis": "y", "origin": [7.07564, 14.5, 7.7495]},
			"faces": {
				"north": {"uv": [10.5, 0, 16, 4.25], "texture": "#0"},
				"east": {"uv": [0, 0, 0, 0], "texture": "#0"},
				"south": {"uv": [16, 0, 10.5, 4.25], "texture": "#0"},
				"west": {"uv": [0, 0, 0, 0], "texture": "#0"},
				"up": {"uv": [0, 0, 0, 0], "rotation": 90, "texture": "#0"},
				"down": {"uv": [0, 0, 0, 0], "rotation": 270, "texture": "#0"}
			}
		},
		{
			"from": [1.57564, 10.75, 8.4996],
			"to": [12.57564, 19.25, 8.5006],
			"rotation": {"angle": 0, "axis": "y", "origin": [7.07564, 14.5, 7.7495]},
			"faces": {
				"north": {"uv": [10.5, 0, 16, 4.25], "texture": "#0"},
				"east": {"uv": [0, 0, 0, 0], "texture": "#0"},
				"south": {"uv": [16, 0, 10.5, 4.25], "texture": "#0"},
				"west": {"uv": [0, 0, 0, 0], "texture": "#0"},
				"up": {"uv": [0, 0, 0, 0], "rotation": 90, "texture": "#0"},
				"down": {"uv": [0, 0, 0, 0], "rotation": 270, "texture": "#0"}
			}
		},
		{
			"from": [11.57564, 10.75, 7.4995],
			"to": [12.57564, 11.25, 8.4995],
			"rotation": {"angle": 0, "axis": "y", "origin": [17.57564, 0, -0.5005]},
			"faces": {
				"north": {"uv": [0, 0, 0, 0], "texture": "#0"},
				"east": {"uv": [10.5, 4, 10.75, 4.25], "texture": "#0"},
				"south": {"uv": [0, 0, 0, 0], "texture": "#0"},
				"west": {"uv": [10.75, 4, 11, 4.25], "texture": "#0"},
				"up": {"uv": [10.5, 4, 11, 4.25], "rotation": 180, "texture": "#0"},
				"down": {"uv": [11, 4.25, 10.5, 4], "texture": "#0"}
			}
		},
		{
			"from": [11.07564, 11.25, 7.4995],
			"to": [12.07564, 12.25, 8.4995],
			"rotation": {"angle": 0, "axis": "y", "origin": [17.57564, 0, -0.5005]},
			"faces": {
				"north": {"uv": [0, 0, 0, 0], "texture": "#0"},
				"east": {"uv": [10.75, 3.5, 11, 4], "rotation": 90, "texture": "#0"},
				"south": {"uv": [0, 0, 0, 0], "texture": "#0"},
				"west": {"uv": [11, 3.5, 11.25, 4], "rotation": 90, "texture": "#0"},
				"up": {"uv": [10.75, 3.5, 11.25, 4], "rotation": 180, "texture": "#0"},
				"down": {"uv": [11.25, 3.75, 10.75, 4], "texture": "#0"}
			}
		},
		{
			"from": [11.07564, 12.25, 7.4995],
			"to": [11.57564, 13.75, 8.4995],
			"rotation": {"angle": 0, "axis": "y", "origin": [17.57564, 0, -0.5005]},
			"faces": {
				"north": {"uv": [0, 0, 0, 0], "texture": "#0"},
				"east": {"uv": [11, 2.75, 11.25, 3.5], "texture": "#0"},
				"south": {"uv": [0, 0, 0, 0], "texture": "#0"},
				"west": {"uv": [0, 0, 0, 0], "texture": "#0"},
				"up": {"uv": [11, 2.75, 11.25, 3.25], "rotation": 180, "texture": "#0"},
				"down": {"uv": [0, 0, 0, 0], "rotation": 270, "texture": "#0"}
			}
		},
		{
			"from": [2.07564, 18.25, 7.4995],
			"to": [5.07564, 18.75, 8.4995],
			"rotation": {"angle": 0, "axis": "y", "origin": [17.57564, 0, -0.5005]},
			"faces": {
				"north": {"uv": [14.25, 0.25, 15.75, 0.5], "texture": "#0"},
				"east": {"uv": [14.25, 0.25, 14.5, 0.5], "texture": "#0"},
				"south": {"uv": [15.75, 0.25, 14.25, 0.5], "texture": "#0"},
				"west": {"uv": [15.5, 0.25, 15.75, 0.5], "texture": "#0"},
				"up": {"uv": [14.25, 0.25, 15.75, 0.5], "rotation": 180, "texture": "#0"},
				"down": {"uv": [15.75, 0.25, 14.25, 0.5], "texture": "#0"}
			}
		},
		{
			"from": [2.57564, 17.75, 7.4995],
			"to": [6.07564, 18.25, 8.4995],
			"rotation": {"angle": 0, "axis": "y", "origin": [17.57564, 0, -0.5005]},
			"faces": {
				"north": {"uv": [13.75, 0.5, 15.5, 0.75], "texture": "#0"},
				"east": {"uv": [13.75, 0.5, 14, 0.75], "texture": "#0"},
				"south": {"uv": [15.5, 0.5, 13.75, 0.75], "texture": "#0"},
				"west": {"uv": [15.25, 0.5, 15.5, 0.75], "texture": "#0"},
				"up": {"uv": [13.75, 0.5, 15.5, 0.75], "rotation": 180, "texture": "#0"},
				"down": {"uv": [15.5, 0.5, 13.75, 0.75], "texture": "#0"}
			}
		},
		{
			"from": [2.57564, 17.25, 7.4995],
			"to": [6.57564, 17.75, 8.4995],
			"rotation": {"angle": 0, "axis": "y", "origin": [17.57564, 0, -0.5005]},
			"faces": {
				"north": {"uv": [13.5, 0.75, 15.5, 1], "texture": "#0"},
				"east": {"uv": [13.5, 0.75, 13.75, 1], "texture": "#0"},
				"south": {"uv": [15.5, 0.75, 13.5, 1], "texture": "#0"},
				"west": {"uv": [15.25, 0.75, 15.5, 1], "texture": "#0"},
				"up": {"uv": [13.5, 0.75, 15.5, 1], "rotation": 180, "texture": "#0"},
				"down": {"uv": [15.5, 0.75, 13.5, 1], "texture": "#0"}
			}
		},
		{
			"from": [3.07564, 16.75, 7.4995],
			"to": [7.07564, 17.25, 8.4995],
			"rotation": {"angle": 0, "axis": "y", "origin": [17.57564, 0, -0.5005]},
			"faces": {
				"north": {"uv": [13.25, 1, 15.25, 1.25], "texture": "#0"},
				"east": {"uv": [13.25, 1, 13.5, 1.25], "texture": "#0"},
				"south": {"uv": [15.25, 1, 13.25, 1.25], "texture": "#0"},
				"west": {"uv": [15, 1, 15.25, 1.25], "texture": "#0"},
				"up": {"uv": [13.25, 1, 15.25, 1.25], "rotation": 180, "texture": "#0"},
				"down": {"uv": [15.25, 1, 13.25, 1.25], "texture": "#0"}
			}
		},
		{
			"from": [4.07564, 16.25, 7.4995],
			"to": [7.57564, 16.75, 8.4995],
			"rotation": {"angle": 0, "axis": "y", "origin": [17.57564, 0, -0.5005]},
			"faces": {
				"north": {"uv": [13.5, 1, 15.25, 1.25], "texture": "#0"},
				"east": {"uv": [13.5, 1, 13.75, 1.25], "texture": "#0"},
				"south": {"uv": [15.25, 1, 13.5, 1.25], "texture": "#0"},
				"west": {"uv": [15, 1, 15.25, 1.25], "texture": "#0"},
				"up": {"uv": [13.5, 1, 15.25, 1.25], "rotation": 180, "texture": "#0"},
				"down": {"uv": [15.25, 1, 13.5, 1.25], "texture": "#0"}
			}
		},
		{
			"from": [1.57564, 18.75, 7.4995],
			"to": [3.07564, 19.25, 8.4995],
			"rotation": {"angle": 0, "axis": "y", "origin": [17.57564, 0, -0.5005]},
			"faces": {
				"north": {"uv": [15.25, 0, 16, 0.25], "texture": "#0"},
				"east": {"uv": [15.25, 0, 16, 0.25], "texture": "#0"},
				"south": {"uv": [15.25, 0, 16, 0.25], "texture": "#0"},
				"west": {"uv": [15.25, 0, 16, 0.25], "texture": "#0"},
				"up": {"uv": [15.25, 0, 16, 0.25], "rotation": 90, "texture": "#0"},
				"down": {"uv": [15.25, 0, 16, 0.25], "rotation": 270, "texture": "#0"}
			}
		},
		{
			"from": [8.82564, -13, 7.9995],
			"to": [10.32564, -6, 8.0005],
			"rotation": {"angle": -45, "axis": "z", "origin": [12.32564, -6.5, 7.9995]},
			"faces": {
				"north": {"uv": [0.25, 3.5, 1, 7], "texture": "#0"},
				"east": {"uv": [0, 0, 0, 0], "texture": "#0"},
				"south": {"uv": [1, 3.5, 0.25, 7], "texture": "#0"},
				"west": {"uv": [0, 0, 0, 0], "texture": "#0"},
				"up": {"uv": [0, 0, 0, 0], "rotation": 90, "texture": "#0"},
				"down": {"uv": [0, 0, 0, 0], "rotation": 270, "texture": "#0"}
			}
		},
		{
			"from": [5.57464, -2.75, 7.7495],
			"to": [5.57564, 11.75, 8.2495],
			"rotation": {"angle": 0, "axis": "y", "origin": [17.57564, 0, -0.5005]},
			"faces": {
				"north": {"uv": [0, 0, 0, 0], "texture": "#0"},
				"east": {"uv": [0, 0.25, 0.25, 7.25], "texture": "#0"},
				"south": {"uv": [0, 0, 0, 0], "texture": "#0"},
				"west": {"uv": [0, 0.25, 0.25, 7.25], "texture": "#0"},
				"up": {"uv": [0, 0, 0, 0], "rotation": 90, "texture": "#0"},
				"down": {"uv": [0, 0, 0, 0], "rotation": 270, "texture": "#0"}
			}
		},
		{
			"from": [4.82564, 11.75, 7.9995],
			"to": [6.32564, 14.25, 8.0005],
			"rotation": {"angle": 0, "axis": "y", "origin": [17.57564, 0, -0.5005]},
			"faces": {
				"north": {"uv": [1, 3.5, 1.75, 4.75], "texture": "#0"},
				"east": {"uv": [0, 0, 0, 0], "texture": "#0"},
				"south": {"uv": [1.75, 3.5, 1, 4.75], "texture": "#0"},
				"west": {"uv": [0, 0, 0, 0], "texture": "#0"},
				"up": {"uv": [0, 0, 0, 0], "rotation": 90, "texture": "#0"},
				"down": {"uv": [0, 0, 0, 0], "rotation": 270, "texture": "#0"}
			}
		},
		{
			"from": [4.82564, -5.25, 7.9995],
			"to": [6.32564, -2.75, 8.0005],
			"rotation": {"angle": 0, "axis": "y", "origin": [17.57564, 0, -0.5005]},
			"faces": {
				"north": {"uv": [1.75, 3.5, 2.5, 4.75], "texture": "#0"},
				"east": {"uv": [0, 0, 0, 0], "texture": "#0"},
				"south": {"uv": [2.5, 3.5, 1.75, 4.75], "texture": "#0"},
				"west": {"uv": [0, 0, 0, 0], "texture": "#0"},
				"up": {"uv": [0, 0, 0, 0], "rotation": 90, "texture": "#0"},
				"down": {"uv": [0, 0, 0, 0], "rotation": 270, "texture": "#0"}
			}
		},
		{
			"from": [6.82564, 7.5, 7.9995],
			"to": [8.82564, 8.5, 8.0005],
			"rotation": {"angle": 0, "axis": "y", "origin": [17.82564, 0.5, -0.5005]},
			"faces": {
				"north": {"uv": [1.5, 2.25, 2.5, 2.75], "texture": "#0"},
				"east": {"uv": [0, 0, 0, 0], "texture": "#0"},
				"south": {"uv": [2.5, 2.25, 1.5, 2.75], "texture": "#0"},
				"west": {"uv": [0, 0, 0, 0], "texture": "#0"},
				"up": {"uv": [0, 0, 0, 0], "rotation": 90, "texture": "#0"},
				"down": {"uv": [0, 0, 0, 0], "rotation": 270, "texture": "#0"}
			}
		},
		{
			"from": [6.07564, 6.25, 7.9995],
			"to": [8.57564, 7.25, 8.0005],
			"rotation": {"angle": 45, "axis": "z", "origin": [7.57564, 7, 7.9995]},
			"faces": {
				"north": {"uv": [1.5, 2.75, 2.75, 3.25], "texture": "#0"},
				"east": {"uv": [0, 0, 0, 0], "texture": "#0"},
				"south": {"uv": [2.75, 2.75, 1.5, 3.25], "texture": "#0"},
				"west": {"uv": [0, 0, 0, 0], "texture": "#0"},
				"up": {"uv": [0, 0, 0, 0], "rotation": 90, "texture": "#0"},
				"down": {"uv": [0, 0, 0, 0], "rotation": 270, "texture": "#0"}
			}
		},
		{
			"from": [9.57564, 6.25, 8.7495],
			"to": [10.57564, 7.75, 8.7505],
			"rotation": {"angle": 0, "axis": "y", "origin": [17.57564, 0, -0.5005]},
			"faces": {
				"north": {"uv": [5.25, 5.75, 5.75, 6.5], "texture": "#0"},
				"east": {"uv": [0, 0, 0, 0], "texture": "#0"},
				"south": {"uv": [5.75, 5.75, 5.25, 6.5], "texture": "#0"},
				"west": {"uv": [0, 0, 0, 0], "texture": "#0"},
				"up": {"uv": [0, 0, 0, 0], "rotation": 90, "texture": "#0"},
				"down": {"uv": [0, 0, 0, 0], "rotation": 270, "texture": "#0"}
			}
		},
		{
			"from": [9.57564, 6.25, 7.2495],
			"to": [10.57564, 7.75, 7.2505],
			"rotation": {"angle": 0, "axis": "y", "origin": [17.57564, 0, -0.5005]},
			"faces": {
				"north": {"uv": [5.25, 5.75, 5.75, 6.5], "texture": "#0"},
				"east": {"uv": [0, 0, 0, 0], "texture": "#0"},
				"south": {"uv": [5.75, 5.75, 5.25, 6.5], "texture": "#0"},
				"west": {"uv": [0, 0, 0, 0], "texture": "#0"},
				"up": {"uv": [0, 0, 0, 0], "rotation": 90, "texture": "#0"},
				"down": {"uv": [0, 0, 0, 0], "rotation": 270, "texture": "#0"}
			}
		},
		{
			"from": [10.07564, 9.25, 7.2495],
			"to": [12.07564, 9.75, 8.7495],
			"rotation": {"angle": 0, "axis": "y", "origin": [17.57564, 0, -0.5005]},
			"faces": {
				"north": {"uv": [4.5, 4.75, 5.5, 5], "texture": "#0"},
				"east": {"uv": [4.5, 4.75, 4.75, 5], "texture": "#0"},
				"south": {"uv": [5.5, 4.75, 4.5, 5], "texture": "#0"},
				"west": {"uv": [5.25, 4.75, 5.5, 5], "texture": "#0"},
				"up": {"uv": [4.5, 4.75, 5.5, 5], "rotation": 180, "texture": "#0"},
				"down": {"uv": [0, 0, 0, 0], "rotation": 270, "texture": "#0"}
			}
		},
		{
			"from": [9.57564, 8.75, 7.2495],
			"to": [12.57564, 9.25, 8.7495],
			"rotation": {"angle": 0, "axis": "y", "origin": [17.57564, 0, -0.5005]},
			"faces": {
				"north": {"uv": [4.25, 5, 5.75, 5.25], "texture": "#0"},
				"east": {"uv": [4.25, 5, 4.5, 5.25], "texture": "#0"},
				"south": {"uv": [5.75, 5, 4.25, 5.25], "texture": "#0"},
				"west": {"uv": [5.5, 5, 5.75, 5.25], "texture": "#0"},
				"up": {"uv": [4.25, 5, 5.75, 5.25], "rotation": 180, "texture": "#0"},
				"down": {"uv": [0, 0, 0.5, 0], "rotation": 270, "texture": "#0"}
			}
		},
		{
			"from": [8.57564, 8.25, 7.2495],
			"to": [13.07564, 8.75, 8.7495],
			"rotation": {"angle": 0, "axis": "y", "origin": [17.57564, 0, -0.5005]},
			"faces": {
				"north": {"uv": [4, 5.5, 6.25, 5.25], "texture": "#0"},
				"east": {"uv": [4.5, 4.75, 4.75, 5], "texture": "#0"},
				"south": {"uv": [6.25, 5.5, 4, 5.25], "texture": "#0"},
				"west": {"uv": [5.25, 4.75, 5.5, 5], "texture": "#0"},
				"up": {"uv": [4, 5.25, 6.25, 5.5], "rotation": 180, "texture": "#0"},
				"down": {"uv": [6.25, 5.25, 4, 5.5], "texture": "#0"}
			}
		},
		{
			"from": [8.07564, 8.75, 7.2495],
			"to": [8.57564, 9.25, 8.7495],
			"rotation": {"angle": 0, "axis": "y", "origin": [17.57564, 0, -0.5005]},
			"faces": {
				"north": {"uv": [6.25, 5, 6.5, 5.25], "texture": "#0"},
				"east": {"uv": [6.25, 5, 6.5, 5.25], "texture": "#0"},
				"south": {"uv": [6.25, 5, 6.5, 5.25], "texture": "#0"},
				"west": {"uv": [6.25, 5, 6.5, 5.25], "texture": "#0"},
				"up": {"uv": [6.25, 5, 6.5, 5.25], "rotation": 90, "texture": "#0"},
				"down": {"uv": [6.25, 5, 6.5, 5.25], "rotation": 270, "texture": "#0"}
			}
		},
		{
			"from": [11.57564, 7.75, 7.2495],
			"to": [12.57564, 8.25, 8.7495],
			"rotation": {"angle": 0, "axis": "y", "origin": [17.57564, 0, -0.5005]},
			"faces": {
				"north": {"uv": [4.25, 5.75, 4.75, 5.5], "texture": "#0"},
				"east": {"uv": [4.25, 5.5, 4.5, 5.75], "texture": "#0"},
				"south": {"uv": [4.75, 5.75, 4.25, 5.5], "texture": "#0"},
				"west": {"uv": [4.5, 5.5, 4.75, 5.75], "texture": "#0"},
				"up": {"uv": [4.25, 5.5, 4.5, 5.75], "rotation": 90, "texture": "#0"},
				"down": {"uv": [4.75, 5.5, 4.25, 5.75], "texture": "#0"}
			}
		},
		{
			"from": [12.61989, 8.11092, 7.4995],
			"to": [13.61989, 11.11092, 8.4995],
			"rotation": {"angle": -22.5, "axis": "z", "origin": [14.11989, 10.86092, 7.9995]},
			"faces": {
				"north": {"uv": [4, 0.25, 4.5, 1.75], "texture": "#0"},
				"east": {"uv": [4.5, 0.25, 4, 1.75], "texture": "#0"},
				"south": {"uv": [5, 0.25, 4.5, 1.75], "texture": "#0"},
				"west": {"uv": [4.5, 0.25, 5, 1.75], "texture": "#0"},
				"up": {"uv": [3.5, 0.75, 4, 0.25], "rotation": 90, "texture": "#0"},
				"down": {"uv": [0, 0, 0, 0], "rotation": 270, "texture": "#0"}
			}
		},
		{
			"from": [12.86989, 11.11092, 7.7495],
			"to": [13.36989, 13.11092, 8.2495],
			"rotation": {"angle": -22.5, "axis": "z", "origin": [14.11989, 10.86092, 7.9995]},
			"faces": {
				"north": {"uv": [5, 0.25, 5.25, 1.25], "texture": "#0"},
				"east": {"uv": [5, 0.25, 5.25, 1.25], "texture": "#0"},
				"south": {"uv": [5, 0.25, 5.25, 1.25], "texture": "#0"},
				"west": {"uv": [5, 0.25, 5.25, 1.25], "texture": "#0"},
				"up": {"uv": [5, 0.5, 5.25, 0.25], "rotation": 90, "texture": "#0"},
				"down": {"uv": [0, 0, 0, 0], "rotation": 270, "texture": "#0"}
			}
		},
		{
			"name": "glow_bottom",
			"from": [12.36989, 11.11092, 7.2495],
			"to": [13.86989, 8.11092, 8.7495],
			"rotation": {"angle": -22.5, "axis": "z", "origin": [14.11989, 10.86092, 7.9995]},
			"faces": {
				"north": {"uv": [6, 4.75, 6.75, 3.25], "texture": "#0"},
				"east": {"uv": [6, 4.75, 6.75, 3.25], "texture": "#0"},
				"south": {"uv": [6, 4.75, 6.75, 3.25], "texture": "#0"},
				"west": {"uv": [6, 4.75, 6.75, 3.25], "texture": "#0"},
				"up": {"uv": [0, 0, 0, 0], "rotation": 90, "texture": "#0"},
				"down": {"uv": [6, 2.75, 6.75, 3.5], "rotation": 270, "texture": "#0"}
			}
		},
		{
			"name": "glow_top",
			"from": [12.61989, 13.36092, 7.4995],
			"to": [13.61989, 10.86092, 8.4995],
			"rotation": {"angle": -22.5, "axis": "z", "origin": [14.11989, 10.86092, 7.9995]},
			"faces": {
				"north": {"uv": [7.25, 4, 6.75, 2.75], "texture": "#0"},
				"east": {"uv": [6.75, 4, 7.25, 2.75], "texture": "#0"},
				"south": {"uv": [7.25, 4, 6.75, 2.75], "texture": "#0"},
				"west": {"uv": [6.75, 4, 7.25, 2.75], "texture": "#0"},
				"up": {"uv": [0, 0, 0, 0], "rotation": 90, "texture": "#0"},
				"down": {"uv": [6.75, 2.5, 7.25, 3], "rotation": 270, "texture": "#0"}
			}
		},
		{
			"from": [9.82564, -2, 7.4995],
			"to": [11.32564, 0, 8.4995],
			"rotation": {"angle": 0, "axis": "y", "origin": [17.57564, 1, -0.5005]},
			"faces": {
				"north": {"uv": [1.75, 4.75, 2.5, 5.75], "texture": "#0"},
				"east": {"uv": [2, 4.75, 1.75, 5.75], "texture": "#0"},
				"south": {"uv": [2.5, 4.75, 1.75, 5.75], "texture": "#0"},
				"west": {"uv": [2.5, 4.75, 2.25, 5.75], "texture": "#0"},
				"up": {"uv": [2.5, 4.75, 2.25, 5.75], "rotation": 90, "texture": "#0"},
				"down": {"uv": [2, 4.75, 1.75, 5.75], "rotation": 270, "texture": "#0"}
			}
		},
		{
			"from": [9.32564, -3.5, 7.4995],
			"to": [10.82564, -2, 8.4995],
			"rotation": {"angle": 0, "axis": "y", "origin": [17.57564, 1, -0.5005]},
			"faces": {
				"north": {"uv": [2, 5.75, 2.75, 6.5], "texture": "#0"},
				"east": {"uv": [2, 5.75, 2.25, 6.5], "texture": "#0"},
				"south": {"uv": [2.75, 5.75, 2, 6.5], "texture": "#0"},
				"west": {"uv": [2.5, 5.75, 2.75, 6.5], "texture": "#0"},
				"up": {"uv": [2.75, 6.5, 2.5, 5.75], "rotation": 90, "texture": "#0"},
				"down": {"uv": [2, 5.75, 2.25, 6.5], "rotation": 270, "texture": "#0"}
			}
		},
		{
			"from": [8.82564, -4.5, 7.4995],
			"to": [10.32564, -3.5, 8.4995],
			"rotation": {"angle": 0, "axis": "y", "origin": [17.57564, 1, -0.5005]},
			"faces": {
				"north": {"uv": [2.25, 6.5, 3, 7], "texture": "#0"},
				"east": {"uv": [2.25, 6.5, 2.5, 7], "texture": "#0"},
				"south": {"uv": [3, 6.5, 2.25, 7], "texture": "#0"},
				"west": {"uv": [2.75, 6.5, 3, 7], "texture": "#0"},
				"up": {"uv": [2.75, 6.5, 3, 7], "rotation": 90, "texture": "#0"},
				"down": {"uv": [2.25, 6.5, 2.5, 7], "rotation": 270, "texture": "#0"}
			}
		},
		{
			"from": [8.32564, -5, 7.4995],
			"to": [9.82564, -4.5, 8.4995],
			"rotation": {"angle": 0, "axis": "y", "origin": [17.57564, 1, -0.5005]},
			"faces": {
				"north": {"uv": [2.5, 7, 3.25, 7.25], "texture": "#0"},
				"east": {"uv": [2.5, 7, 2.75, 7.25], "texture": "#0"},
				"south": {"uv": [3.25, 7, 2.5, 7.25], "texture": "#0"},
				"west": {"uv": [3, 7, 3.25, 7.25], "texture": "#0"},
				"up": {"uv": [3, 7, 3.25, 7.25], "rotation": 90, "texture": "#0"},
				"down": {"uv": [2.5, 7, 2.75, 7.25], "rotation": 270, "texture": "#0"}
			}
		},
		{
			"from": [7.82564, -6, 7.4995],
			"to": [8.82564, -5, 8.4995],
			"rotation": {"angle": 0, "axis": "y", "origin": [17.57564, 1, -0.5005]},
			"faces": {
				"north": {"uv": [2.5, 4.75, 3, 5.25], "texture": "#0"},
				"east": {"uv": [2.5, 4.75, 3, 5.25], "texture": "#0"},
				"south": {"uv": [2.5, 4.75, 3, 5.25], "texture": "#0"},
				"west": {"uv": [2.5, 4.75, 3, 5.25], "texture": "#0"},
				"up": {"uv": [2.5, 4.75, 3, 5], "rotation": 90, "texture": "#0"},
				"down": {"uv": [2.5, 5, 3, 5.25], "rotation": 270, "texture": "#0"}
			}
		},
		{
			"from": [8.82564, -5.5, 7.4995],
			"to": [9.32564, -5, 8.4995],
			"rotation": {"angle": 0, "axis": "y", "origin": [17.57564, 1, -0.5005]},
			"faces": {
				"north": {"uv": [2.75, 7.25, 3, 7.5], "texture": "#0"},
				"east": {"uv": [2.75, 7.25, 3, 7.5], "texture": "#0"},
				"south": {"uv": [2.75, 7.25, 3, 7.5], "texture": "#0"},
				"west": {"uv": [2.75, 7.25, 3, 7.5], "texture": "#0"},
				"up": {"uv": [2.75, 7.25, 3, 7.5], "rotation": 90, "texture": "#0"},
				"down": {"uv": [2.75, 7.25, 3, 7.5], "rotation": 270, "texture": "#0"}
			}
		},
		{
			"from": [6.82564, -6.5, 7.4995],
			"to": [7.82564, -5.5, 8.4995],
			"rotation": {"angle": 0, "axis": "y", "origin": [17.57564, 1, -0.5005]},
			"faces": {
				"north": {"uv": [2.5, 4.75, 3, 5.25], "texture": "#0"},
				"east": {"uv": [2.5, 4.75, 3, 5.25], "texture": "#0"},
				"south": {"uv": [2.5, 4.75, 3, 5.25], "texture": "#0"},
				"west": {"uv": [2.5, 4.75, 3, 5.25], "texture": "#0"},
				"up": {"uv": [2.5, 4.75, 3, 5], "rotation": 90, "texture": "#0"},
				"down": {"uv": [2.5, 5, 3, 5.25], "rotation": 270, "texture": "#0"}
			}
		},
		{
			"from": [6.32564, -7, 7.4995],
			"to": [6.82564, -6, 8.4995],
			"rotation": {"angle": 0, "axis": "y", "origin": [17.57564, 1, -0.5005]},
			"faces": {
				"north": {"uv": [3, 5, 3.25, 5.5], "texture": "#0"},
				"east": {"uv": [3, 5, 3.25, 5.5], "texture": "#0"},
				"south": {"uv": [3, 5, 3.25, 5.5], "texture": "#0"},
				"west": {"uv": [3, 5, 3.25, 5.5], "texture": "#0"},
				"up": {"uv": [3, 5, 3.25, 5.25], "rotation": 90, "texture": "#0"},
				"down": {"uv": [3, 5.25, 3.25, 5.5], "rotation": 270, "texture": "#0"}
			}
		},
		{
			"from": [6.82564, -7, 7.4995],
			"to": [7.32564, -6.5, 8.4995],
			"rotation": {"angle": 0, "axis": "y", "origin": [17.57564, 1, -0.5005]},
			"faces": {
				"north": {"uv": [2.75, 5.25, 3, 5.5], "texture": "#0"},
				"east": {"uv": [2.75, 5.25, 3, 5.5], "texture": "#0"},
				"south": {"uv": [2.75, 5.25, 3, 5.5], "texture": "#0"},
				"west": {"uv": [2.75, 5.25, 3, 5.5], "texture": "#0"},
				"up": {"uv": [2.75, 5.25, 3, 5.5], "rotation": 90, "texture": "#0"},
				"down": {"uv": [2.75, 5.25, 3, 5.5], "rotation": 270, "texture": "#0"}
			}
		},
		{
			"from": [5.32564, -7.5, 7.4995],
			"to": [6.32564, -6.5, 8.4995],
			"rotation": {"angle": 0, "axis": "y", "origin": [17.57564, 1, -0.5005]},
			"faces": {
				"north": {"uv": [3.25, 5.25, 3.75, 5.75], "texture": "#0"},
				"east": {"uv": [3.25, 5.25, 3.75, 5.75], "texture": "#0"},
				"south": {"uv": [3.25, 5.25, 3.75, 5.75], "texture": "#0"},
				"west": {"uv": [3.25, 5.25, 3.75, 5.75], "texture": "#0"},
				"up": {"uv": [3.25, 5.25, 3.75, 5.5], "rotation": 90, "texture": "#0"},
				"down": {"uv": [3.25, 5.5, 3.75, 5.75], "rotation": 270, "texture": "#0"}
			}
		},
		{
			"from": [4.82564, -7.5, 7.4995],
			"to": [5.32564, -7, 8.4995],
			"rotation": {"angle": 0, "axis": "y", "origin": [17.57564, 1, -0.5005]},
			"faces": {
				"north": {"uv": [3.75, 5.5, 4, 5.75], "texture": "#0"},
				"east": {"uv": [3.75, 5.5, 4, 5.75], "texture": "#0"},
				"south": {"uv": [3.75, 5.5, 4, 5.75], "texture": "#0"},
				"west": {"uv": [3.75, 5.5, 4, 5.75], "texture": "#0"},
				"up": {"uv": [3.75, 5.5, 4, 5.75], "rotation": 90, "texture": "#0"},
				"down": {"uv": [3.75, 5.5, 4, 5.75], "rotation": 270, "texture": "#0"}
			}
		}
	],
	"display": {
		"thirdperson_righthand": {
			"rotation": [67.5, 0, 22.5],
			"translation": [-8.75, -6.75, 21],
			"scale": [2, 2, 2]
		},
		"thirdperson_lefthand": {
			"rotation": [67.5, 0, -22.5],
			"translation": [-4, -6.75, 21],
			"scale": [2, 2, 2]
		},
		"firstperson_righthand": {
			"rotation": [5, 90, -6],
			"translation": [13, 8.5, -13],
			"scale": [2, 2, 2]
		},
		"firstperson_lefthand": {
			"rotation": [5, -90, -6],
			"translation": [13, 8.5, -13],
			"scale": [2, 2, 2]
		},
		"ground": {
			"rotation": [45, 45, 0],
			"translation": [0, 9, 0]
		},
		"gui": {
			"rotation": [-20, 160, 30],
			"translation": [1, 3.5, 0]
		},
		"fixed": {
			"rotation": [0, 90, 0],
			"translation": [0, 3, -1.5]
		}
	},
	"groups": [
		0,
		1,
		2,
		3,
		4,
		5,
		6,
		7,
		8,
		{
			"name": "upper body",
			"origin": [0, 0, 0],
			"color": 0,
			"children": [9, 10, 11, 12, 13, 14, 15, 16, 17, 18]
		},
		19,
		20,
		{
			"name": "wings",
			"origin": [8.25, 14.5, 10.5],
			"color": 0,
			"children": [21, 22, 23, 24, 25, 26, 27, 28, 29, 30, 31]
		},
		32,
		33,
		34,
		35,
		36,
		37,
		38,
		39,
		40,
		41,
		42,
		43,
		44,
		{
			"name": "horn",
			"origin": [8.5, 10.15381, 4.51641],
			"color": 0,
			"children": [45, 46, 47, 48]
		},
		{
			"name": "lower body",
			"origin": [0, 1, 0],
			"color": 0,
			"children": [49, 50, 51, 52, 53, 54, 55, 56, 57, 58, 59]
		}
	]
}