{
	"credit": "Made by Raycifer",
	"texture_size": [32, 32],
	"textures": {
		"0": "./redhorn_stonethresher"
	},
	"elements": [
		{
			"from": [7.45948, -7.25, 7.5],
			"to": [8.95948, -0.25, 8.5],
			"rotation": {"angle": 0, "axis": "y", "origin": [8.20948, 0, 7.5]},
			"faces": {
				"north": {"uv": [2.75, 5.5, 3.5, 9], "texture": "#0"},
				"east": {"uv": [2.5, 5.5, 2.75, 9], "texture": "#0"},
				"south": {"uv": [3.5, 5.5, 2.75, 9], "texture": "#0"},
				"west": {"uv": [3.25, 5.5, 3.5, 9], "texture": "#0"},
				"up": {"uv": [0, 0, 0, 0], "rotation": 90, "texture": "#0"},
				"down": {"uv": [2.75, 8.75, 3.5, 9], "texture": "#0"}
			}
		},
		{
			"from": [6.20948, 5.75, 7.5],
			"to": [9.70948, 6.25, 8.5],
			"rotation": {"angle": -22.5, "axis": "z", "origin": [6.45948, 6.25, 8]},
			"faces": {
				"north": {"uv": [2.75, 1.5, 4.5, 1.75], "texture": "#0"},
				"east": {"uv": [3, 1.75, 2.75, 1.5], "rotation": 90, "texture": "#0"},
				"south": {"uv": [4.5, 1.5, 2.75, 1.75], "texture": "#0"},
				"west": {"uv": [4.5, 1.75, 4.25, 1.5], "rotation": 90, "texture": "#0"},
				"up": {"uv": [2.75, 1.75, 4.5, 1.5], "rotation": 180, "texture": "#0"},
				"down": {"uv": [4.5, 1.75, 2.75, 1.5], "texture": "#0"}
			}
		},
		{
			"from": [8.20948, 6.25, 7.5],
			"to": [10.20948, 6.75, 8.5],
			"rotation": {"angle": -22.5, "axis": "z", "origin": [6.45948, 6.25, 8]},
			"faces": {
				"north": {"uv": [2.5, 1.25, 3.5, 1.5], "texture": "#0"},
				"east": {"uv": [2.75, 1.5, 2.5, 1.25], "rotation": 90, "texture": "#0"},
				"south": {"uv": [3.5, 1.25, 2.5, 1.5], "texture": "#0"},
				"west": {"uv": [3.5, 1.5, 3.25, 1.25], "rotation": 90, "texture": "#0"},
				"up": {"uv": [2.5, 1.5, 3.5, 1.25], "rotation": 180, "texture": "#0"},
				"down": {"uv": [3.5, 1.5, 2.5, 1.25], "texture": "#0"}
			}
		},
		{
			"from": [5.70948, 6.25, 7.5],
			"to": [6.70948, 6.75, 8.5],
			"rotation": {"angle": -22.5, "axis": "z", "origin": [6.45948, 6.25, 8]},
			"faces": {
				"north": {"uv": [4.25, 1.25, 4.75, 1.5], "texture": "#0"},
				"east": {"uv": [4.25, 1.25, 4.5, 1.5], "texture": "#0"},
				"south": {"uv": [4.75, 1.25, 4.25, 1.5], "texture": "#0"},
				"west": {"uv": [4.5, 1.25, 4.75, 1.5], "texture": "#0"},
				"up": {"uv": [4.25, 1.25, 4.75, 1.5], "rotation": 180, "texture": "#0"},
				"down": {"uv": [4.75, 1.25, 4.25, 1.5], "texture": "#0"}
			}
		},
		{
			"from": [6.20948, 3.5, 7.5],
			"to": [10.20948, 4, 8.5],
			"rotation": {"angle": -22.5, "axis": "z", "origin": [6.45948, 4, 8]},
			"faces": {
				"north": {"uv": [2.75, 1, 4.75, 1.25], "texture": "#0"},
				"east": {"uv": [3, 1.25, 2.75, 1], "rotation": 90, "texture": "#0"},
				"south": {"uv": [4.75, 1, 2.75, 1.25], "texture": "#0"},
				"west": {"uv": [4.75, 1.25, 4.5, 1], "rotation": 90, "texture": "#0"},
				"up": {"uv": [2.75, 1.25, 4.75, 1], "rotation": 180, "texture": "#0"},
				"down": {"uv": [4.75, 1.25, 2.75, 1], "texture": "#0"}
			}
		},
		{
			"from": [8.20948, 4, 7.5],
			"to": [10.70948, 4.5, 8.5],
			"rotation": {"angle": -22.5, "axis": "z", "origin": [6.45948, 4, 8]},
			"faces": {
				"north": {"uv": [2.5, 0.75, 3.75, 1], "texture": "#0"},
				"east": {"uv": [2.75, 1, 2.5, 0.75], "rotation": 90, "texture": "#0"},
				"south": {"uv": [3.75, 0.75, 2.5, 1], "texture": "#0"},
				"west": {"uv": [3.75, 1, 3.5, 0.75], "rotation": 90, "texture": "#0"},
				"up": {"uv": [2.5, 1, 3.75, 0.75], "rotation": 180, "texture": "#0"},
				"down": {"uv": [3.75, 1, 2.5, 0.75], "texture": "#0"}
			}
		},
		{
			"from": [5.70948, 4, 7.5],
			"to": [6.70948, 4.5, 8.5],
			"rotation": {"angle": -22.5, "axis": "z", "origin": [6.45948, 4, 8]},
			"faces": {
				"north": {"uv": [4.5, 0.75, 5, 1], "texture": "#0"},
				"east": {"uv": [4.5, 0.75, 4.75, 1], "texture": "#0"},
				"south": {"uv": [5, 0.75, 4.5, 1], "texture": "#0"},
				"west": {"uv": [4.75, 0.75, 5, 1], "texture": "#0"},
				"up": {"uv": [4.5, 0.75, 5, 1], "rotation": 180, "texture": "#0"},
				"down": {"uv": [5, 0.75, 4.5, 1], "texture": "#0"}
			}
		},
		{
			"from": [6.40948, 17.5, 7.5],
			"to": [7.90948, 18, 8.5],
			"rotation": {"angle": -22.5, "axis": "z", "origin": [6.70948, 18.25, 8]},
			"faces": {
				"north": {"uv": [2.75, 0.5, 3.5, 0.75], "texture": "#0"},
				"east": {"uv": [2.75, 0.5, 3, 0.75], "texture": "#0"},
				"south": {"uv": [2.75, 0.5, 3.5, 0.75], "texture": "#0"},
				"west": {"uv": [2.75, 0.5, 3, 0.75], "texture": "#0"},
				"up": {"uv": [2.75, 0.5, 3.5, 0.75], "rotation": 180, "texture": "#0"},
				"down": {"uv": [2.75, 0.5, 3.5, 0.75], "texture": "#0"}
			}
		},
		{
			"from": [5.90948, 18, 7.5],
			"to": [7.40948, 18.5, 8.5],
			"rotation": {"angle": -22.5, "axis": "z", "origin": [6.70948, 18.25, 8]},
			"faces": {
				"north": {"uv": [2.5, 0.25, 3.25, 0.5], "texture": "#0"},
				"east": {"uv": [2.5, 0.25, 2.75, 0.5], "texture": "#0"},
				"south": {"uv": [2.5, 0.25, 3.25, 0.5], "texture": "#0"},
				"west": {"uv": [2.5, 0.25, 2.75, 0.5], "texture": "#0"},
				"up": {"uv": [2.5, 0.25, 3.25, 0.5], "rotation": 180, "texture": "#0"},
				"down": {"uv": [2.5, 0.25, 3.25, 0.5], "texture": "#0"}
			}
		},
		{
			"from": [6.20948, 4.25, 7.75],
			"to": [6.70948, 18.25, 8.25],
			"rotation": {"angle": 0, "axis": "y", "origin": [15.45948, 0.25, 0]},
			"faces": {
				"north": {"uv": [2.5, 0.25, 2.25, 7.25], "texture": "#0"},
				"east": {"uv": [2.5, 0.25, 2.25, 7.25], "texture": "#0"},
				"south": {"uv": [2.5, 0.25, 2.25, 7.25], "texture": "#0"},
				"west": {"uv": [2.5, 0.25, 2.25, 7.25], "texture": "#0"},
				"up": {"uv": [0, 0, 0, 0], "rotation": 90, "texture": "#0"},
				"down": {"uv": [0, 0, 0, 0], "rotation": 270, "texture": "#0"}
			}
		},
		{
			"from": [5.45948, 3.25, 8],
			"to": [9.45948, 21.25, 8.001],
			"rotation": {"angle": 0, "axis": "y", "origin": [9.45948, 0.25, 8]},
			"faces": {
				"north": {"uv": [2.25, 0.25, 0.25, 9.25], "texture": "#0"},
				"east": {"uv": [0, 0, 0, 0], "texture": "#0"},
				"south": {"uv": [0.25, 0.25, 2.25, 9.25], "texture": "#0"},
				"west": {"uv": [0, 0, 0, 0], "texture": "#0"},
				"up": {"uv": [0, 0, 0, 0], "rotation": 90, "texture": "#0"},
				"down": {"uv": [0, 0, 0, 0], "rotation": 270, "texture": "#0"}
			}
		},
		{
			"from": [5.70948, -1.5, 6.75],
			"to": [10.20948, -0.5, 7.25],
			"rotation": {"angle": 22.5, "axis": "z", "origin": [7.45948, 0.125, 8]},
			"faces": {
				"north": {"uv": [2.5, 3.25, 4.75, 3.75], "texture": "#0"},
				"east": {"uv": [2.75, 3.25, 2.5, 3.75], "texture": "#0"},
				"south": {"uv": [4.75, 3.25, 2.5, 3.75], "texture": "#0"},
				"west": {"uv": [4.75, 3.25, 4.5, 3.75], "texture": "#0"},
				"up": {"uv": [2.5, 3.25, 4.75, 3.5], "rotation": 180, "texture": "#0"},
				"down": {"uv": [4.75, 3.5, 2.5, 3.75], "texture": "#0"}
			}
		},
		{
			"from": [6.7594, 0.45585, 7],
			"to": [10.2594, 0.95585, 7.5],
			"rotation": {"angle": -22.5, "axis": "z", "origin": [9.2594, 1.00585, 8]},
			"faces": {
				"north": {"uv": [2.5, 5.25, 4.25, 5.5], "texture": "#0"},
				"east": {"uv": [0, 0, 0, 0], "texture": "#0"},
				"south": {"uv": [4.25, 5.25, 2.5, 5.5], "texture": "#0"},
				"west": {"uv": [4, 5.25, 4.25, 5.5], "texture": "#0"},
				"up": {"uv": [2.5, 5.25, 4.25, 5.5], "rotation": 180, "texture": "#0"},
				"down": {"uv": [4.25, 5.25, 2.5, 5.5], "texture": "#0"}
			}
		},
		{
			"from": [6.7594, 0.45585, 8.5],
			"to": [10.2594, 0.95585, 9],
			"rotation": {"angle": -22.5, "axis": "z", "origin": [9.2594, 1.00585, 8]},
			"faces": {
				"north": {"uv": [2.5, 5.25, 4.25, 5.5], "texture": "#0"},
				"east": {"uv": [0, 0, 0, 0], "texture": "#0"},
				"south": {"uv": [4.25, 5.25, 2.5, 5.5], "texture": "#0"},
				"west": {"uv": [4, 5.25, 4.25, 5.5], "texture": "#0"},
				"up": {"uv": [2.5, 5.25, 4.25, 5.5], "rotation": 180, "texture": "#0"},
				"down": {"uv": [4.25, 5.25, 2.5, 5.5], "texture": "#0"}
			}
		},
		{
			"from": [7.2594, -1.24415, 7],
			"to": [8.7594, -0.74415, 7.5],
			"rotation": {"angle": -22.5, "axis": "z", "origin": [9.2594, 1.00585, 8]},
			"faces": {
				"north": {"uv": [2.5, 5, 3.25, 5.25], "texture": "#0"},
				"east": {"uv": [0, 0, 0, 0], "texture": "#0"},
				"south": {"uv": [3.25, 5, 2.5, 5.25], "texture": "#0"},
				"west": {"uv": [3, 5, 3.25, 5.25], "texture": "#0"},
				"up": {"uv": [2.5, 5, 3.25, 5.25], "rotation": 180, "texture": "#0"},
				"down": {"uv": [3.25, 5, 2.5, 5.25], "texture": "#0"}
			}
		},
		{
			"from": [7.2594, -1.24415, 8.5],
			"to": [8.7594, -0.74415, 9],
			"rotation": {"angle": -22.5, "axis": "z", "origin": [9.2594, 1.00585, 8]},
			"faces": {
				"north": {"uv": [2.5, 5, 3.25, 5.25], "texture": "#0"},
				"east": {"uv": [0, 0, 0, 0], "texture": "#0"},
				"south": {"uv": [3.25, 5, 2.5, 5.25], "texture": "#0"},
				"west": {"uv": [3, 5, 3.25, 5.25], "texture": "#0"},
				"up": {"uv": [2.5, 5, 3.25, 5.25], "rotation": 180, "texture": "#0"},
				"down": {"uv": [3.25, 5, 2.5, 5.25], "texture": "#0"}
			}
		},
		{
			"from": [5.70948, -1.5, 8.75],
			"to": [10.20948, -0.5, 9.25],
			"rotation": {"angle": 22.5, "axis": "z", "origin": [7.45948, 0.125, 8]},
			"faces": {
				"north": {"uv": [2.5, 3.25, 4.75, 3.75], "texture": "#0"},
				"east": {"uv": [2.75, 3.25, 2.5, 3.75], "texture": "#0"},
				"south": {"uv": [4.75, 3.25, 2.5, 3.75], "texture": "#0"},
				"west": {"uv": [4.75, 3.25, 4.5, 3.75], "texture": "#0"},
				"up": {"uv": [2.5, 3.25, 4.75, 3.5], "rotation": 180, "texture": "#0"},
				"down": {"uv": [4.75, 3.5, 2.5, 3.75], "texture": "#0"}
			}
		},
		{
			"from": [9.70948, -1.5, 7.25],
			"to": [10.20948, -0.5, 8.75],
			"rotation": {"angle": 22.5, "axis": "z", "origin": [7.45948, 0.125, 8]},
			"faces": {
				"north": {"uv": [0, 0, 0, 0], "texture": "#0"},
				"east": {"uv": [5.5, 3.25, 4.75, 3.75], "texture": "#0"},
				"south": {"uv": [0, 0, 0, 0], "texture": "#0"},
				"west": {"uv": [5.5, 3.25, 4.75, 3.75], "texture": "#0"},
				"up": {"uv": [4.75, 3.25, 5, 3.5], "rotation": 90, "texture": "#0"},
				"down": {"uv": [5, 3.5, 4.75, 3.75], "rotation": 270, "texture": "#0"}
			}
		},
		{
			"from": [5.85948, -0.5, 8.25],
			"to": [6.85948, 0.5, 8.75],
			"rotation": {"angle": 22.5, "axis": "y", "origin": [6.85948, 0, 8.25]},
			"faces": {
				"north": {"uv": [5, 0.75, 5.5, 1.25], "texture": "#0"},
				"east": {"uv": [0, 0, 0, 0], "texture": "#0"},
				"south": {"uv": [5.5, 0.75, 5, 1.25], "texture": "#0"},
				"west": {"uv": [5.5, 0.75, 5.25, 1.25], "texture": "#0"},
				"up": {"uv": [5, 0.75, 5.5, 1], "rotation": 90, "texture": "#0"},
				"down": {"uv": [5.5, 1, 5, 1.25], "texture": "#0"}
			}
		},
		{
			"from": [5.85948, -1, 8.25],
			"to": [6.35948, -0.5, 8.75],
			"rotation": {"angle": 22.5, "axis": "y", "origin": [6.85948, 0, 8.25]},
			"faces": {
				"north": {"uv": [5.5, 1.25, 5.25, 1.5], "texture": "#0"},
				"east": {"uv": [5.5, 1.25, 5.25, 1.5], "texture": "#0"},
				"south": {"uv": [5.5, 1.25, 5.25, 1.5], "texture": "#0"},
				"west": {"uv": [0, 0, 0, 0], "texture": "#0"},
				"up": {"uv": [0, 0, 0, 0], "rotation": 90, "texture": "#0"},
				"down": {"uv": [5.25, 1.5, 5.5, 1.25], "rotation": 270, "texture": "#0"}
			}
		},
		{
			"from": [5.35948, -1.5, 8.25],
			"to": [5.85948, 0, 8.75],
			"rotation": {"angle": 22.5, "axis": "y", "origin": [6.85948, 0, 8.25]},
			"faces": {
				"north": {"uv": [5.75, 1, 5.5, 1.75], "texture": "#0"},
				"east": {"uv": [5.75, 1, 5.5, 1.75], "texture": "#0"},
				"south": {"uv": [5.75, 1, 5.5, 1.75], "texture": "#0"},
				"west": {"uv": [5.75, 1, 5.5, 1.75], "texture": "#0"},
				"up": {"uv": [5.5, 1.25, 5.75, 1], "rotation": 90, "texture": "#0"},
				"down": {"uv": [5.5, 1.75, 5.75, 1.5], "rotation": 270, "texture": "#0"}
			}
		},
		{
			"from": [5.85948, -0.5, 7.25],
			"to": [6.85948, 0.5, 7.75],
			"rotation": {"angle": -22.5, "axis": "y", "origin": [6.85948, 0, 7.75]},
			"faces": {
				"north": {"uv": [5, 0.75, 5.5, 1.25], "texture": "#0"},
				"east": {"uv": [0, 0, 0, 0], "texture": "#0"},
				"south": {"uv": [5.5, 0.75, 5, 1.25], "texture": "#0"},
				"west": {"uv": [5.5, 0.75, 5.25, 1.25], "texture": "#0"},
				"up": {"uv": [5, 1, 5.5, 0.75], "rotation": 90, "texture": "#0"},
				"down": {"uv": [5, 0.75, 5.25, 1.25], "rotation": 270, "texture": "#0"}
			}
		},
		{
			"from": [5.85948, -1, 7.25],
			"to": [6.35948, -0.5, 7.75],
			"rotation": {"angle": -22.5, "axis": "y", "origin": [6.85948, 0, 7.75]},
			"faces": {
				"north": {"uv": [5.5, 1.5, 5.25, 1.25], "texture": "#0"},
				"east": {"uv": [5.5, 1.5, 5.25, 1.25], "texture": "#0"},
				"south": {"uv": [5.5, 1.5, 5.25, 1.25], "texture": "#0"},
				"west": {"uv": [0, 0, 0, 0], "texture": "#0"},
				"up": {"uv": [0, 0, 0, 0], "rotation": 90, "texture": "#0"},
				"down": {"uv": [5.25, 1.25, 5.5, 1.5], "rotation": 270, "texture": "#0"}
			}
		},
		{
			"from": [5.35948, -1.5, 7.25],
			"to": [5.85948, 0, 7.75],
			"rotation": {"angle": -22.5, "axis": "y", "origin": [6.85948, 0, 7.75]},
			"faces": {
				"north": {"uv": [5.75, 1, 5.5, 1.75], "texture": "#0"},
				"east": {"uv": [5.75, 1, 5.5, 1.75], "texture": "#0"},
				"south": {"uv": [5.75, 1, 5.5, 1.75], "texture": "#0"},
				"west": {"uv": [5.75, 1, 5.5, 1.75], "texture": "#0"},
				"up": {"uv": [5.5, 1, 5.75, 1.25], "rotation": 90, "texture": "#0"},
				"down": {"uv": [5.5, 1.5, 5.75, 1.75], "rotation": 270, "texture": "#0"}
			}
		},
		{
			"from": [6.45948, 1, 7.5],
			"to": [7.45948, 2.5, 8.5],
			"rotation": {"angle": 0, "axis": "y", "origin": [15.45948, 0, 0]},
			"faces": {
				"north": {"uv": [3, 4.25, 2.5, 5], "texture": "#0"},
				"east": {"uv": [3.5, 4.25, 3, 5], "texture": "#0"},
				"south": {"uv": [3, 4.25, 3.5, 5], "texture": "#0"},
				"west": {"uv": [2.5, 4.25, 3, 5], "texture": "#0"},
				"up": {"uv": [3, 3.75, 3.5, 4.25], "rotation": 90, "texture": "#0"},
				"down": {"uv": [2.5, 3.75, 3, 4.25], "rotation": 270, "texture": "#0"}
			}
		},
		{
			"from": [6.95948, -0.5, 7.25],
			"to": [9.95948, 1, 8.75],
			"rotation": {"angle": 0, "axis": "y", "origin": [15.45948, 0, 0]},
			"faces": {
				"north": {"uv": [4.75, 3.25, 3.25, 2.5], "texture": "#0"},
				"east": {"uv": [3.25, 3.25, 2.5, 2.5], "texture": "#0"},
				"south": {"uv": [3.25, 3.25, 4.75, 2.5], "texture": "#0"},
				"west": {"uv": [5.5, 3.25, 4.75, 2.5], "texture": "#0"},
				"up": {"uv": [6.25, 2.5, 4.75, 1.75], "rotation": 180, "texture": "#0"},
				"down": {"uv": [4.75, 2.5, 3.25, 1.75], "texture": "#0"}
			}
		},
		{
			"from": [7.70948, 1, 7.75],
			"to": [9.70948, 1.5, 8.25],
			"rotation": {"angle": 0, "axis": "y", "origin": [15.45948, 0, 0]},
			"faces": {
				"north": {"uv": [6.5, 3, 5.5, 3.25], "texture": "#0"},
				"east": {"uv": [6.5, 3, 6.25, 3.25], "texture": "#0"},
				"south": {"uv": [5.5, 3, 6.5, 3.25], "texture": "#0"},
				"west": {"uv": [5.75, 3, 5.5, 3.25], "texture": "#0"},
				"up": {"uv": [6.5, 3.25, 5.5, 3], "rotation": 180, "texture": "#0"},
				"down": {"uv": [0, 0, 0, 0], "texture": "#0"}
			}
		},
		{
			"from": [7.70948, 2, 7.75],
			"to": [9.70948, 2.5, 8.25],
			"rotation": {"angle": 0, "axis": "y", "origin": [15.45948, 0, 0]},
			"faces": {
				"north": {"uv": [6.5, 2.5, 5.5, 2.75], "texture": "#0"},
				"east": {"uv": [6.5, 2.5, 6.25, 2.75], "texture": "#0"},
				"south": {"uv": [5.5, 2.5, 6.5, 2.75], "texture": "#0"},
				"west": {"uv": [5.75, 2.5, 5.5, 2.75], "texture": "#0"},
				"up": {"uv": [0, 0, 0, 0], "rotation": 90, "texture": "#0"},
				"down": {"uv": [5.5, 2.5, 6.5, 2.75], "rotation": 270, "texture": "#0"}
			}
		},
		{
			"from": [8.20948, 1.5, 7.75],
			"to": [9.70948, 2, 8.25],
			"rotation": {"angle": 0, "axis": "y", "origin": [15.45948, 0, 0]},
			"faces": {
				"north": {"uv": [6.5, 2.75, 5.75, 3], "texture": "#0"},
				"east": {"uv": [6.5, 2.75, 6.25, 3], "texture": "#0"},
				"south": {"uv": [5.75, 2.75, 6.5, 3], "texture": "#0"},
				"west": {"uv": [6, 2.75, 5.75, 3], "texture": "#0"},
				"up": {"uv": [0, 0, 0, 0], "rotation": 180, "texture": "#0"},
				"down": {"uv": [0, 0, 0, 0], "texture": "#0"}
			}
		},
		{
			"from": [6.67508, 1.81337, 7.5],
			"to": [10.67508, 2.31337, 8.5],
			"rotation": {"angle": -22.5, "axis": "z", "origin": [9.17508, 2.06337, 8]},
			"faces": {
				"north": {"uv": [6.25, 0.5, 4.25, 0.75], "texture": "#0"},
				"east": {"uv": [4.5, 0.5, 4.25, 0.75], "texture": "#0"},
				"south": {"uv": [6.25, 0.5, 4.25, 0.75], "texture": "#0"},
				"west": {"uv": [6.25, 0.5, 6, 0.75], "texture": "#0"},
				"up": {"uv": [4.25, 0.5, 6.25, 0], "rotation": 180, "texture": "#0"},
				"down": {"uv": [4.25, 0.75, 6.25, 0.5], "texture": "#0"}
			}
		},
		{
			"from": [5.95948, -0.75, 7.75],
			"to": [6.95948, 0.25, 8.25],
			"rotation": {"angle": 0, "axis": "y", "origin": [15.45948, 0, 0]},
			"faces": {
				"north": {"uv": [5.75, 0.75, 6.25, 1.25], "texture": "#0"},
				"east": {"uv": [0, 0, 0, 0], "texture": "#0"},
				"south": {"uv": [6.25, 0.75, 5.75, 1.25], "texture": "#0"},
				"west": {"uv": [6, 0.75, 6.25, 1.25], "texture": "#0"},
				"up": {"uv": [5.75, 0.75, 6, 1], "rotation": 90, "texture": "#0"},
				"down": {"uv": [6.25, 1, 5.75, 1.25], "texture": "#0"}
			}
		}
	],
	"display": {
		"thirdperson_righthand": {
			"rotation": [67.5, 180, 157.5],
			"translation": [-6.5, -8.75, 15],
			"scale": [2, 2, 2]
		},
		"thirdperson_lefthand": {
			"rotation": [67.5, 180, -157.5],
			"translation": [-4.5, -8.75, 15],
			"scale": [2, 2, 2]
		},
		"firstperson_righthand": {
			"rotation": [-10, 90, 0],
			"translation": [0, 8, 0]
		},
		"firstperson_lefthand": {
			"rotation": [-10, -90, 0],
			"translation": [0, 8, 0]
		},
		"ground": {
			"rotation": [-7.66, -35.67, 28.8],
			"translation": [0, 6, 0]
		},
		"gui": {
			"rotation": [38.37, 63.5, -54.61],
			"translation": [1.5, 0.75, 0]
		},
		"fixed": {
			"rotation": [0, 90, 0]
		}
	},
	"groups": [
		0,
		{
			"name": "group",
			"origin": [8, 3.75, 9],
			"color": 0,
			"children": [
				{
					"name": "group",
					"origin": [8, 3.75, 9],
					"color": 0,
					"children": [1, 2, 3]
				},
				{
					"name": "group",
					"origin": [8, 3.75, 9],
					"color": 0,
					"children": [4, 5, 6]
				},
				7,
				8,
				9,
				10
			]
		},
		{
			"name": "handguard",
			"origin": [0, 0, 0],
			"color": 0,
			"children": [11, 12, 13, 14, 15, 16, 17]
		},
		{
			"name": "horns",
			"origin": [7.75, 1, 7],
			"color": 0,
			"children": [18, 19, 20, 21, 22, 23]
		},
		24,
		25,
		26,
		27,
		28,
		29,
		30
	]
}