{
	"credit": "Made by Raycifer",
	"textures": {
		"0": "./beacon_of_the_reed_sea"
	},
	"elements": [
		{
			"from": [5.75, 7.25, 7.5],
			"to": [10.25, 23.25, 8.5],
			"rotation": {"angle": 0, "axis": "y", "origin": [5.75, 0, 7.5]},
			"faces": {
				"north": {"uv": [5, 0, 0.5, 16], "texture": "#0"},
				"east": {"uv": [4.5, 0, 5, 16], "texture": "#0"},
				"south": {"uv": [0.5, 0, 5, 16], "texture": "#0"},
				"west": {"uv": [0.5, 0, 1, 16], "texture": "#0"},
				"up": {"uv": [0, 0, 0, 0], "texture": "#0"},
				"down": {"uv": [0, 0, 0, 0], "texture": "#0"}
			}
		},
		{
			"from": [5.75, 5.25, 7.5],
			"to": [10.25, 7.25, 8.5],
			"rotation": {"angle": 0, "axis": "y", "origin": [5.75, 0, 7.5]},
			"faces": {
				"north": {"uv": [5, 0, 9.5, 2], "texture": "#0"},
				"east": {"uv": [5, 0, 5.5, 2], "texture": "#0"},
				"south": {"uv": [5, 0, 9.5, 2], "texture": "#0"},
				"west": {"uv": [9, 0, 9.5, 2], "texture": "#0"},
				"up": {"uv": [0, 0, 0, 0], "texture": "#0"},
				"down": {"uv": [0, 0, 0, 0], "texture": "#0"}
			}
		},
		{
			"from": [5.25, 23.25, 7.5],
			"to": [10.75, 24.75, 8.5],
			"rotation": {"angle": 0, "axis": "y", "origin": [5.25, 0, 7.25]},
			"faces": {
				"north": {"uv": [10.5, 2, 5, 3.5], "texture": "#0"},
				"east": {"uv": [10, 2, 10.5, 3.5], "texture": "#0"},
				"south": {"uv": [5, 2, 10.5, 3.5], "texture": "#0"},
				"west": {"uv": [5, 2, 5.5, 3.5], "texture": "#0"},
				"up": {"uv": [5, 2, 10.5, 2.5], "texture": "#0"},
				"down": {"uv": [5, 3, 10.5, 3.5], "texture": "#0"}
			}
		},
		{
			"from": [7.25, -4.5, 7.5],
			"to": [8.75, 0, 8.5],
			"rotation": {"angle": 0, "axis": "y", "origin": [7.25, 0, 7.5]},
			"faces": {
				"north": {"uv": [6.5, 4.5, 5, 9], "texture": "#0"},
				"east": {"uv": [6, 4.5, 6.5, 9], "texture": "#0"},
				"south": {"uv": [5, 4.5, 6.5, 9], "texture": "#0"},
				"west": {"uv": [5, 4.5, 5.5, 9], "texture": "#0"},
				"up": {"uv": [0, 0, 0, 0], "texture": "#0"},
				"down": {"uv": [0, 0, 0, 0], "texture": "#0"}
			}
		},
		{
			"from": [6.75, -5.5, 7.5],
			"to": [9.25, -4.5, 8.5],
			"rotation": {"angle": 0, "axis": "y", "origin": [7.5, 0, 7.5]},
			"faces": {
				"north": {"uv": [7.5, 3.5, 5, 4.5], "texture": "#0"},
				"east": {"uv": [7, 3.5, 7.5, 4.5], "texture": "#0"},
				"south": {"uv": [5, 3.5, 7.5, 4.5], "texture": "#0"},
				"west": {"uv": [5, 3.5, 5.5, 4.5], "texture": "#0"},
				"up": {"uv": [5, 3.5, 7.5, 4], "texture": "#0"},
				"down": {"uv": [5, 4, 7.5, 4.5], "texture": "#0"}
			}
		},
		{
			"from": [7.25, -0.25, 7.25],
			"to": [9.25, 1.75, 8.75],
			"rotation": {"angle": 45, "axis": "z", "origin": [8, 0.5, 8]},
			"faces": {
				"north": {"uv": [8.5, 5, 6.5, 7], "texture": "#0"},
				"east": {"uv": [8, 5, 8.5, 7], "texture": "#0"},
				"south": {"uv": [6.5, 5, 8.5, 7], "texture": "#0"},
				"west": {"uv": [6.5, 5, 7, 7], "texture": "#0"},
				"up": {"uv": [6.5, 5, 8.5, 5.5], "texture": "#0"},
				"down": {"uv": [6.5, 6.5, 8.5, 7], "texture": "#0"}
			}
		},
		{
			"from": [7.5, 1.75, 7],
			"to": [8.5, 4.25, 9],
			"rotation": {"angle": 0, "axis": "y", "origin": [7.5, 0, 7.5]},
			"faces": {
				"north": {"uv": [14.5, 0, 13.5, 2.5], "texture": "#0"},
				"east": {"uv": [14, 0, 14.5, 2.5], "texture": "#0"},
				"south": {"uv": [13.5, 0, 14.5, 2.5], "texture": "#0"},
				"west": {"uv": [13.5, 0, 14, 2.5], "texture": "#0"},
				"up": {"uv": [0, 0, 0, 0], "texture": "#0"},
				"down": {"uv": [13.5, 2, 14.5, 2.5], "texture": "#0"}
			}
		},
		{
			"from": [6, 4.25, 7],
			"to": [10, 5.25, 9],
			"rotation": {"angle": 0, "axis": "y", "origin": [7.5, 0, 7.5]},
			"faces": {
				"north": {"uv": [13.5, 0, 9.5, 1], "texture": "#0"},
				"east": {"uv": [13, 0, 13.5, 1], "texture": "#0"},
				"south": {"uv": [9.5, 0, 13.5, 1], "texture": "#0"},
				"west": {"uv": [9.5, 0, 10, 1], "texture": "#0"},
				"up": {"uv": [9.5, 0, 13.5, 0.5], "texture": "#0"},
				"down": {"uv": [9.5, 0.5, 13.5, 1], "texture": "#0"}
			}
		},
		{
			"from": [4.25, 1.5, 7.75],
			"to": [7.75, 3, 8.25],
			"rotation": {"angle": -45, "axis": "z", "origin": [7, 2.25, 8]},
			"faces": {
				"north": {"uv": [11, 3.5, 7.5, 5], "texture": "#0"},
				"east": {"uv": [0, 0, 0, 0], "texture": "#0"},
				"south": {"uv": [7.5, 3.5, 11, 5], "texture": "#0"},
				"west": {"uv": [0, 0, 0, 0], "texture": "#0"},
				"up": {"uv": [7.5, 3.5, 11, 4], "texture": "#0"},
				"down": {"uv": [7.5, 4.5, 11, 5], "texture": "#0"}
			}
		},
		{
			"from": [7.25, 1.91421, 7.75],
			"to": [8.75, 5.41421, 8.25],
			"rotation": {"angle": -45, "axis": "z", "origin": [8, 1.25, 8]},
			"faces": {
				"north": {"uv": [11, 5, 7.5, 3.5], "rotation": 270, "texture": "#0"},
				"east": {"uv": [7.5, 4.5, 11, 5], "rotation": 90, "texture": "#0"},
				"south": {"uv": [7.5, 5, 11, 3.5], "rotation": 90, "texture": "#0"},
				"west": {"uv": [7.5, 3.5, 11, 4], "rotation": 90, "texture": "#0"},
				"up": {"uv": [0, 0, 0, 0], "texture": "#0"},
				"down": {"uv": [0, 0, 0, 0], "texture": "#0"}
			}
		},
		{
			"from": [3.25, 4.25, 7.5],
			"to": [6.25, 4.75, 8.5],
			"rotation": {"angle": 0, "axis": "y", "origin": [5.25, 0, 7.5]},
			"faces": {
				"north": {"uv": [8, 10, 5, 10.5], "texture": "#0"},
				"east": {"uv": [0, 1, 0, 1], "texture": "#0"},
				"south": {"uv": [5, 10, 8, 10.5], "texture": "#0"},
				"west": {"uv": [5, 10, 5.5, 10.5], "texture": "#0"},
				"up": {"uv": [5, 10, 8, 10.5], "texture": "#0"},
				"down": {"uv": [5, 10, 8, 10.5], "texture": "#0"}
			}
		},
		{
			"from": [9.75, 4.25, 7.5],
			"to": [12.75, 4.75, 8.5],
			"rotation": {"angle": 0, "axis": "y", "origin": [5.25, 0, 7.5]},
			"faces": {
				"north": {"uv": [11, 10, 8, 10.5], "texture": "#0"},
				"east": {"uv": [10.5, 10, 11, 10.5], "texture": "#0"},
				"south": {"uv": [8, 10, 11, 10.5], "texture": "#0"},
				"west": {"uv": [0, 0, 0, 0], "texture": "#0"},
				"up": {"uv": [8, 10, 11, 10.5], "texture": "#0"},
				"down": {"uv": [8, 10, 11, 10.5], "texture": "#0"}
			}
		},
		{
			"from": [3.75, 3.75, 7.5],
			"to": [6.25, 4.25, 8.5],
			"rotation": {"angle": 0, "axis": "y", "origin": [5.25, 0, 7.5]},
			"faces": {
				"north": {"uv": [8, 10.5, 5.5, 11], "texture": "#0"},
				"east": {"uv": [7.5, 10.5, 8, 11], "texture": "#0"},
				"south": {"uv": [5.5, 10.5, 8, 11], "texture": "#0"},
				"west": {"uv": [5.5, 10.5, 6, 11], "texture": "#0"},
				"up": {"uv": [0, 0, 0, 0], "texture": "#0"},
				"down": {"uv": [5.5, 10.5, 8, 11], "texture": "#0"}
			}
		},
		{
			"from": [3.75, 4.75, 7.5],
			"to": [6.25, 5.25, 8.5],
			"rotation": {"angle": 0, "axis": "y", "origin": [5.25, 0, 7.5]},
			"faces": {
				"north": {"uv": [8, 9.5, 5.5, 10], "texture": "#0"},
				"east": {"uv": [0, 0, 0, 0], "texture": "#0"},
				"south": {"uv": [5.5, 9.5, 8, 10], "texture": "#0"},
				"west": {"uv": [5.5, 9.5, 6, 10], "texture": "#0"},
				"up": {"uv": [0, 0, 0, 0], "texture": "#0"},
				"down": {"uv": [0, 0, 0, 0], "texture": "#0"}
			}
		},
		{
			"from": [3.25, 5.25, 7.5],
			"to": [5.75, 5.75, 8.5],
			"rotation": {"angle": 0, "axis": "y", "origin": [5.25, 0, 7.5]},
			"faces": {
				"north": {"uv": [7.5, 9, 5, 9.5], "texture": "#0"},
				"east": {"uv": [0, 0, 0, 0], "texture": "#0"},
				"south": {"uv": [5, 9, 7.5, 9.5], "texture": "#0"},
				"west": {"uv": [5, 9, 5.5, 9.5], "texture": "#0"},
				"up": {"uv": [5, 9, 7.5, 9.5], "texture": "#0"},
				"down": {"uv": [5, 9, 7.5, 9.5], "texture": "#0"}
			}
		},
		{
			"from": [9.75, 3.75, 7.5],
			"to": [12.25, 4.25, 8.5],
			"rotation": {"angle": 0, "axis": "y", "origin": [5.25, 0, 7.5]},
			"faces": {
				"north": {"uv": [10.5, 10.5, 8, 11], "texture": "#0"},
				"east": {"uv": [10, 10.5, 10.5, 11], "texture": "#0"},
				"south": {"uv": [8, 10.5, 10.5, 11], "texture": "#0"},
				"west": {"uv": [8, 10.5, 8.5, 11], "texture": "#0"},
				"up": {"uv": [0, 0, 0, 0], "texture": "#0"},
				"down": {"uv": [8, 10.5, 10.5, 11], "texture": "#0"}
			}
		},
		{
			"from": [9.75, 4.75, 7.5],
			"to": [12.25, 5.25, 8.5],
			"rotation": {"angle": 0, "axis": "y", "origin": [5.25, 0, 7.5]},
			"faces": {
				"north": {"uv": [10.5, 9.5, 8, 10], "texture": "#0"},
				"east": {"uv": [10, 9.5, 10.5, 10], "texture": "#0"},
				"south": {"uv": [8, 9.5, 10.5, 10], "texture": "#0"},
				"west": {"uv": [0, 0, 0, 0], "texture": "#0"},
				"up": {"uv": [0, 0, 0, 0], "texture": "#0"},
				"down": {"uv": [0, 0, 0, 0], "texture": "#0"}
			}
		},
		{
			"from": [10.25, 5.25, 7.5],
			"to": [12.75, 5.75, 8.5],
			"rotation": {"angle": 0, "axis": "y", "origin": [5.25, 0, 7.5]},
			"faces": {
				"north": {"uv": [11, 9, 8.5, 9.5], "texture": "#0"},
				"east": {"uv": [10.5, 9, 11, 9.5], "texture": "#0"},
				"south": {"uv": [8.5, 9, 11, 9.5], "texture": "#0"},
				"west": {"uv": [0, 0, 0, 0], "texture": "#0"},
				"up": {"uv": [8.5, 9, 11, 9.5], "texture": "#0"},
				"down": {"uv": [8.5, 9, 11, 9.5], "texture": "#0"}
			}
		},
		{
			"from": [4.25, 3.25, 7.5],
			"to": [6.25, 3.75, 8.5],
			"rotation": {"angle": 0, "axis": "y", "origin": [5.25, 0, 7.5]},
			"faces": {
				"north": {"uv": [8, 11, 6, 11.5], "texture": "#0"},
				"east": {"uv": [7.5, 11, 8, 11.5], "texture": "#0"},
				"south": {"uv": [6, 11, 8, 11.5], "texture": "#0"},
				"west": {"uv": [6, 11, 6.5, 11.5], "texture": "#0"},
				"up": {"uv": [0, 0, 0, 0], "texture": "#0"},
				"down": {"uv": [6, 11, 8, 11.5], "texture": "#0"}
			}
		},
		{
			"from": [9.75, 3.25, 7.5],
			"to": [11.75, 3.75, 8.5],
			"rotation": {"angle": 0, "axis": "y", "origin": [5.25, 0, 7.5]},
			"faces": {
				"north": {"uv": [10, 11, 8, 11.5], "texture": "#0"},
				"east": {"uv": [9.5, 11, 10, 11.5], "texture": "#0"},
				"south": {"uv": [8, 11, 10, 11.5], "texture": "#0"},
				"west": {"uv": [8, 11, 8.5, 11.5], "texture": "#0"},
				"up": {"uv": [0, 0, 0, 0], "texture": "#0"},
				"down": {"uv": [8, 11, 10, 11.5], "texture": "#0"}
			}
		}
	],
	"display": {
		"thirdperson_righthand": {
			"rotation": [67.5, 180, 157.5],
			"translation": [-8.75, -6.25, 21.25],
			"scale": [2, 2, 2]
		},
		"thirdperson_lefthand": {
			"rotation": [67.5, 180, -157.5],
			"translation": [-2.25, -6.25, 21.25],
			"scale": [2, 2, 2]
		},
		"firstperson_righthand": {
			"rotation": [0, -90, 0],
			"translation": [9, 0, -9],
			"scale": [2, 2, 2]
		},
		"firstperson_lefthand": {
			"rotation": [0, 90, 0],
			"translation": [9, 0, -9],
			"scale": [2, 2, 2]
		},
		"ground": {
			"rotation": [45, -45, 45],
			"translation": [0, 8.25, 0]
		},
		"gui": {
			"rotation": [-20, 160, 30],
			"translation": [-1, 0, 0]
		}
	}
}